institution,label,count,feature_combination,program,education_level,accreditation_status,graduation_predicate,faculty_program_name
PMKM,0,116,institution,,,,,
PMKM,1,116,institution,,,,,
UHN,0,746,institution,,,,,
UHN,1,746,institution,,,,,
,0,100,program,Akuntansi,,,,
,1,137,program,Akuntansi,,,,
,0,10,program,Akuntansi Sektor Publik,,,,
,1,13,program,Akuntansi Sektor Publik,,,,
,0,169,program,Analis Kesehatan,,,,
,1,58,program,Analis Kesehatan,,,,
,0,39,program,Desain Komunikasi Visual,,,,
,1,50,program,Desain Komunikasi Visual,,,,
,0,114,program,Farmasi,,,,
,1,173,program,Farmasi,,,,
,0,12,program,Kebidanan,,,,
,1,14,program,Kebidanan,,,,
,0,33,program,Keperawatan,,,,
,1,46,program,Keperawatan,,,,
,0,126,program,Manajemen Informatika,,,,
,1,12,program,Manajemen Informatika,,,,
,0,8,program,Perhotelan,,,,
,1,10,program,Perhotelan,,,,
,0,8,program,Sistem Informasi,,,,
,1,7,program,Sistem Informasi,,,,
,0,17,program,Teknik Elektronika,,,,
,1,21,program,Teknik Elektronika,,,,
,0,85,program,Teknik Informatika,,,,
,1,118,program,Teknik Informatika,,,,
,0,108,program,Teknik Komputer,,,,
,1,156,program,Teknik Komputer,,,,
,0,33,program,Teknik Mesin,,,,
,1,47,program,Teknik Mesin,,,,
,0,173,education_level,,Diploma 3,,,
,1,116,education_level,,Diploma 3,,,
,0,436,education_level,,Diploma Tiga,,,
,1,608,education_level,,Diploma Tiga,,,
,0,109,education_level,,Sarjana,,,
,1,43,education_level,,Sarjana,,,
,0,144,education_level,,Sarjana Terapan,,,
,1,95,education_level,,Sarjana Terapan,,,
,0,284,accreditation_status,,,Baik,,
,1,278,accreditation_status,,,Baik,,
,0,425,accreditation_status,,,Baik Sekali,,
,1,563,accreditation_status,,,Baik Sekali,,
,0,153,accreditation_status,,,Terakreditasi,,
,1,21,accreditation_status,,,Terakreditasi,,
,0,453,graduation_predicate,,,,Dengan Pujian,
,1,453,graduation_predicate,,,,Dengan Pujian,
,0,3,graduation_predicate,,,,Memuaskan,
,1,3,graduation_predicate,,,,Memuaskan,
,0,290,graduation_predicate,,,,Sangat Memuaskan,
,1,290,graduation_predicate,,,,Sangat Memuaskan,
,0,116,graduation_predicate,,,,__MISSING__,
,1,116,graduation_predicate,,,,__MISSING__,
,0,7,faculty_program_name,,,,,Fakultas Sains dan Teknologi/S1 Sistem Informasi
,1,7,faculty_program_name,,,,,Fakultas Sains dan Teknologi/S1 Sistem Informasi
,0,36,faculty_program_name,,,,,Fakultas Sains dan Teknologi/S1 Teknik Informatika
,1,36,faculty_program_name,,,,,Fakultas Sains dan Teknologi/S1 Teknik Informatika
,0,137,faculty_program_name,,,,,Sekolah Vokasi/D3 Akuntansi
,1,137,faculty_program_name,,,,,Sekolah Vokasi/D3 Akuntansi
,0,50,faculty_program_name,,,,,Sekolah Vokasi/D3 Desain Komunikasi Visual
,1,50,faculty_program_name,,,,,Sekolah Vokasi/D3 Desain Komunikasi Visual
,0,127,faculty_program_name,,,,,Sekolah Vokasi/D3 Farmasi
,1,127,faculty_program_name,,,,,Sekolah Vokasi/D3 Farmasi
,0,14,faculty_program_name,,,,,Sekolah Vokasi/D3 Kebidanan
,1,14,faculty_program_name,,,,,Sekolah Vokasi/D3 Kebidanan
,0,46,faculty_program_name,,,,,Sekolah Vokasi/D3 Keperawatan
,1,46,faculty_program_name,,,,,Sekolah Vokasi/D3 Keperawatan
,0,10,faculty_program_name,,,,,Sekolah Vokasi/D3 Perhotelan
,1,10,faculty_program_name,,,,,Sekolah Vokasi/D3 Perhotelan
,0,21,faculty_program_name,,,,,Sekolah Vokasi/D3 Teknik Elektronika
,1,21,faculty_program_name,,,,,Sekolah Vokasi/D3 Teknik Elektronika
,0,156,faculty_program_name,,,,,Sekolah Vokasi/D3 Teknik Komputer
,1,156,faculty_program_name,,,,,Sekolah Vokasi/D3 Teknik Komputer
,0,47,faculty_program_name,,,,,Sekolah Vokasi/D3 Teknik Mesin
,1,47,faculty_program_name,,,,,Sekolah Vokasi/D3 Teknik Mesin
,0,13,faculty_program_name,,,,,Sekolah Vokasi/D4 Akuntansi Sektor Publik
,1,13,faculty_program_name,,,,,Sekolah Vokasi/D4 Akuntansi Sektor Publik
,0,82,faculty_program_name,,,,,Sekolah Vokasi/D4 Teknik Informatika
,1,82,faculty_program_name,,,,,Sekolah Vokasi/D4 Teknik Informatika
,0,116,faculty_program_name,,,,,__MISSING__
,1,116,faculty_program_name,,,,,__MISSING__
PMKM,0,8,institution + program,Akuntansi,,,,
PMKM,0,1,institution + program,Akuntansi Sektor Publik,,,,
PMKM,0,39,institution + program,Analis Kesehatan,,,,
PMKM,1,58,institution + program,Analis Kesehatan,,,,
PMKM,0,6,institution + program,Desain Komunikasi Visual,,,,
PMKM,0,30,institution + program,Farmasi,,,,
PMKM,1,46,institution + program,Farmasi,,,,
PMKM,0,3,institution + program,Kebidanan,,,,
PMKM,0,2,institution + program,Keperawatan,,,,
PMKM,0,8,institution + program,Manajemen Informatika,,,,
PMKM,1,12,institution + program,Manajemen Informatika,,,,
PMKM,0,1,institution + program,Perhotelan,,,,
PMKM,0,3,institution + program,Sistem Informasi,,,,
PMKM,0,3,institution + program,Teknik Elektronika,,,,
PMKM,0,6,institution + program,Teknik Informatika,,,,
PMKM,0,4,institution + program,Teknik Komputer,,,,
PMKM,0,2,institution + program,Teknik Mesin,,,,
UHN,0,92,institution + program,Akuntansi,,,,
UHN,1,137,institution + program,Akuntansi,,,,
UHN,0,9,institution + program,Akuntansi Sektor Publik,,,,
UHN,1,13,institution + program,Akuntansi Sektor Publik,,,,
UHN,0,130,institution + program,Analis Kesehatan,,,,
UHN,0,33,institution + program,Desain Komunikasi Visual,,,,
UHN,1,50,institution + program,Desain Komunikasi Visual,,,,
UHN,0,84,institution + program,Farmasi,,,,
UHN,1,127,institution + program,Farmasi,,,,
UHN,0,9,institution + program,Kebidanan,,,,
UHN,1,14,institution + program,Kebidanan,,,,
UHN,0,31,institution + program,Keperawatan,,,,
UHN,1,46,institution + program,Keperawatan,,,,
UHN,0,118,institution + program,Manajemen Informatika,,,,
UHN,0,7,institution + program,Perhotelan,,,,
UHN,1,10,institution + program,Perhotelan,,,,
UHN,0,5,institution + program,Sistem Informasi,,,,
UHN,1,7,institution + program,Sistem Informasi,,,,
UHN,0,14,institution + program,Teknik Elektronika,,,,
UHN,1,21,institution + program,Teknik Elektronika,,,,
UHN,0,79,institution + program,Teknik Informatika,,,,
UHN,1,118,institution + program,Teknik Informatika,,,,
UHN,0,104,institution + program,Teknik Komputer,,,,
UHN,1,156,institution + program,Teknik Komputer,,,,
UHN,0,31,institution + program,Teknik Mesin,,,,
UHN,1,47,institution + program,Teknik Mesin,,,,
PMKM,0,78,institution + education_level,,Diploma 3,,,
PMKM,1,116,institution + education_level,,Diploma 3,,,
PMKM,0,9,institution + education_level,,Diploma Tiga,,,
PMKM,0,16,institution + education_level,,Sarjana,,,
PMKM,0,13,institution + education_level,,Sarjana Terapan,,,
UHN,0,95,institution + education_level,,Diploma 3,,,
UHN,0,427,institution + education_level,,Diploma Tiga,,,
UHN,1,608,institution + education_level,,Diploma Tiga,,,
UHN,0,93,institution + education_level,,Sarjana,,,
UHN,1,43,institution + education_level,,Sarjana,,,
UHN,0,131,institution + education_level,,Sarjana Terapan,,,
UHN,1,95,institution + education_level,,Sarjana Terapan,,,
PMKM,0,77,institution + accreditation_status,,,Baik,,
PMKM,1,116,institution + accreditation_status,,,Baik,,
PMKM,0,21,institution + accreditation_status,,,Baik Sekali,,
PMKM,0,18,institution + accreditation_status,,,Terakreditasi,,
UHN,0,207,institution + accreditation_status,,,Baik,,
UHN,1,162,institution + accreditation_status,,,Baik,,
UHN,0,404,institution + accreditation_status,,,Baik Sekali,,
UHN,1,563,institution + accreditation_status,,,Baik Sekali,,
UHN,0,135,institution + accreditation_status,,,Terakreditasi,,
UHN,1,21,institution + accreditation_status,,,Terakreditasi,,
PMKM,0,116,institution + graduation_predicate,,,,__MISSING__,
PMKM,1,116,institution + graduation_predicate,,,,__MISSING__,
UHN,0,453,institution + graduation_predicate,,,,Dengan Pujian,
UHN,1,453,institution + graduation_predicate,,,,Dengan Pujian,
UHN,0,3,institution + graduation_predicate,,,,Memuaskan,
UHN,1,3,institution + graduation_predicate,,,,Memuaskan,
UHN,0,290,institution + graduation_predicate,,,,Sangat Memuaskan,
UHN,1,290,institution + graduation_predicate,,,,Sangat Memuaskan,
PMKM,0,116,institution + faculty_program_name,,,,,__MISSING__
PMKM,1,116,institution + faculty_program_name,,,,,__MISSING__
UHN,0,7,institution + faculty_program_name,,,,,Fakultas Sains dan Teknologi/S1 Sistem Informasi
UHN,1,7,institution + faculty_program_name,,,,,Fakultas Sains dan Teknologi/S1 Sistem Informasi
UHN,0,36,institution + faculty_program_name,,,,,Fakultas Sains dan Teknologi/S1 Teknik Informatika
UHN,1,36,institution + faculty_program_name,,,,,Fakultas Sains dan Teknologi/S1 Teknik Informatika
UHN,0,137,institution + faculty_program_name,,,,,Sekolah Vokasi/D3 Akuntansi
UHN,1,137,institution + faculty_program_name,,,,,Sekolah Vokasi/D3 Akuntansi
UHN,0,50,institution + faculty_program_name,,,,,Sekolah Vokasi/D3 Desain Komunikasi Visual
UHN,1,50,institution + faculty_program_name,,,,,Sekolah Vokasi/D3 Desain Komunikasi Visual
UHN,0,127,institution + faculty_program_name,,,,,Sekolah Vokasi/D3 Farmasi
UHN,1,127,institution + faculty_program_name,,,,,Sekolah Vokasi/D3 Farmasi
UHN,0,14,institution + faculty_program_name,,,,,Sekolah Vokasi/D3 Kebidanan
UHN,1,14,institution + faculty_program_name,,,,,Sekolah Vokasi/D3 Kebidanan
UHN,0,46,institution + faculty_program_name,,,,,Sekolah Vokasi/D3 Keperawatan
UHN,1,46,institution + faculty_program_name,,,,,Sekolah Vokasi/D3 Keperawatan
UHN,0,10,institution + faculty_program_name,,,,,Sekolah Vokasi/D3 Perhotelan
UHN,1,10,institution + faculty_program_name,,,,,Sekolah Vokasi/D3 Perhotelan
UHN,0,21,institution + faculty_program_name,,,,,Sekolah Vokasi/D3 Teknik Elektronika
UHN,1,21,institution + faculty_program_name,,,,,Sekolah Vokasi/D3 Teknik Elektronika
UHN,0,156,institution + faculty_program_name,,,,,Sekolah Vokasi/D3 Teknik Komputer
UHN,1,156,institution + faculty_program_name,,,,,Sekolah Vokasi/D3 Teknik Komputer
UHN,0,47,institution + faculty_program_name,,,,,Sekolah Vokasi/D3 Teknik Mesin
UHN,1,47,institution + faculty_program_name,,,,,Sekolah Vokasi/D3 Teknik Mesin
UHN,0,13,institution + faculty_program_name,,,,,Sekolah Vokasi/D4 Akuntansi Sektor Publik
UHN,1,13,institution + faculty_program_name,,,,,Sekolah Vokasi/D4 Akuntansi Sektor Publik
UHN,0,82,institution + faculty_program_name,,,,,Sekolah Vokasi/D4 Teknik Informatika
UHN,1,82,institution + faculty_program_name,,,,,Sekolah Vokasi/D4 Teknik Informatika
,0,22,program + education_level,Akuntansi,Diploma 3,,,
,0,46,program + education_level,Akuntansi,Diploma Tiga,,,
,1,137,program + education_level,Akuntansi,Diploma Tiga,,,
,0,15,program + education_level,Akuntansi,Sarjana,,,
,0,17,program + education_level,Akuntansi,Sarjana Terapan,,,
,0,2,program + education_level,Akuntansi Sektor Publik,Diploma 3,,,
,0,1,program + education_level,Akuntansi Sektor Publik,Diploma Tiga,,,
,0,2,program + education_level,Akuntansi Sektor Publik,Sarjana,,,
,0,5,program + education_level,Akuntansi Sektor Publik,Sarjana Terapan,,,
,1,13,program + education_level,Akuntansi Sektor Publik,Sarjana Terapan,,,
,0,20,program + education_level,Analis Kesehatan,Diploma 3,,,
,1,58,program + education_level,Analis Kesehatan,Diploma 3,,,
,0,111,program + education_level,Analis Kesehatan,Diploma Tiga,,,
,0,20,program + education_level,Analis Kesehatan,Sarjana,,,
,0,18,program + education_level,Analis Kesehatan,Sarjana Terapan,,,
,0,16,program + education_level,Desain Komunikasi Visual,Diploma 3,,,
,0,17,program + education_level,Desain Komunikasi Visual,Diploma Tiga,,,
,1,50,program + education_level,Desain Komunikasi Visual,Diploma Tiga,,,
,0,3,program + education_level,Desain Komunikasi Visual,Sarjana,,,
,0,3,program + education_level,Desain Komunikasi Visual,Sarjana Terapan,,,
,0,34,program + education_level,Farmasi,Diploma 3,,,
,1,46,program + education_level,Farmasi,Diploma 3,,,
,0,45,program + education_level,Farmasi,Diploma Tiga,,,
,1,127,program + education_level,Farmasi,Diploma Tiga,,,
,0,17,program + education_level,Farmasi,Sarjana,,,
,0,18,program + education_level,Farmasi,Sarjana Terapan,,,
,0,5,program + education_level,Kebidanan,Diploma 3,,,
,0,4,program + education_level,Kebidanan,Diploma Tiga,,,
,1,14,program + education_level,Kebidanan,Diploma Tiga,,,
,0,2,program + education_level,Kebidanan,Sarjana,,,
,0,1,program + education_level,Kebidanan,Sarjana Terapan,,,
,0,5,program + education_level,Keperawatan,Diploma 3,,,
,0,16,program + education_level,Keperawatan,Diploma Tiga,,,
,1,46,program + education_level,Keperawatan,Diploma Tiga,,,
,0,9,program + education_level,Keperawatan,Sarjana,,,
,0,3,program + education_level,Keperawatan,Sarjana Terapan,,,
,0,4,program + education_level,Manajemen Informatika,Diploma 3,,,
,1,12,program + education_level,Manajemen Informatika,Diploma 3,,,
,0,98,program + education_level,Manajemen Informatika,Diploma Tiga,,,
,0,4,program + education_level,Manajemen Informatika,Sarjana,,,
,0,20,program + education_level,Manajemen Informatika,Sarjana Terapan,,,
,0,3,program + education_level,Perhotelan,Diploma 3,,,
,0,3,program + education_level,Perhotelan,Diploma Tiga,,,
,1,10,program + education_level,Perhotelan,Diploma Tiga,,,
,0,1,program + education_level,Perhotelan,Sarjana,,,
,0,1,program + education_level,Perhotelan,Sarjana Terapan,,,
,0,5,program + education_level,Sistem Informasi,Diploma 3,,,
,0,1,program + education_level,Sistem Informasi,Diploma Tiga,,,
,0,2,program + education_level,Sistem Informasi,Sarjana,,,
,1,7,program + education_level,Sistem Informasi,Sarjana,,,
,0,3,program + education_level,Teknik Elektronika,Diploma 3,,,
,0,7,program + education_level,Teknik Elektronika,Diploma Tiga,,,
,1,21,program + education_level,Teknik Elektronika,Diploma Tiga,,,
,0,4,program + education_level,Teknik Elektronika,Sarjana,,,
,0,3,program + education_level,Teknik Elektronika,Sarjana Terapan,,,
,0,27,program + education_level,Teknik Informatika,Diploma 3,,,
,0,19,program + education_level,Teknik Informatika,Diploma Tiga,,,
,0,12,program + education_level,Teknik Informatika,Sarjana,,,
,1,36,program + education_level,Teknik Informatika,Sarjana,,,
,0,27,program + education_level,Teknik Informatika,Sarjana Terapan,,,
,1,82,program + education_level,Teknik Informatika,Sarjana Terapan,,,
,0,19,program + education_level,Teknik Komputer,Diploma 3,,,
,0,52,program + education_level,Teknik Komputer,Diploma Tiga,,,
,1,156,program + education_level,Teknik Komputer,Diploma Tiga,,,
,0,12,program + education_level,Teknik Komputer,Sarjana,,,
,0,25,program + education_level,Teknik Komputer,Sarjana Terapan,,,
,0,8,program + education_level,Teknik Mesin,Diploma 3,,,
,0,16,program + education_level,Teknik Mesin,Diploma Tiga,,,
,1,47,program + education_level,Teknik Mesin,Diploma Tiga,,,
,0,6,program + education_level,Teknik Mesin,Sarjana,,,
,0,3,program + education_level,Teknik Mesin,Sarjana Terapan,,,
,0,37,program + accreditation_status,Akuntansi,,Baik,,
,0,46,program + accreditation_status,Akuntansi,,Baik Sekali,,
,1,137,program + accreditation_status,Akuntansi,,Baik Sekali,,
,0,17,program + accreditation_status,Akuntansi,,Terakreditasi,,
,0,5,program + accreditation_status,Akuntansi Sektor Publik,,Baik,,
,1,13,program + accreditation_status,Akuntansi Sektor Publik,,Baik,,
,0,2,program + accreditation_status,Akuntansi Sektor Publik,,Baik Sekali,,
,0,3,program + accreditation_status,Akuntansi Sektor Publik,,Terakreditasi,,
,0,48,program + accreditation_status,Analis Kesehatan,,Baik,,
,1,58,program + accreditation_status,Analis Kesehatan,,Baik,,
,0,105,program + accreditation_status,Analis Kesehatan,,Baik Sekali,,
,0,16,program + accreditation_status,Analis Kesehatan,,Terakreditasi,,
,0,22,program + accreditation_status,Desain Komunikasi Visual,,Baik,,
,1,50,program + accreditation_status,Desain Komunikasi Visual,,Baik,,
,0,8,program + accreditation_status,Desain Komunikasi Visual,,Baik Sekali,,
,0,9,program + accreditation_status,Desain Komunikasi Visual,,Terakreditasi,,
,0,34,program + accreditation_status,Farmasi,,Baik,,
,1,46,program + accreditation_status,Farmasi,,Baik,,
,0,50,program + accreditation_status,Farmasi,,Baik Sekali,,
,1,127,program + accreditation_status,Farmasi,,Baik Sekali,,
,0,30,program + accreditation_status,Farmasi,,Terakreditasi,,
,0,6,program + accreditation_status,Kebidanan,,Baik,,
,0,5,program + accreditation_status,Kebidanan,,Baik Sekali,,
,1,14,program + accreditation_status,Kebidanan,,Baik Sekali,,
,0,1,program + accreditation_status,Kebidanan,,Terakreditasi,,
,0,17,program + accreditation_status,Keperawatan,,Baik,,
,1,46,program + accreditation_status,Keperawatan,,Baik,,
,0,10,program + accreditation_status,Keperawatan,,Baik Sekali,,
,0,6,program + accreditation_status,Keperawatan,,Terakreditasi,,
,0,28,program + accreditation_status,Manajemen Informatika,,Baik,,
,1,12,program + accreditation_status,Manajemen Informatika,,Baik,,
,0,96,program + accreditation_status,Manajemen Informatika,,Baik Sekali,,
,0,2,program + accreditation_status,Manajemen Informatika,,Terakreditasi,,
,0,5,program + accreditation_status,Perhotelan,,Baik,,
,1,10,program + accreditation_status,Perhotelan,,Baik,,
,0,1,program + accreditation_status,Perhotelan,,Baik Sekali,,
,0,2,program + accreditation_status,Perhotelan,,Terakreditasi,,
,0,6,program + accreditation_status,Sistem Informasi,,Baik,,
,1,7,program + accreditation_status,Sistem Informasi,,Baik,,
,0,1,program + accreditation_status,Sistem Informasi,,Baik Sekali,,
,0,1,program + accreditation_status,Sistem Informasi,,Terakreditasi,,
,0,7,program + accreditation_status,Teknik Elektronika,,Baik,,
,0,3,program + accreditation_status,Teknik Elektronika,,Baik Sekali,,
,0,7,program + accreditation_status,Teknik Elektronika,,Terakreditasi,,
,1,21,program + accreditation_status,Teknik Elektronika,,Terakreditasi,,
,0,31,program + accreditation_status,Teknik Informatika,,Baik,,
,1,36,program + accreditation_status,Teknik Informatika,,Baik,,
,0,31,program + accreditation_status,Teknik Informatika,,Baik Sekali,,
,1,82,program + accreditation_status,Teknik Informatika,,Baik Sekali,,
,0,23,program + accreditation_status,Teknik Informatika,,Terakreditasi,,
,0,30,program + accreditation_status,Teknik Komputer,,Baik,,
,0,52,program + accreditation_status,Teknik Komputer,,Baik Sekali,,
,1,156,program + accreditation_status,Teknik Komputer,,Baik Sekali,,
,0,26,program + accreditation_status,Teknik Komputer,,Terakreditasi,,
,0,8,program + accreditation_status,Teknik Mesin,,Baik,,
,0,15,program + accreditation_status,Teknik Mesin,,Baik Sekali,,
,1,47,program + accreditation_status,Teknik Mesin,,Baik Sekali,,
,0,10,program + accreditation_status,Teknik Mesin,,Terakreditasi,,
,0,69,program + graduation_predicate,Akuntansi,,,Dengan Pujian,
,1,109,program + graduation_predicate,Akuntansi,,,Dengan Pujian,
,0,23,program + graduation_predicate,Akuntansi,,,Sangat Memuaskan,
,1,28,program + graduation_predicate,Akuntansi,,,Sangat Memuaskan,
,0,8,program + graduation_predicate,Akuntansi,,,__MISSING__,
,0,7,program + graduation_predicate,Akuntansi Sektor Publik,,,Dengan Pujian,
,1,10,program + graduation_predicate,Akuntansi Sektor Publik,,,Dengan Pujian,
,0,2,program + graduation_predicate,Akuntansi Sektor Publik,,,Sangat Memuaskan,
,1,3,program + graduation_predicate,Akuntansi Sektor Publik,,,Sangat Memuaskan,
,0,1,program + graduation_predicate,Akuntansi Sektor Publik,,,__MISSING__,
,0,89,program + graduation_predicate,Analis Kesehatan,,,Dengan Pujian,
,0,41,program + graduation_predicate,Analis Kesehatan,,,Sangat Memuaskan,
,0,39,program + graduation_predicate,Analis Kesehatan,,,__MISSING__,
,1,58,program + graduation_predicate,Analis Kesehatan,,,__MISSING__,
,0,5,program + graduation_predicate,Desain Komunikasi Visual,,,Dengan Pujian,
,1,12,program + graduation_predicate,Desain Komunikasi Visual,,,Dengan Pujian,
,0,2,program + graduation_predicate,Desain Komunikasi Visual,,,Memuaskan,
,1,2,program + graduation_predicate,Desain Komunikasi Visual,,,Memuaskan,
,0,26,program + graduation_predicate,Desain Komunikasi Visual,,,Sangat Memuaskan,
,1,36,program + graduation_predicate,Desain Komunikasi Visual,,,Sangat Memuaskan,
,0,6,program + graduation_predicate,Desain Komunikasi Visual,,,__MISSING__,
,0,32,program + graduation_predicate,Farmasi,,,Dengan Pujian,
,1,47,program + graduation_predicate,Farmasi,,,Dengan Pujian,
,0,52,program + graduation_predicate,Farmasi,,,Sangat Memuaskan,
,1,80,program + graduation_predicate,Farmasi,,,Sangat Memuaskan,
,0,30,program + graduation_predicate,Farmasi,,,__MISSING__,
,1,46,program + graduation_predicate,Farmasi,,,__MISSING__,
,0,6,program + graduation_predicate,Kebidanan,,,Dengan Pujian,
,1,9,program + graduation_predicate,Kebidanan,,,Dengan Pujian,
,0,3,program + graduation_predicate,Kebidanan,,,Sangat Memuaskan,
,1,5,program + graduation_predicate,Kebidanan,,,Sangat Memuaskan,
,0,3,program + graduation_predicate,Kebidanan,,,__MISSING__,
,0,20,program + graduation_predicate,Keperawatan,,,Dengan Pujian,
,1,29,program + graduation_predicate,Keperawatan,,,Dengan Pujian,
,0,11,program + graduation_predicate,Keperawatan,,,Sangat Memuaskan,
,1,17,program + graduation_predicate,Keperawatan,,,Sangat Memuaskan,
,0,2,program + graduation_predicate,Keperawatan,,,__MISSING__,
,0,73,program + graduation_predicate,Manajemen Informatika,,,Dengan Pujian,
,0,45,program + graduation_predicate,Manajemen Informatika,,,Sangat Memuaskan,
,0,8,program + graduation_predicate,Manajemen Informatika,,,__MISSING__,
,1,12,program + graduation_predicate,Manajemen Informatika,,,__MISSING__,
,0,2,program + graduation_predicate,Perhotelan,,,Dengan Pujian,
,1,5,program + graduation_predicate,Perhotelan,,,Dengan Pujian,
,0,5,program + graduation_predicate,Perhotelan,,,Sangat Memuaskan,
,1,5,program + graduation_predicate,Perhotelan,,,Sangat Memuaskan,
,0,1,program + graduation_predicate,Perhotelan,,,__MISSING__,
,0,4,program + graduation_predicate,Sistem Informasi,,,Dengan Pujian,
,1,6,program + graduation_predicate,Sistem Informasi,,,Dengan Pujian,
,0,1,program + graduation_predicate,Sistem Informasi,,,Sangat Memuaskan,
,1,1,program + graduation_predicate,Sistem Informasi,,,Sangat Memuaskan,
,0,3,program + graduation_predicate,Sistem Informasi,,,__MISSING__,
,0,8,program + graduation_predicate,Teknik Elektronika,,,Dengan Pujian,
,1,13,program + graduation_predicate,Teknik Elektronika,,,Dengan Pujian,
,0,6,program + graduation_predicate,Teknik Elektronika,,,Sangat Memuaskan,
,1,8,program + graduation_predicate,Teknik Elektronika,,,Sangat Memuaskan,
,0,3,program + graduation_predicate,Teknik Elektronika,,,__MISSING__,
,0,48,program + graduation_predicate,Teknik Informatika,,,Dengan Pujian,
,1,78,program + graduation_predicate,Teknik Informatika,,,Dengan Pujian,
,0,1,program + graduation_predicate,Teknik Informatika,,,Memuaskan,
,1,1,program + graduation_predicate,Teknik Informatika,,,Memuaskan,
,0,30,program + graduation_predicate,Teknik Informatika,,,Sangat Memuaskan,
,1,39,program + graduation_predicate,Teknik Informatika,,,Sangat Memuaskan,
,0,6,program + graduation_predicate,Teknik Informatika,,,__MISSING__,
,0,76,program + graduation_predicate,Teknik Komputer,,,Dengan Pujian,
,1,111,program + graduation_predicate,Teknik Komputer,,,Dengan Pujian,
,0,28,program + graduation_predicate,Teknik Komputer,,,Sangat Memuaskan,
,1,45,program + graduation_predicate,Teknik Komputer,,,Sangat Memuaskan,
,0,4,program + graduation_predicate,Teknik Komputer,,,__MISSING__,
,0,14,program + graduation_predicate,Teknik Mesin,,,Dengan Pujian,
,1,24,program + graduation_predicate,Teknik Mesin,,,Dengan Pujian,
,0,17,program + graduation_predicate,Teknik Mesin,,,Sangat Memuaskan,
,1,23,program + graduation_predicate,Teknik Mesin,,,Sangat Memuaskan,
,0,2,program + graduation_predicate,Teknik Mesin,,,__MISSING__,
,0,92,program + faculty_program_name,Akuntansi,,,,Sekolah Vokasi/D3 Akuntansi
,1,137,program + faculty_program_name,Akuntansi,,,,Sekolah Vokasi/D3 Akuntansi
,0,8,program + faculty_program_name,Akuntansi,,,,__MISSING__
,0,9,program + faculty_program_name,Akuntansi Sektor Publik,,,,Sekolah Vokasi/D4 Akuntansi Sektor Publik
,1,13,program + faculty_program_name,Akuntansi Sektor Publik,,,,Sekolah Vokasi/D4 Akuntansi Sektor Publik
,0,1,program + faculty_program_name,Akuntansi Sektor Publik,,,,__MISSING__
,0,2,program + faculty_program_name,Analis Kesehatan,,,,Fakultas Sains dan Teknologi/S1 Sistem Informasi
,0,8,program + faculty_program_name,Analis Kesehatan,,,,Fakultas Sains dan Teknologi/S1 Teknik Informatika
,0,27,program + faculty_program_name,Analis Kesehatan,,,,Sekolah Vokasi/D3 Akuntansi
,0,9,program + faculty_program_name,Analis Kesehatan,,,,Sekolah Vokasi/D3 Desain Komunikasi Visual
,0,19,program + faculty_program_name,Analis Kesehatan,,,,Sekolah Vokasi/D3 Farmasi
,0,4,program + faculty_program_name,Analis Kesehatan,,,,Sekolah Vokasi/D3 Kebidanan
,0,7,program + faculty_program_name,Analis Kesehatan,,,,Sekolah Vokasi/D3 Keperawatan
,0,2,program + faculty_program_name,Analis Kesehatan,,,,Sekolah Vokasi/D3 Perhotelan
,0,6,program + faculty_program_name,Analis Kesehatan,,,,Sekolah Vokasi/D3 Teknik Elektronika
,0,24,program + faculty_program_name,Analis Kesehatan,,,,Sekolah Vokasi/D3 Teknik Komputer
,0,9,program + faculty_program_name,Analis Kesehatan,,,,Sekolah Vokasi/D3 Teknik Mesin
,0,1,program + faculty_program_name,Analis Kesehatan,,,,Sekolah Vokasi/D4 Akuntansi Sektor Publik
,0,12,program + faculty_program_name,Analis Kesehatan,,,,Sekolah Vokasi/D4 Teknik Informatika
,0,39,program + faculty_program_name,Analis Kesehatan,,,,__MISSING__
,1,58,program + faculty_program_name,Analis Kesehatan,,,,__MISSING__
,0,33,program + faculty_program_name,Desain Komunikasi Visual,,,,Sekolah Vokasi/D3 Desain Komunikasi Visual
,1,50,program + faculty_program_name,Desain Komunikasi Visual,,,,Sekolah Vokasi/D3 Desain Komunikasi Visual
,0,6,program + faculty_program_name,Desain Komunikasi Visual,,,,__MISSING__
,0,84,program + faculty_program_name,Farmasi,,,,Sekolah Vokasi/D3 Farmasi
,1,127,program + faculty_program_name,Farmasi,,,,Sekolah Vokasi/D3 Farmasi
,0,30,program + faculty_program_name,Farmasi,,,,__MISSING__
,1,46,program + faculty_program_name,Farmasi,,,,__MISSING__
,0,9,program + faculty_program_name,Kebidanan,,,,Sekolah Vokasi/D3 Kebidanan
,1,14,program + faculty_program_name,Kebidanan,,,,Sekolah Vokasi/D3 Kebidanan
,0,3,program + faculty_program_name,Kebidanan,,,,__MISSING__
,0,31,program + faculty_program_name,Keperawatan,,,,Sekolah Vokasi/D3 Keperawatan
,1,46,program + faculty_program_name,Keperawatan,,,,Sekolah Vokasi/D3 Keperawatan
,0,2,program + faculty_program_name,Keperawatan,,,,__MISSING__
,0,4,program + faculty_program_name,Manajemen Informatika,,,,Fakultas Sains dan Teknologi/S1 Teknik Informatika
,0,18,program + faculty_program_name,Manajemen Informatika,,,,Sekolah Vokasi/D3 Akuntansi
,0,8,program + faculty_program_name,Manajemen Informatika,,,,Sekolah Vokasi/D3 Desain Komunikasi Visual
,0,24,program + faculty_program_name,Manajemen Informatika,,,,Sekolah Vokasi/D3 Farmasi
,0,1,program + faculty_program_name,Manajemen Informatika,,,,Sekolah Vokasi/D3 Kebidanan
,0,8,program + faculty_program_name,Manajemen Informatika,,,,Sekolah Vokasi/D3 Keperawatan
,0,1,program + faculty_program_name,Manajemen Informatika,,,,Sekolah Vokasi/D3 Perhotelan
,0,1,program + faculty_program_name,Manajemen Informatika,,,,Sekolah Vokasi/D3 Teknik Elektronika
,0,28,program + faculty_program_name,Manajemen Informatika,,,,Sekolah Vokasi/D3 Teknik Komputer
,0,7,program + faculty_program_name,Manajemen Informatika,,,,Sekolah Vokasi/D3 Teknik Mesin
,0,3,program + faculty_program_name,Manajemen Informatika,,,,Sekolah Vokasi/D4 Akuntansi Sektor Publik
,0,15,program + faculty_program_name,Manajemen Informatika,,,,Sekolah Vokasi/D4 Teknik Informatika
,0,8,program + faculty_program_name,Manajemen Informatika,,,,__MISSING__
,1,12,program + faculty_program_name,Manajemen Informatika,,,,__MISSING__
,0,7,program + faculty_program_name,Perhotelan,,,,Sekolah Vokasi/D3 Perhotelan
,1,10,program + faculty_program_name,Perhotelan,,,,Sekolah Vokasi/D3 Perhotelan
,0,1,program + faculty_program_name,Perhotelan,,,,__MISSING__
,0,5,program + faculty_program_name,Sistem Informasi,,,,Fakultas Sains dan Teknologi/S1 Sistem Informasi
,1,7,program + faculty_program_name,Sistem Informasi,,,,Fakultas Sains dan Teknologi/S1 Sistem Informasi
,0,3,program + faculty_program_name,Sistem Informasi,,,,__MISSING__
,0,14,program + faculty_program_name,Teknik Elektronika,,,,Sekolah Vokasi/D3 Teknik Elektronika
,1,21,program + faculty_program_name,Teknik Elektronika,,,,Sekolah Vokasi/D3 Teknik Elektronika
,0,3,program + faculty_program_name,Teknik Elektronika,,,,__MISSING__
,0,24,program + faculty_program_name,Teknik Informatika,,,,Fakultas Sains dan Teknologi/S1 Teknik Informatika
,1,36,program + faculty_program_name,Teknik Informatika,,,,Fakultas Sains dan Teknologi/S1 Teknik Informatika
,0,55,program + faculty_program_name,Teknik Informatika,,,,Sekolah Vokasi/D4 Teknik Informatika
,1,82,program + faculty_program_name,Teknik Informatika,,,,Sekolah Vokasi/D4 Teknik Informatika
,0,6,program + faculty_program_name,Teknik Informatika,,,,__MISSING__
,0,104,program + faculty_program_name,Teknik Komputer,,,,Sekolah Vokasi/D3 Teknik Komputer
,1,156,program + faculty_program_name,Teknik Komputer,,,,Sekolah Vokasi/D3 Teknik Komputer
,0,4,program + faculty_program_name,Teknik Komputer,,,,__MISSING__
,0,31,program + faculty_program_name,Teknik Mesin,,,,Sekolah Vokasi/D3 Teknik Mesin
,1,47,program + faculty_program_name,Teknik Mesin,,,,Sekolah Vokasi/D3 Teknik Mesin
,0,2,program + faculty_program_name,Teknik Mesin,,,,__MISSING__
,0,63,education_level + accreditation_status,,Diploma 3,Baik,,
,1,116,education_level + accreditation_status,,Diploma 3,Baik,,
,0,92,education_level + accreditation_status,,Diploma 3,Baik Sekali,,
,0,18,education_level + accreditation_status,,Diploma 3,Terakreditasi,,
,0,139,education_level + accreditation_status,,Diploma Tiga,Baik,,
,1,106,education_level + accreditation_status,,Diploma Tiga,Baik,,
,0,196,education_level + accreditation_status,,Diploma Tiga,Baik Sekali,,
,1,481,education_level + accreditation_status,,Diploma Tiga,Baik Sekali,,
,0,101,education_level + accreditation_status,,Diploma Tiga,Terakreditasi,,
,1,21,education_level + accreditation_status,,Diploma Tiga,Terakreditasi,,
,0,45,education_level + accreditation_status,,Sarjana,Baik,,
,1,43,education_level + accreditation_status,,Sarjana,Baik,,
,0,50,education_level + accreditation_status,,Sarjana,Baik Sekali,,
,0,14,education_level + accreditation_status,,Sarjana,Terakreditasi,,
,0,37,education_level + accreditation_status,,Sarjana Terapan,Baik,,
,1,13,education_level + accreditation_status,,Sarjana Terapan,Baik,,
,0,87,education_level + accreditation_status,,Sarjana Terapan,Baik Sekali,,
,1,82,education_level + accreditation_status,,Sarjana Terapan,Baik Sekali,,
,0,20,education_level + accreditation_status,,Sarjana Terapan,Terakreditasi,,
,0,49,education_level + graduation_predicate,,Diploma 3,,Dengan Pujian,
,0,46,education_level + graduation_predicate,,Diploma 3,,Sangat Memuaskan,
,0,78,education_level + graduation_predicate,,Diploma 3,,__MISSING__,
,1,116,education_level + graduation_predicate,,Diploma 3,,__MISSING__,
,0,258,education_level + graduation_predicate,,Diploma Tiga,,Dengan Pujian,
,1,359,education_level + graduation_predicate,,Diploma Tiga,,Dengan Pujian,
,0,3,education_level + graduation_predicate,,Diploma Tiga,,Memuaskan,
,1,2,education_level + graduation_predicate,,Diploma Tiga,,Memuaskan,
,0,166,education_level + graduation_predicate,,Diploma Tiga,,Sangat Memuaskan,
,1,247,education_level + graduation_predicate,,Diploma Tiga,,Sangat Memuaskan,
,0,9,education_level + graduation_predicate,,Diploma Tiga,,__MISSING__,
,0,62,education_level + graduation_predicate,,Sarjana,,Dengan Pujian,
,1,35,education_level + graduation_predicate,,Sarjana,,Dengan Pujian,
,0,31,education_level + graduation_predicate,,Sarjana,,Sangat Memuaskan,
,1,8,education_level + graduation_predicate,,Sarjana,,Sangat Memuaskan,
,0,16,education_level + graduation_predicate,,Sarjana,,__MISSING__,
,0,84,education_level + graduation_predicate,,Sarjana Terapan,,Dengan Pujian,
,1,59,education_level + graduation_predicate,,Sarjana Terapan,,Dengan Pujian,
,1,1,education_level + graduation_predicate,,Sarjana Terapan,,Memuaskan,
,0,47,education_level + graduation_predicate,,Sarjana Terapan,,Sangat Memuaskan,
,1,35,education_level + graduation_predicate,,Sarjana Terapan,,Sangat Memuaskan,
,0,13,education_level + graduation_predicate,,Sarjana Terapan,,__MISSING__,
,0,2,education_level + faculty_program_name,,Diploma 3,,,Fakultas Sains dan Teknologi/S1 Sistem Informasi
,0,6,education_level + faculty_program_name,,Diploma 3,,,Fakultas Sains dan Teknologi/S1 Teknik Informatika
,0,14,education_level + faculty_program_name,,Diploma 3,,,Sekolah Vokasi/D3 Akuntansi
,0,10,education_level + faculty_program_name,,Diploma 3,,,Sekolah Vokasi/D3 Desain Komunikasi Visual
,0,19,education_level + faculty_program_name,,Diploma 3,,,Sekolah Vokasi/D3 Farmasi
,0,2,education_level + faculty_program_name,,Diploma 3,,,Sekolah Vokasi/D3 Kebidanan
,0,3,education_level + faculty_program_name,,Diploma 3,,,Sekolah Vokasi/D3 Keperawatan
,0,2,education_level + faculty_program_name,,Diploma 3,,,Sekolah Vokasi/D3 Perhotelan
,0,15,education_level + faculty_program_name,,Diploma 3,,,Sekolah Vokasi/D3 Teknik Komputer
,0,6,education_level + faculty_program_name,,Diploma 3,,,Sekolah Vokasi/D3 Teknik Mesin
,0,1,education_level + faculty_program_name,,Diploma 3,,,Sekolah Vokasi/D4 Akuntansi Sektor Publik
,0,15,education_level + faculty_program_name,,Diploma 3,,,Sekolah Vokasi/D4 Teknik Informatika
,0,78,education_level + faculty_program_name,,Diploma 3,,,__MISSING__
,1,116,education_level + faculty_program_name,,Diploma 3,,,__MISSING__
,0,1,education_level + faculty_program_name,,Diploma Tiga,,,Fakultas Sains dan Teknologi/S1 Sistem Informasi
,0,6,education_level + faculty_program_name,,Diploma Tiga,,,Fakultas Sains dan Teknologi/S1 Teknik Informatika
,0,91,education_level + faculty_program_name,,Diploma Tiga,,,Sekolah Vokasi/D3 Akuntansi
,1,137,education_level + faculty_program_name,,Diploma Tiga,,,Sekolah Vokasi/D3 Akuntansi
,0,34,education_level + faculty_program_name,,Diploma Tiga,,,Sekolah Vokasi/D3 Desain Komunikasi Visual
,1,50,education_level + faculty_program_name,,Diploma Tiga,,,Sekolah Vokasi/D3 Desain Komunikasi Visual
,0,85,education_level + faculty_program_name,,Diploma Tiga,,,Sekolah Vokasi/D3 Farmasi
,1,127,education_level + faculty_program_name,,Diploma Tiga,,,Sekolah Vokasi/D3 Farmasi
,0,9,education_level + faculty_program_name,,Diploma Tiga,,,Sekolah Vokasi/D3 Kebidanan
,1,14,education_level + faculty_program_name,,Diploma Tiga,,,Sekolah Vokasi/D3 Kebidanan
,0,31,education_level + faculty_program_name,,Diploma Tiga,,,Sekolah Vokasi/D3 Keperawatan
,1,46,education_level + faculty_program_name,,Diploma Tiga,,,Sekolah Vokasi/D3 Keperawatan
,0,6,education_level + faculty_program_name,,Diploma Tiga,,,Sekolah Vokasi/D3 Perhotelan
,1,10,education_level + faculty_program_name,,Diploma Tiga,,,Sekolah Vokasi/D3 Perhotelan
,0,14,education_level + faculty_program_name,,Diploma Tiga,,,Sekolah Vokasi/D3 Teknik Elektronika
,1,21,education_level + faculty_program_name,,Diploma Tiga,,,Sekolah Vokasi/D3 Teknik Elektronika
,0,104,education_level + faculty_program_name,,Diploma Tiga,,,Sekolah Vokasi/D3 Teknik Komputer
,1,156,education_level + faculty_program_name,,Diploma Tiga,,,Sekolah Vokasi/D3 Teknik Komputer
,0,32,education_level + faculty_program_name,,Diploma Tiga,,,Sekolah Vokasi/D3 Teknik Mesin
,1,47,education_level + faculty_program_name,,Diploma Tiga,,,Sekolah Vokasi/D3 Teknik Mesin
,0,1,education_level + faculty_program_name,,Diploma Tiga,,,Sekolah Vokasi/D4 Akuntansi Sektor Publik
,0,13,education_level + faculty_program_name,,Diploma Tiga,,,Sekolah Vokasi/D4 Teknik Informatika
,0,9,education_level + faculty_program_name,,Diploma Tiga,,,__MISSING__
,0,4,education_level + faculty_program_name,,Sarjana,,,Fakultas Sains dan Teknologi/S1 Sistem Informasi
,1,7,education_level + faculty_program_name,,Sarjana,,,Fakultas Sains dan Teknologi/S1 Sistem Informasi
,0,24,education_level + faculty_program_name,,Sarjana,,,Fakultas Sains dan Teknologi/S1 Teknik Informatika
,1,36,education_level + faculty_program_name,,Sarjana,,,Fakultas Sains dan Teknologi/S1 Teknik Informatika
,0,15,education_level + faculty_program_name,,Sarjana,,,Sekolah Vokasi/D3 Akuntansi
,0,3,education_level + faculty_program_name,,Sarjana,,,Sekolah Vokasi/D3 Desain Komunikasi Visual
,0,11,education_level + faculty_program_name,,Sarjana,,,Sekolah Vokasi/D3 Farmasi
,0,2,education_level + faculty_program_name,,Sarjana,,,Sekolah Vokasi/D3 Kebidanan
,0,9,education_level + faculty_program_name,,Sarjana,,,Sekolah Vokasi/D3 Keperawatan
,0,1,education_level + faculty_program_name,,Sarjana,,,Sekolah Vokasi/D3 Perhotelan
,0,4,education_level + faculty_program_name,,Sarjana,,,Sekolah Vokasi/D3 Teknik Elektronika
,0,12,education_level + faculty_program_name,,Sarjana,,,Sekolah Vokasi/D3 Teknik Komputer
,0,6,education_level + faculty_program_name,,Sarjana,,,Sekolah Vokasi/D3 Teknik Mesin
,0,2,education_level + faculty_program_name,,Sarjana,,,Sekolah Vokasi/D4 Akuntansi Sektor Publik
,0,16,education_level + faculty_program_name,,Sarjana,,,__MISSING__
,0,17,education_level + faculty_program_name,,Sarjana Terapan,,,Sekolah Vokasi/D3 Akuntansi
,0,3,education_level + faculty_program_name,,Sarjana Terapan,,,Sekolah Vokasi/D3 Desain Komunikasi Visual
,0,12,education_level + faculty_program_name,,Sarjana Terapan,,,Sekolah Vokasi/D3 Farmasi
,0,1,education_level + faculty_program_name,,Sarjana Terapan,,,Sekolah Vokasi/D3 Kebidanan
,0,3,education_level + faculty_program_name,,Sarjana Terapan,,,Sekolah Vokasi/D3 Keperawatan
,0,1,education_level + faculty_program_name,,Sarjana Terapan,,,Sekolah Vokasi/D3 Perhotelan
,0,3,education_level + faculty_program_name,,Sarjana Terapan,,,Sekolah Vokasi/D3 Teknik Elektronika
,0,25,education_level + faculty_program_name,,Sarjana Terapan,,,Sekolah Vokasi/D3 Teknik Komputer
,0,3,education_level + faculty_program_name,,Sarjana Terapan,,,Sekolah Vokasi/D3 Teknik Mesin
,0,9,education_level + faculty_program_name,,Sarjana Terapan,,,Sekolah Vokasi/D4 Akuntansi Sektor Publik
,1,13,education_level + faculty_program_name,,Sarjana Terapan,,,Sekolah Vokasi/D4 Akuntansi Sektor Publik
,0,54,education_level + faculty_program_name,,Sarjana Terapan,,,Sekolah Vokasi/D4 Teknik Informatika
,1,82,education_level + faculty_program_name,,Sarjana Terapan,,,Sekolah Vokasi/D4 Teknik Informatika
,0,13,education_level + faculty_program_name,,Sarjana Terapan,,,__MISSING__
,0,133,accreditation_status + graduation_predicate,,,Baik,Dengan Pujian,
,1,91,accreditation_status + graduation_predicate,,,Baik,Dengan Pujian,
,1,2,accreditation_status + graduation_predicate,,,Baik,Memuaskan,
,0,74,accreditation_status + graduation_predicate,,,Baik,Sangat Memuaskan,
,1,69,accreditation_status + graduation_predicate,,,Baik,Sangat Memuaskan,
,0,77,accreditation_status + graduation_predicate,,,Baik,__MISSING__,
,1,116,accreditation_status + graduation_predicate,,,Baik,__MISSING__,
,0,245,accreditation_status + graduation_predicate,,,Baik Sekali,Dengan Pujian,
,1,349,accreditation_status + graduation_predicate,,,Baik Sekali,Dengan Pujian,
,0,1,accreditation_status + graduation_predicate,,,Baik Sekali,Memuaskan,
,1,1,accreditation_status + graduation_predicate,,,Baik Sekali,Memuaskan,
,0,158,accreditation_status + graduation_predicate,,,Baik Sekali,Sangat Memuaskan,
,1,213,accreditation_status + graduation_predicate,,,Baik Sekali,Sangat Memuaskan,
,0,21,accreditation_status + graduation_predicate,,,Baik Sekali,__MISSING__,
,0,75,accreditation_status + graduation_predicate,,,Terakreditasi,Dengan Pujian,
,1,13,accreditation_status + graduation_predicate,,,Terakreditasi,Dengan Pujian,
,0,2,accreditation_status + graduation_predicate,,,Terakreditasi,Memuaskan,
,0,58,accreditation_status + graduation_predicate,,,Terakreditasi,Sangat Memuaskan,
,1,8,accreditation_status + graduation_predicate,,,Terakreditasi,Sangat Memuaskan,
,0,18,accreditation_status + graduation_predicate,,,Terakreditasi,__MISSING__,
,0,5,accreditation_status + faculty_program_name,,,Baik,,Fakultas Sains dan Teknologi/S1 Sistem Informasi
,1,7,accreditation_status + faculty_program_name,,,Baik,,Fakultas Sains dan Teknologi/S1 Sistem Informasi
,0,24,accreditation_status + faculty_program_name,,,Baik,,Fakultas Sains dan Teknologi/S1 Teknik Informatika
,1,36,accreditation_status + faculty_program_name,,,Baik,,Fakultas Sains dan Teknologi/S1 Teknik Informatika
,0,29,accreditation_status + faculty_program_name,,,Baik,,Sekolah Vokasi/D3 Akuntansi
,0,33,accreditation_status + faculty_program_name,,,Baik,,Sekolah Vokasi/D3 Desain Komunikasi Visual
,1,50,accreditation_status + faculty_program_name,,,Baik,,Sekolah Vokasi/D3 Desain Komunikasi Visual
,0,19,accreditation_status + faculty_program_name,,,Baik,,Sekolah Vokasi/D3 Farmasi
,0,3,accreditation_status + faculty_program_name,,,Baik,,Sekolah Vokasi/D3 Kebidanan
,0,30,accreditation_status + faculty_program_name,,,Baik,,Sekolah Vokasi/D3 Keperawatan
,1,46,accreditation_status + faculty_program_name,,,Baik,,Sekolah Vokasi/D3 Keperawatan
,0,7,accreditation_status + faculty_program_name,,,Baik,,Sekolah Vokasi/D3 Perhotelan
,1,10,accreditation_status + faculty_program_name,,,Baik,,Sekolah Vokasi/D3 Perhotelan
,0,4,accreditation_status + faculty_program_name,,,Baik,,Sekolah Vokasi/D3 Teknik Elektronika
,0,26,accreditation_status + faculty_program_name,,,Baik,,Sekolah Vokasi/D3 Teknik Komputer
,0,6,accreditation_status + faculty_program_name,,,Baik,,Sekolah Vokasi/D3 Teknik Mesin
,0,8,accreditation_status + faculty_program_name,,,Baik,,Sekolah Vokasi/D4 Akuntansi Sektor Publik
,1,13,accreditation_status + faculty_program_name,,,Baik,,Sekolah Vokasi/D4 Akuntansi Sektor Publik
,0,13,accreditation_status + faculty_program_name,,,Baik,,Sekolah Vokasi/D4 Teknik Informatika
,0,77,accreditation_status + faculty_program_name,,,Baik,,__MISSING__
,1,116,accreditation_status + faculty_program_name,,,Baik,,__MISSING__
,0,1,accreditation_status + faculty_program_name,,,Baik Sekali,,Fakultas Sains dan Teknologi/S1 Sistem Informasi
,0,3,accreditation_status + faculty_program_name,,,Baik Sekali,,Fakultas Sains dan Teknologi/S1 Teknik Informatika
,0,91,accreditation_status + faculty_program_name,,,Baik Sekali,,Sekolah Vokasi/D3 Akuntansi
,1,137,accreditation_status + faculty_program_name,,,Baik Sekali,,Sekolah Vokasi/D3 Akuntansi
,0,8,accreditation_status + faculty_program_name,,,Baik Sekali,,Sekolah Vokasi/D3 Desain Komunikasi Visual
,0,85,accreditation_status + faculty_program_name,,,Baik Sekali,,Sekolah Vokasi/D3 Farmasi
,1,127,accreditation_status + faculty_program_name,,,Baik Sekali,,Sekolah Vokasi/D3 Farmasi
,0,10,accreditation_status + faculty_program_name,,,Baik Sekali,,Sekolah Vokasi/D3 Kebidanan
,1,14,accreditation_status + faculty_program_name,,,Baik Sekali,,Sekolah Vokasi/D3 Kebidanan
,0,10,accreditation_status + faculty_program_name,,,Baik Sekali,,Sekolah Vokasi/D3 Keperawatan
,0,1,accreditation_status + faculty_program_name,,,Baik Sekali,,Sekolah Vokasi/D3 Perhotelan
,0,3,accreditation_status + faculty_program_name,,,Baik Sekali,,Sekolah Vokasi/D3 Teknik Elektronika
,0,104,accreditation_status + faculty_program_name,,,Baik Sekali,,Sekolah Vokasi/D3 Teknik Komputer
,1,156,accreditation_status + faculty_program_name,,,Baik Sekali,,Sekolah Vokasi/D3 Teknik Komputer
,0,31,accreditation_status + faculty_program_name,,,Baik Sekali,,Sekolah Vokasi/D3 Teknik Mesin
,1,47,accreditation_status + faculty_program_name,,,Baik Sekali,,Sekolah Vokasi/D3 Teknik Mesin
,0,2,accreditation_status + faculty_program_name,,,Baik Sekali,,Sekolah Vokasi/D4 Akuntansi Sektor Publik
,0,55,accreditation_status + faculty_program_name,,,Baik Sekali,,Sekolah Vokasi/D4 Teknik Informatika
,1,82,accreditation_status + faculty_program_name,,,Baik Sekali,,Sekolah Vokasi/D4 Teknik Informatika
,0,21,accreditation_status + faculty_program_name,,,Baik Sekali,,__MISSING__
,0,1,accreditation_status + faculty_program_name,,,Terakreditasi,,Fakultas Sains dan Teknologi/S1 Sistem Informasi
,0,9,accreditation_status + faculty_program_name,,,Terakreditasi,,Fakultas Sains dan Teknologi/S1 Teknik Informatika
,0,17,accreditation_status + faculty_program_name,,,Terakreditasi,,Sekolah Vokasi/D3 Akuntansi
,0,9,accreditation_status + faculty_program_name,,,Terakreditasi,,Sekolah Vokasi/D3 Desain Komunikasi Visual
,0,23,accreditation_status + faculty_program_name,,,Terakreditasi,,Sekolah Vokasi/D3 Farmasi
,0,1,accreditation_status + faculty_program_name,,,Terakreditasi,,Sekolah Vokasi/D3 Kebidanan
,0,6,accreditation_status + faculty_program_name,,,Terakreditasi,,Sekolah Vokasi/D3 Keperawatan
,0,2,accreditation_status + faculty_program_name,,,Terakreditasi,,Sekolah Vokasi/D3 Perhotelan
,0,14,accreditation_status + faculty_program_name,,,Terakreditasi,,Sekolah Vokasi/D3 Teknik Elektronika
,1,21,accreditation_status + faculty_program_name,,,Terakreditasi,,Sekolah Vokasi/D3 Teknik Elektronika
,0,26,accreditation_status + faculty_program_name,,,Terakreditasi,,Sekolah Vokasi/D3 Teknik Komputer
,0,10,accreditation_status + faculty_program_name,,,Terakreditasi,,Sekolah Vokasi/D3 Teknik Mesin
,0,3,accreditation_status + faculty_program_name,,,Terakreditasi,,Sekolah Vokasi/D4 Akuntansi Sektor Publik
,0,14,accreditation_status + faculty_program_name,,,Terakreditasi,,Sekolah Vokasi/D4 Teknik Informatika
,0,18,accreditation_status + faculty_program_name,,,Terakreditasi,,__MISSING__
,0,6,graduation_predicate + faculty_program_name,,,,Dengan Pujian,Fakultas Sains dan Teknologi/S1 Sistem Informasi
,1,6,graduation_predicate + faculty_program_name,,,,Dengan Pujian,Fakultas Sains dan Teknologi/S1 Sistem Informasi
,0,29,graduation_predicate + faculty_program_name,,,,Dengan Pujian,Fakultas Sains dan Teknologi/S1 Teknik Informatika
,1,29,graduation_predicate + faculty_program_name,,,,Dengan Pujian,Fakultas Sains dan Teknologi/S1 Teknik Informatika
,0,109,graduation_predicate + faculty_program_name,,,,Dengan Pujian,Sekolah Vokasi/D3 Akuntansi
,1,109,graduation_predicate + faculty_program_name,,,,Dengan Pujian,Sekolah Vokasi/D3 Akuntansi
,0,12,graduation_predicate + faculty_program_name,,,,Dengan Pujian,Sekolah Vokasi/D3 Desain Komunikasi Visual
,1,12,graduation_predicate + faculty_program_name,,,,Dengan Pujian,Sekolah Vokasi/D3 Desain Komunikasi Visual
,0,47,graduation_predicate + faculty_program_name,,,,Dengan Pujian,Sekolah Vokasi/D3 Farmasi
,1,47,graduation_predicate + faculty_program_name,,,,Dengan Pujian,Sekolah Vokasi/D3 Farmasi
,0,9,graduation_predicate + faculty_program_name,,,,Dengan Pujian,Sekolah Vokasi/D3 Kebidanan
,1,9,graduation_predicate + faculty_program_name,,,,Dengan Pujian,Sekolah Vokasi/D3 Kebidanan
,0,29,graduation_predicate + faculty_program_name,,,,Dengan Pujian,Sekolah Vokasi/D3 Keperawatan
,1,29,graduation_predicate + faculty_program_name,,,,Dengan Pujian,Sekolah Vokasi/D3 Keperawatan
,0,5,graduation_predicate + faculty_program_name,,,,Dengan Pujian,Sekolah Vokasi/D3 Perhotelan
,1,5,graduation_predicate + faculty_program_name,,,,Dengan Pujian,Sekolah Vokasi/D3 Perhotelan
,0,13,graduation_predicate + faculty_program_name,,,,Dengan Pujian,Sekolah Vokasi/D3 Teknik Elektronika
,1,13,graduation_predicate + faculty_program_name,,,,Dengan Pujian,Sekolah Vokasi/D3 Teknik Elektronika
,0,111,graduation_predicate + faculty_program_name,,,,Dengan Pujian,Sekolah Vokasi/D3 Teknik Komputer
,1,111,graduation_predicate + faculty_program_name,,,,Dengan Pujian,Sekolah Vokasi/D3 Teknik Komputer
,0,24,graduation_predicate + faculty_program_name,,,,Dengan Pujian,Sekolah Vokasi/D3 Teknik Mesin
,1,24,graduation_predicate + faculty_program_name,,,,Dengan Pujian,Sekolah Vokasi/D3 Teknik Mesin
,0,10,graduation_predicate + faculty_program_name,,,,Dengan Pujian,Sekolah Vokasi/D4 Akuntansi Sektor Publik
,1,10,graduation_predicate + faculty_program_name,,,,Dengan Pujian,Sekolah Vokasi/D4 Akuntansi Sektor Publik
,0,49,graduation_predicate + faculty_program_name,,,,Dengan Pujian,Sekolah Vokasi/D4 Teknik Informatika
,1,49,graduation_predicate + faculty_program_name,,,,Dengan Pujian,Sekolah Vokasi/D4 Teknik Informatika
,0,2,graduation_predicate + faculty_program_name,,,,Memuaskan,Sekolah Vokasi/D3 Desain Komunikasi Visual
,1,2,graduation_predicate + faculty_program_name,,,,Memuaskan,Sekolah Vokasi/D3 Desain Komunikasi Visual
,0,1,graduation_predicate + faculty_program_name,,,,Memuaskan,Sekolah Vokasi/D4 Teknik Informatika
,1,1,graduation_predicate + faculty_program_name,,,,Memuaskan,Sekolah Vokasi/D4 Teknik Informatika
,0,1,graduation_predicate + faculty_program_name,,,,Sangat Memuaskan,Fakultas Sains dan Teknologi/S1 Sistem Informasi
,1,1,graduation_predicate + faculty_program_name,,,,Sangat Memuaskan,Fakultas Sains dan Teknologi/S1 Sistem Informasi
,0,7,graduation_predicate + faculty_program_name,,,,Sangat Memuaskan,Fakultas Sains dan Teknologi/S1 Teknik Informatika
,1,7,graduation_predicate + faculty_program_name,,,,Sangat Memuaskan,Fakultas Sains dan Teknologi/S1 Teknik Informatika
,0,28,graduation_predicate + faculty_program_name,,,,Sangat Memuaskan,Sekolah Vokasi/D3 Akuntansi
,1,28,graduation_predicate + faculty_program_name,,,,Sangat Memuaskan,Sekolah Vokasi/D3 Akuntansi
,0,36,graduation_predicate + faculty_program_name,,,,Sangat Memuaskan,Sekolah Vokasi/D3 Desain Komunikasi Visual
,1,36,graduation_predicate + faculty_program_name,,,,Sangat Memuaskan,Sekolah Vokasi/D3 Desain Komunikasi Visual
,0,80,graduation_predicate + faculty_program_name,,,,Sangat Memuaskan,Sekolah Vokasi/D3 Farmasi
,1,80,graduation_predicate + faculty_program_name,,,,Sangat Memuaskan,Sekolah Vokasi/D3 Farmasi
,0,5,graduation_predicate + faculty_program_name,,,,Sangat Memuaskan,Sekolah Vokasi/D3 Kebidanan
,1,5,graduation_predicate + faculty_program_name,,,,Sangat Memuaskan,Sekolah Vokasi/D3 Kebidanan
,0,17,graduation_predicate + faculty_program_name,,,,Sangat Memuaskan,Sekolah Vokasi/D3 Keperawatan
,1,17,graduation_predicate + faculty_program_name,,,,Sangat Memuaskan,Sekolah Vokasi/D3 Keperawatan
,0,5,graduation_predicate + faculty_program_name,,,,Sangat Memuaskan,Sekolah Vokasi/D3 Perhotelan
,1,5,graduation_predicate + faculty_program_name,,,,Sangat Memuaskan,Sekolah Vokasi/D3 Perhotelan
,0,8,graduation_predicate + faculty_program_name,,,,Sangat Memuaskan,Sekolah Vokasi/D3 Teknik Elektronika
,1,8,graduation_predicate + faculty_program_name,,,,Sangat Memuaskan,Sekolah Vokasi/D3 Teknik Elektronika
,0,45,graduation_predicate + faculty_program_name,,,,Sangat Memuaskan,Sekolah Vokasi/D3 Teknik Komputer
,1,45,graduation_predicate + faculty_program_name,,,,Sangat Memuaskan,Sekolah Vokasi/D3 Teknik Komputer
,0,23,graduation_predicate + faculty_program_name,,,,Sangat Memuaskan,Sekolah Vokasi/D3 Teknik Mesin
,1,23,graduation_predicate + faculty_program_name,,,,Sangat Memuaskan,Sekolah Vokasi/D3 Teknik Mesin
,0,3,graduation_predicate + faculty_program_name,,,,Sangat Memuaskan,Sekolah Vokasi/D4 Akuntansi Sektor Publik
,1,3,graduation_predicate + faculty_program_name,,,,Sangat Memuaskan,Sekolah Vokasi/D4 Akuntansi Sektor Publik
,0,32,graduation_predicate + faculty_program_name,,,,Sangat Memuaskan,Sekolah Vokasi/D4 Teknik Informatika
,1,32,graduation_predicate + faculty_program_name,,,,Sangat Memuaskan,Sekolah Vokasi/D4 Teknik Informatika
,0,116,graduation_predicate + faculty_program_name,,,,__MISSING__,__MISSING__
,1,116,graduation_predicate + faculty_program_name,,,,__MISSING__,__MISSING__
PMKM,0,8,institution + program + education_level,Akuntansi,Diploma 3,,,
PMKM,0,1,institution + program + education_level,Akuntansi Sektor Publik,Diploma 3,,,
PMKM,0,20,institution + program + education_level,Analis Kesehatan,Diploma 3,,,
PMKM,1,58,institution + program + education_level,Analis Kesehatan,Diploma 3,,,
PMKM,0,4,institution + program + education_level,Analis Kesehatan,Diploma Tiga,,,
PMKM,0,10,institution + program + education_level,Analis Kesehatan,Sarjana,,,
PMKM,0,5,institution + program + education_level,Analis Kesehatan,Sarjana Terapan,,,
PMKM,0,6,institution + program + education_level,Desain Komunikasi Visual,Diploma 3,,,
PMKM,0,15,institution + program + education_level,Farmasi,Diploma 3,,,
PMKM,1,46,institution + program + education_level,Farmasi,Diploma 3,,,
PMKM,0,3,institution + program + education_level,Farmasi,Diploma Tiga,,,
PMKM,0,6,institution + program + education_level,Farmasi,Sarjana,,,
PMKM,0,6,institution + program + education_level,Farmasi,Sarjana Terapan,,,
PMKM,0,3,institution + program + education_level,Kebidanan,Diploma 3,,,
PMKM,0,2,institution + program + education_level,Keperawatan,Diploma 3,,,
PMKM,0,4,institution + program + education_level,Manajemen Informatika,Diploma 3,,,
PMKM,1,12,institution + program + education_level,Manajemen Informatika,Diploma 3,,,
PMKM,0,2,institution + program + education_level,Manajemen Informatika,Diploma Tiga,,,
PMKM,0,2,institution + program + education_level,Manajemen Informatika,Sarjana Terapan,,,
PMKM,0,1,institution + program + education_level,Perhotelan,Diploma 3,,,
PMKM,0,3,institution + program + education_level,Sistem Informasi,Diploma 3,,,
PMKM,0,3,institution + program + education_level,Teknik Elektronika,Diploma 3,,,
PMKM,0,6,institution + program + education_level,Teknik Informatika,Diploma 3,,,
PMKM,0,4,institution + program + education_level,Teknik Komputer,Diploma 3,,,
PMKM,0,2,institution + program + education_level,Teknik Mesin,Diploma 3,,,
UHN,0,14,institution + program + education_level,Akuntansi,Diploma 3,,,
UHN,0,46,institution + program + education_level,Akuntansi,Diploma Tiga,,,
UHN,1,137,institution + program + education_level,Akuntansi,Diploma Tiga,,,
UHN,0,15,institution + program + education_level,Akuntansi,Sarjana,,,
UHN,0,17,institution + program + education_level,Akuntansi,Sarjana Terapan,,,
UHN,0,1,institution + program + education_level,Akuntansi Sektor Publik,Diploma 3,,,
UHN,0,1,institution + program + education_level,Akuntansi Sektor Publik,Diploma Tiga,,,
UHN,0,2,institution + program + education_level,Akuntansi Sektor Publik,Sarjana,,,
UHN,0,5,institution + program + education_level,Akuntansi Sektor Publik,Sarjana Terapan,,,
UHN,1,13,institution + program + education_level,Akuntansi Sektor Publik,Sarjana Terapan,,,
UHN,0,107,institution + program + education_level,Analis Kesehatan,Diploma Tiga,,,
UHN,0,10,institution + program + education_level,Analis Kesehatan,Sarjana,,,
UHN,0,13,institution + program + education_level,Analis Kesehatan,Sarjana Terapan,,,
UHN,0,10,institution + program + education_level,Desain Komunikasi Visual,Diploma 3,,,
UHN,0,17,institution + program + education_level,Desain Komunikasi Visual,Diploma Tiga,,,
UHN,1,50,institution + program + education_level,Desain Komunikasi Visual,Diploma Tiga,,,
UHN,0,3,institution + program + education_level,Desain Komunikasi Visual,Sarjana,,,
UHN,0,3,institution + program + education_level,Desain Komunikasi Visual,Sarjana Terapan,,,
UHN,0,19,institution + program + education_level,Farmasi,Diploma 3,,,
UHN,0,42,institution + program + education_level,Farmasi,Diploma Tiga,,,
UHN,1,127,institution + program + education_level,Farmasi,Diploma Tiga,,,
UHN,0,11,institution + program + education_level,Farmasi,Sarjana,,,
UHN,0,12,institution + program + education_level,Farmasi,Sarjana Terapan,,,
UHN,0,2,institution + program + education_level,Kebidanan,Diploma 3,,,
UHN,0,4,institution + program + education_level,Kebidanan,Diploma Tiga,,,
UHN,1,14,institution + program + education_level,Kebidanan,Diploma Tiga,,,
UHN,0,2,institution + program + education_level,Kebidanan,Sarjana,,,
UHN,0,1,institution + program + education_level,Kebidanan,Sarjana Terapan,,,
UHN,0,3,institution + program + education_level,Keperawatan,Diploma 3,,,
UHN,0,16,institution + program + education_level,Keperawatan,Diploma Tiga,,,
UHN,1,46,institution + program + education_level,Keperawatan,Diploma Tiga,,,
UHN,0,9,institution + program + education_level,Keperawatan,Sarjana,,,
UHN,0,3,institution + program + education_level,Keperawatan,Sarjana Terapan,,,
UHN,0,96,institution + program + education_level,Manajemen Informatika,Diploma Tiga,,,
UHN,0,4,institution + program + education_level,Manajemen Informatika,Sarjana,,,
UHN,0,18,institution + program + education_level,Manajemen Informatika,Sarjana Terapan,,,
UHN,0,2,institution + program + education_level,Perhotelan,Diploma 3,,,
UHN,0,3,institution + program + education_level,Perhotelan,Diploma Tiga,,,
UHN,1,10,institution + program + education_level,Perhotelan,Diploma Tiga,,,
UHN,0,1,institution + program + education_level,Perhotelan,Sarjana,,,
UHN,0,1,institution + program + education_level,Perhotelan,Sarjana Terapan,,,
UHN,0,2,institution + program + education_level,Sistem Informasi,Diploma 3,,,
UHN,0,1,institution + program + education_level,Sistem Informasi,Diploma Tiga,,,
UHN,0,2,institution + program + education_level,Sistem Informasi,Sarjana,,,
UHN,1,7,institution + program + education_level,Sistem Informasi,Sarjana,,,
UHN,0,7,institution + program + education_level,Teknik Elektronika,Diploma Tiga,,,
UHN,1,21,institution + program + education_level,Teknik Elektronika,Diploma Tiga,,,
UHN,0,4,institution + program + education_level,Teknik Elektronika,Sarjana,,,
UHN,0,3,institution + program + education_level,Teknik Elektronika,Sarjana Terapan,,,
UHN,0,21,institution + program + education_level,Teknik Informatika,Diploma 3,,,
UHN,0,19,institution + program + education_level,Teknik Informatika,Diploma Tiga,,,
UHN,0,12,institution + program + education_level,Teknik Informatika,Sarjana,,,
UHN,1,36,institution + program + education_level,Teknik Informatika,Sarjana,,,
UHN,0,27,institution + program + education_level,Teknik Informatika,Sarjana Terapan,,,
UHN,1,82,institution + program + education_level,Teknik Informatika,Sarjana Terapan,,,
UHN,0,15,institution + program + education_level,Teknik Komputer,Diploma 3,,,
UHN,0,52,institution + program + education_level,Teknik Komputer,Diploma Tiga,,,
UHN,1,156,institution + program + education_level,Teknik Komputer,Diploma Tiga,,,
UHN,0,12,institution + program + education_level,Teknik Komputer,Sarjana,,,
UHN,0,25,institution + program + education_level,Teknik Komputer,Sarjana Terapan,,,
UHN,0,6,institution + program + education_level,Teknik Mesin,Diploma 3,,,
UHN,0,16,institution + program + education_level,Teknik Mesin,Diploma Tiga,,,
UHN,1,47,institution + program + education_level,Teknik Mesin,Diploma Tiga,,,
UHN,0,6,institution + program + education_level,Teknik Mesin,Sarjana,,,
UHN,0,3,institution + program + education_level,Teknik Mesin,Sarjana Terapan,,,
PMKM,0,8,institution + program + accreditation_status,Akuntansi,,Baik,,
PMKM,0,1,institution + program + accreditation_status,Akuntansi Sektor Publik,,Baik,,
PMKM,0,19,institution + program + accreditation_status,Analis Kesehatan,,Baik,,
PMKM,1,58,institution + program + accreditation_status,Analis Kesehatan,,Baik,,
PMKM,0,10,institution + program + accreditation_status,Analis Kesehatan,,Baik Sekali,,
PMKM,0,10,institution + program + accreditation_status,Analis Kesehatan,,Terakreditasi,,
PMKM,0,6,institution + program + accreditation_status,Desain Komunikasi Visual,,Baik,,
PMKM,0,15,institution + program + accreditation_status,Farmasi,,Baik,,
PMKM,1,46,institution + program + accreditation_status,Farmasi,,Baik,,
PMKM,0,8,institution + program + accreditation_status,Farmasi,,Baik Sekali,,
PMKM,0,7,institution + program + accreditation_status,Farmasi,,Terakreditasi,,
PMKM,0,3,institution + program + accreditation_status,Kebidanan,,Baik,,
PMKM,0,2,institution + program + accreditation_status,Keperawatan,,Baik,,
PMKM,0,4,institution + program + accreditation_status,Manajemen Informatika,,Baik,,
PMKM,1,12,institution + program + accreditation_status,Manajemen Informatika,,Baik,,
PMKM,0,3,institution + program + accreditation_status,Manajemen Informatika,,Baik Sekali,,
PMKM,0,1,institution + program + accreditation_status,Manajemen Informatika,,Terakreditasi,,
PMKM,0,1,institution + program + accreditation_status,Perhotelan,,Baik,,
PMKM,0,3,institution + program + accreditation_status,Sistem Informasi,,Baik,,
PMKM,0,3,institution + program + accreditation_status,Teknik Elektronika,,Baik,,
PMKM,0,6,institution + program + accreditation_status,Teknik Informatika,,Baik,,
PMKM,0,4,institution + program + accreditation_status,Teknik Komputer,,Baik,,
PMKM,0,2,institution + program + accreditation_status,Teknik Mesin,,Baik,,
UHN,0,29,institution + program + accreditation_status,Akuntansi,,Baik,,
UHN,0,46,institution + program + accreditation_status,Akuntansi,,Baik Sekali,,
UHN,1,137,institution + program + accreditation_status,Akuntansi,,Baik Sekali,,
UHN,0,17,institution + program + accreditation_status,Akuntansi,,Terakreditasi,,
UHN,0,4,institution + program + accreditation_status,Akuntansi Sektor Publik,,Baik,,
UHN,1,13,institution + program + accreditation_status,Akuntansi Sektor Publik,,Baik,,
UHN,0,2,institution + program + accreditation_status,Akuntansi Sektor Publik,,Baik Sekali,,
UHN,0,3,institution + program + accreditation_status,Akuntansi Sektor Publik,,Terakreditasi,,
UHN,0,29,institution + program + accreditation_status,Analis Kesehatan,,Baik,,
UHN,0,95,institution + program + accreditation_status,Analis Kesehatan,,Baik Sekali,,
UHN,0,6,institution + program + accreditation_status,Analis Kesehatan,,Terakreditasi,,
UHN,0,16,institution + program + accreditation_status,Desain Komunikasi Visual,,Baik,,
UHN,1,50,institution + program + accreditation_status,Desain Komunikasi Visual,,Baik,,
UHN,0,8,institution + program + accreditation_status,Desain Komunikasi Visual,,Baik Sekali,,
UHN,0,9,institution + program + accreditation_status,Desain Komunikasi Visual,,Terakreditasi,,
UHN,0,19,institution + program + accreditation_status,Farmasi,,Baik,,
UHN,0,42,institution + program + accreditation_status,Farmasi,,Baik Sekali,,
UHN,1,127,institution + program + accreditation_status,Farmasi,,Baik Sekali,,
UHN,0,23,institution + program + accreditation_status,Farmasi,,Terakreditasi,,
UHN,0,3,institution + program + accreditation_status,Kebidanan,,Baik,,
UHN,0,5,institution + program + accreditation_status,Kebidanan,,Baik Sekali,,
UHN,1,14,institution + program + accreditation_status,Kebidanan,,Baik Sekali,,
UHN,0,1,institution + program + accreditation_status,Kebidanan,,Terakreditasi,,
UHN,0,15,institution + program + accreditation_status,Keperawatan,,Baik,,
UHN,1,46,institution + program + accreditation_status,Keperawatan,,Baik,,
UHN,0,10,institution + program + accreditation_status,Keperawatan,,Baik Sekali,,
UHN,0,6,institution + program + accreditation_status,Keperawatan,,Terakreditasi,,
UHN,0,24,institution + program + accreditation_status,Manajemen Informatika,,Baik,,
UHN,0,93,institution + program + accreditation_status,Manajemen Informatika,,Baik Sekali,,
UHN,0,1,institution + program + accreditation_status,Manajemen Informatika,,Terakreditasi,,
UHN,0,4,institution + program + accreditation_status,Perhotelan,,Baik,,
UHN,1,10,institution + program + accreditation_status,Perhotelan,,Baik,,
UHN,0,1,institution + program + accreditation_status,Perhotelan,,Baik Sekali,,
UHN,0,2,institution + program + accreditation_status,Perhotelan,,Terakreditasi,,
UHN,0,3,institution + program + accreditation_status,Sistem Informasi,,Baik,,
UHN,1,7,institution + program + accreditation_status,Sistem Informasi,,Baik,,
UHN,0,1,institution + program + accreditation_status,Sistem Informasi,,Baik Sekali,,
UHN,0,1,institution + program + accreditation_status,Sistem Informasi,,Terakreditasi,,
UHN,0,4,institution + program + accreditation_status,Teknik Elektronika,,Baik,,
UHN,0,3,institution + program + accreditation_status,Teknik Elektronika,,Baik Sekali,,
UHN,0,7,institution + program + accreditation_status,Teknik Elektronika,,Terakreditasi,,
UHN,1,21,institution + program + accreditation_status,Teknik Elektronika,,Terakreditasi,,
UHN,0,25,institution + program + accreditation_status,Teknik Informatika,,Baik,,
UHN,1,36,institution + program + accreditation_status,Teknik Informatika,,Baik,,
UHN,0,31,institution + program + accreditation_status,Teknik Informatika,,Baik Sekali,,
UHN,1,82,institution + program + accreditation_status,Teknik Informatika,,Baik Sekali,,
UHN,0,23,institution + program + accreditation_status,Teknik Informatika,,Terakreditasi,,
UHN,0,26,institution + program + accreditation_status,Teknik Komputer,,Baik,,
UHN,0,52,institution + program + accreditation_status,Teknik Komputer,,Baik Sekali,,
UHN,1,156,institution + program + accreditation_status,Teknik Komputer,,Baik Sekali,,
UHN,0,26,institution + program + accreditation_status,Teknik Komputer,,Terakreditasi,,
UHN,0,6,institution + program + accreditation_status,Teknik Mesin,,Baik,,
UHN,0,15,institution + program + accreditation_status,Teknik Mesin,,Baik Sekali,,
UHN,1,47,institution + program + accreditation_status,Teknik Mesin,,Baik Sekali,,
UHN,0,10,institution + program + accreditation_status,Teknik Mesin,,Terakreditasi,,
PMKM,0,8,institution + program + graduation_predicate,Akuntansi,,,__MISSING__,
PMKM,0,1,institution + program + graduation_predicate,Akuntansi Sektor Publik,,,__MISSING__,
PMKM,0,39,institution + program + graduation_predicate,Analis Kesehatan,,,__MISSING__,
PMKM,1,58,institution + program + graduation_predicate,Analis Kesehatan,,,__MISSING__,
PMKM,0,6,institution + program + graduation_predicate,Desain Komunikasi Visual,,,__MISSING__,
PMKM,0,30,institution + program + graduation_predicate,Farmasi,,,__MISSING__,
PMKM,1,46,institution + program + graduation_predicate,Farmasi,,,__MISSING__,
PMKM,0,3,institution + program + graduation_predicate,Kebidanan,,,__MISSING__,
PMKM,0,2,institution + program + graduation_predicate,Keperawatan,,,__MISSING__,
PMKM,0,8,institution + program + graduation_predicate,Manajemen Informatika,,,__MISSING__,
PMKM,1,12,institution + program + graduation_predicate,Manajemen Informatika,,,__MISSING__,
PMKM,0,1,institution + program + graduation_predicate,Perhotelan,,,__MISSING__,
PMKM,0,3,institution + program + graduation_predicate,Sistem Informasi,,,__MISSING__,
PMKM,0,3,institution + program + graduation_predicate,Teknik Elektronika,,,__MISSING__,
PMKM,0,6,institution + program + graduation_predicate,Teknik Informatika,,,__MISSING__,
PMKM,0,4,institution + program + graduation_predicate,Teknik Komputer,,,__MISSING__,
PMKM,0,2,institution + program + graduation_predicate,Teknik Mesin,,,__MISSING__,
UHN,0,69,institution + program + graduation_predicate,Akuntansi,,,Dengan Pujian,
UHN,1,109,institution + program + graduation_predicate,Akuntansi,,,Dengan Pujian,
UHN,0,23,institution + program + graduation_predicate,Akuntansi,,,Sangat Memuaskan,
UHN,1,28,institution + program + graduation_predicate,Akuntansi,,,Sangat Memuaskan,
UHN,0,7,institution + program + graduation_predicate,Akuntansi Sektor Publik,,,Dengan Pujian,
UHN,1,10,institution + program + graduation_predicate,Akuntansi Sektor Publik,,,Dengan Pujian,
UHN,0,2,institution + program + graduation_predicate,Akuntansi Sektor Publik,,,Sangat Memuaskan,
UHN,1,3,institution + program + graduation_predicate,Akuntansi Sektor Publik,,,Sangat Memuaskan,
UHN,0,89,institution + program + graduation_predicate,Analis Kesehatan,,,Dengan Pujian,
UHN,0,41,institution + program + graduation_predicate,Analis Kesehatan,,,Sangat Memuaskan,
UHN,0,5,institution + program + graduation_predicate,Desain Komunikasi Visual,,,Dengan Pujian,
UHN,1,12,institution + program + graduation_predicate,Desain Komunikasi Visual,,,Dengan Pujian,
UHN,0,2,institution + program + graduation_predicate,Desain Komunikasi Visual,,,Memuaskan,
UHN,1,2,institution + program + graduation_predicate,Desain Komunikasi Visual,,,Memuaskan,
UHN,0,26,institution + program + graduation_predicate,Desain Komunikasi Visual,,,Sangat Memuaskan,
UHN,1,36,institution + program + graduation_predicate,Desain Komunikasi Visual,,,Sangat Memuaskan,
UHN,0,32,institution + program + graduation_predicate,Farmasi,,,Dengan Pujian,
UHN,1,47,institution + program + graduation_predicate,Farmasi,,,Dengan Pujian,
UHN,0,52,institution + program + graduation_predicate,Farmasi,,,Sangat Memuaskan,
UHN,1,80,institution + program + graduation_predicate,Farmasi,,,Sangat Memuaskan,
UHN,0,6,institution + program + graduation_predicate,Kebidanan,,,Dengan Pujian,
UHN,1,9,institution + program + graduation_predicate,Kebidanan,,,Dengan Pujian,
UHN,0,3,institution + program + graduation_predicate,Kebidanan,,,Sangat Memuaskan,
UHN,1,5,institution + program + graduation_predicate,Kebidanan,,,Sangat Memuaskan,
UHN,0,20,institution + program + graduation_predicate,Keperawatan,,,Dengan Pujian,
UHN,1,29,institution + program + graduation_predicate,Keperawatan,,,Dengan Pujian,
UHN,0,11,institution + program + graduation_predicate,Keperawatan,,,Sangat Memuaskan,
UHN,1,17,institution + program + graduation_predicate,Keperawatan,,,Sangat Memuaskan,
UHN,0,73,institution + program + graduation_predicate,Manajemen Informatika,,,Dengan Pujian,
UHN,0,45,institution + program + graduation_predicate,Manajemen Informatika,,,Sangat Memuaskan,
UHN,0,2,institution + program + graduation_predicate,Perhotelan,,,Dengan Pujian,
UHN,1,5,institution + program + graduation_predicate,Perhotelan,,,Dengan Pujian,
UHN,0,5,institution + program + graduation_predicate,Perhotelan,,,Sangat Memuaskan,
UHN,1,5,institution + program + graduation_predicate,Perhotelan,,,Sangat Memuaskan,
UHN,0,4,institution + program + graduation_predicate,Sistem Informasi,,,Dengan Pujian,
UHN,1,6,institution + program + graduation_predicate,Sistem Informasi,,,Dengan Pujian,
UHN,0,1,institution + program + graduation_predicate,Sistem Informasi,,,Sangat Memuaskan,
UHN,1,1,institution + program + graduation_predicate,Sistem Informasi,,,Sangat Memuaskan,
UHN,0,8,institution + program + graduation_predicate,Teknik Elektronika,,,Dengan Pujian,
UHN,1,13,institution + program + graduation_predicate,Teknik Elektronika,,,Dengan Pujian,
UHN,0,6,institution + program + graduation_predicate,Teknik Elektronika,,,Sangat Memuaskan,
UHN,1,8,institution + program + graduation_predicate,Teknik Elektronika,,,Sangat Memuaskan,
UHN,0,48,institution + program + graduation_predicate,Teknik Informatika,,,Dengan Pujian,
UHN,1,78,institution + program + graduation_predicate,Teknik Informatika,,,Dengan Pujian,
UHN,0,1,institution + program + graduation_predicate,Teknik Informatika,,,Memuaskan,
UHN,1,1,institution + program + graduation_predicate,Teknik Informatika,,,Memuaskan,
UHN,0,30,institution + program + graduation_predicate,Teknik Informatika,,,Sangat Memuaskan,
UHN,1,39,institution + program + graduation_predicate,Teknik Informatika,,,Sangat Memuaskan,
UHN,0,76,institution + program + graduation_predicate,Teknik Komputer,,,Dengan Pujian,
UHN,1,111,institution + program + graduation_predicate,Teknik Komputer,,,Dengan Pujian,
UHN,0,28,institution + program + graduation_predicate,Teknik Komputer,,,Sangat Memuaskan,
UHN,1,45,institution + program + graduation_predicate,Teknik Komputer,,,Sangat Memuaskan,
UHN,0,14,institution + program + graduation_predicate,Teknik Mesin,,,Dengan Pujian,
UHN,1,24,institution + program + graduation_predicate,Teknik Mesin,,,Dengan Pujian,
UHN,0,17,institution + program + graduation_predicate,Teknik Mesin,,,Sangat Memuaskan,
UHN,1,23,institution + program + graduation_predicate,Teknik Mesin,,,Sangat Memuaskan,
PMKM,0,8,institution + program + faculty_program_name,Akuntansi,,,,__MISSING__
PMKM,0,1,institution + program + faculty_program_name,Akuntansi Sektor Publik,,,,__MISSING__
PMKM,0,39,institution + program + faculty_program_name,Analis Kesehatan,,,,__MISSING__
PMKM,1,58,institution + program + faculty_program_name,Analis Kesehatan,,,,__MISSING__
PMKM,0,6,institution + program + faculty_program_name,Desain Komunikasi Visual,,,,__MISSING__
PMKM,0,30,institution + program + faculty_program_name,Farmasi,,,,__MISSING__
PMKM,1,46,institution + program + faculty_program_name,Farmasi,,,,__MISSING__
PMKM,0,3,institution + program + faculty_program_name,Kebidanan,,,,__MISSING__
PMKM,0,2,institution + program + faculty_program_name,Keperawatan,,,,__MISSING__
PMKM,0,8,institution + program + faculty_program_name,Manajemen Informatika,,,,__MISSING__
PMKM,1,12,institution + program + faculty_program_name,Manajemen Informatika,,,,__MISSING__
PMKM,0,1,institution + program + faculty_program_name,Perhotelan,,,,__MISSING__
PMKM,0,3,institution + program + faculty_program_name,Sistem Informasi,,,,__MISSING__
PMKM,0,3,institution + program + faculty_program_name,Teknik Elektronika,,,,__MISSING__
PMKM,0,6,institution + program + faculty_program_name,Teknik Informatika,,,,__MISSING__
PMKM,0,4,institution + program + faculty_program_name,Teknik Komputer,,,,__MISSING__
PMKM,0,2,institution + program + faculty_program_name,Teknik Mesin,,,,__MISSING__
UHN,0,92,institution + program + faculty_program_name,Akuntansi,,,,Sekolah Vokasi/D3 Akuntansi
UHN,1,137,institution + program + faculty_program_name,Akuntansi,,,,Sekolah Vokasi/D3 Akuntansi
UHN,0,9,institution + program + faculty_program_name,Akuntansi Sektor Publik,,,,Sekolah Vokasi/D4 Akuntansi Sektor Publik
UHN,1,13,institution + program + faculty_program_name,Akuntansi Sektor Publik,,,,Sekolah Vokasi/D4 Akuntansi Sektor Publik
UHN,0,2,institution + program + faculty_program_name,Analis Kesehatan,,,,Fakultas Sains dan Teknologi/S1 Sistem Informasi
UHN,0,8,institution + program + faculty_program_name,Analis Kesehatan,,,,Fakultas Sains dan Teknologi/S1 Teknik Informatika
UHN,0,27,institution + program + faculty_program_name,Analis Kesehatan,,,,Sekolah Vokasi/D3 Akuntansi
UHN,0,9,institution + program + faculty_program_name,Analis Kesehatan,,,,Sekolah Vokasi/D3 Desain Komunikasi Visual
UHN,0,19,institution + program + faculty_program_name,Analis Kesehatan,,,,Sekolah Vokasi/D3 Farmasi
UHN,0,4,institution + program + faculty_program_name,Analis Kesehatan,,,,Sekolah Vokasi/D3 Kebidanan
UHN,0,7,institution + program + faculty_program_name,Analis Kesehatan,,,,Sekolah Vokasi/D3 Keperawatan
UHN,0,2,institution + program + faculty_program_name,Analis Kesehatan,,,,Sekolah Vokasi/D3 Perhotelan
UHN,0,6,institution + program + faculty_program_name,Analis Kesehatan,,,,Sekolah Vokasi/D3 Teknik Elektronika
UHN,0,24,institution + program + faculty_program_name,Analis Kesehatan,,,,Sekolah Vokasi/D3 Teknik Komputer
UHN,0,9,institution + program + faculty_program_name,Analis Kesehatan,,,,Sekolah Vokasi/D3 Teknik Mesin
UHN,0,1,institution + program + faculty_program_name,Analis Kesehatan,,,,Sekolah Vokasi/D4 Akuntansi Sektor Publik
UHN,0,12,institution + program + faculty_program_name,Analis Kesehatan,,,,Sekolah Vokasi/D4 Teknik Informatika
UHN,0,33,institution + program + faculty_program_name,Desain Komunikasi Visual,,,,Sekolah Vokasi/D3 Desain Komunikasi Visual
UHN,1,50,institution + program + faculty_program_name,Desain Komunikasi Visual,,,,Sekolah Vokasi/D3 Desain Komunikasi Visual
UHN,0,84,institution + program + faculty_program_name,Farmasi,,,,Sekolah Vokasi/D3 Farmasi
UHN,1,127,institution + program + faculty_program_name,Farmasi,,,,Sekolah Vokasi/D3 Farmasi
UHN,0,9,institution + program + faculty_program_name,Kebidanan,,,,Sekolah Vokasi/D3 Kebidanan
UHN,1,14,institution + program + faculty_program_name,Kebidanan,,,,Sekolah Vokasi/D3 Kebidanan
UHN,0,31,institution + program + faculty_program_name,Keperawatan,,,,Sekolah Vokasi/D3 Keperawatan
UHN,1,46,institution + program + faculty_program_name,Keperawatan,,,,Sekolah Vokasi/D3 Keperawatan
UHN,0,4,institution + program + faculty_program_name,Manajemen Informatika,,,,Fakultas Sains dan Teknologi/S1 Teknik Informatika
UHN,0,18,institution + program + faculty_program_name,Manajemen Informatika,,,,Sekolah Vokasi/D3 Akuntansi
UHN,0,8,institution + program + faculty_program_name,Manajemen Informatika,,,,Sekolah Vokasi/D3 Desain Komunikasi Visual
UHN,0,24,institution + program + faculty_program_name,Manajemen Informatika,,,,Sekolah Vokasi/D3 Farmasi
UHN,0,1,institution + program + faculty_program_name,Manajemen Informatika,,,,Sekolah Vokasi/D3 Kebidanan
UHN,0,8,institution + program + faculty_program_name,Manajemen Informatika,,,,Sekolah Vokasi/D3 Keperawatan
UHN,0,1,institution + program + faculty_program_name,Manajemen Informatika,,,,Sekolah Vokasi/D3 Perhotelan
UHN,0,1,institution + program + faculty_program_name,Manajemen Informatika,,,,Sekolah Vokasi/D3 Teknik Elektronika
UHN,0,28,institution + program + faculty_program_name,Manajemen Informatika,,,,Sekolah Vokasi/D3 Teknik Komputer
UHN,0,7,institution + program + faculty_program_name,Manajemen Informatika,,,,Sekolah Vokasi/D3 Teknik Mesin
UHN,0,3,institution + program + faculty_program_name,Manajemen Informatika,,,,Sekolah Vokasi/D4 Akuntansi Sektor Publik
UHN,0,15,institution + program + faculty_program_name,Manajemen Informatika,,,,Sekolah Vokasi/D4 Teknik Informatika
UHN,0,7,institution + program + faculty_program_name,Perhotelan,,,,Sekolah Vokasi/D3 Perhotelan
UHN,1,10,institution + program + faculty_program_name,Perhotelan,,,,Sekolah Vokasi/D3 Perhotelan
UHN,0,5,institution + program + faculty_program_name,Sistem Informasi,,,,Fakultas Sains dan Teknologi/S1 Sistem Informasi
UHN,1,7,institution + program + faculty_program_name,Sistem Informasi,,,,Fakultas Sains dan Teknologi/S1 Sistem Informasi
UHN,0,14,institution + program + faculty_program_name,Teknik Elektronika,,,,Sekolah Vokasi/D3 Teknik Elektronika
UHN,1,21,institution + program + faculty_program_name,Teknik Elektronika,,,,Sekolah Vokasi/D3 Teknik Elektronika
UHN,0,24,institution + program + faculty_program_name,Teknik Informatika,,,,Fakultas Sains dan Teknologi/S1 Teknik Informatika
UHN,1,36,institution + program + faculty_program_name,Teknik Informatika,,,,Fakultas Sains dan Teknologi/S1 Teknik Informatika
UHN,0,55,institution + program + faculty_program_name,Teknik Informatika,,,,Sekolah Vokasi/D4 Teknik Informatika
UHN,1,82,institution + program + faculty_program_name,Teknik Informatika,,,,Sekolah Vokasi/D4 Teknik Informatika
UHN,0,104,institution + program + faculty_program_name,Teknik Komputer,,,,Sekolah Vokasi/D3 Teknik Komputer
UHN,1,156,institution + program + faculty_program_name,Teknik Komputer,,,,Sekolah Vokasi/D3 Teknik Komputer
UHN,0,31,institution + program + faculty_program_name,Teknik Mesin,,,,Sekolah Vokasi/D3 Teknik Mesin
UHN,1,47,institution + program + faculty_program_name,Teknik Mesin,,,,Sekolah Vokasi/D3 Teknik Mesin
PMKM,0,39,institution + education_level + accreditation_status,,Diploma 3,Baik,,
PMKM,1,116,institution + education_level + accreditation_status,,Diploma 3,Baik,,
PMKM,0,21,institution + education_level + accreditation_status,,Diploma 3,Baik Sekali,,
PMKM,0,18,institution + education_level + accreditation_status,,Diploma 3,Terakreditasi,,
PMKM,0,9,institution + education_level + accreditation_status,,Diploma Tiga,Baik,,
PMKM,0,16,institution + education_level + accreditation_status,,Sarjana,Baik,,
PMKM,0,13,institution + education_level + accreditation_status,,Sarjana Terapan,Baik,,
UHN,0,24,institution + education_level + accreditation_status,,Diploma 3,Baik,,
UHN,0,71,institution + education_level + accreditation_status,,Diploma 3,Baik Sekali,,
UHN,0,130,institution + education_level + accreditation_status,,Diploma Tiga,Baik,,
UHN,1,106,institution + education_level + accreditation_status,,Diploma Tiga,Baik,,
UHN,0,196,institution + education_level + accreditation_status,,Diploma Tiga,Baik Sekali,,
UHN,1,481,institution + education_level + accreditation_status,,Diploma Tiga,Baik Sekali,,
UHN,0,101,institution + education_level + accreditation_status,,Diploma Tiga,Terakreditasi,,
UHN,1,21,institution + education_level + accreditation_status,,Diploma Tiga,Terakreditasi,,
UHN,0,29,institution + education_level + accreditation_status,,Sarjana,Baik,,
UHN,1,43,institution + education_level + accreditation_status,,Sarjana,Baik,,
UHN,0,50,institution + education_level + accreditation_status,,Sarjana,Baik Sekali,,
UHN,0,14,institution + education_level + accreditation_status,,Sarjana,Terakreditasi,,
UHN,0,24,institution + education_level + accreditation_status,,Sarjana Terapan,Baik,,
UHN,1,13,institution + education_level + accreditation_status,,Sarjana Terapan,Baik,,
UHN,0,87,institution + education_level + accreditation_status,,Sarjana Terapan,Baik Sekali,,
UHN,1,82,institution + education_level + accreditation_status,,Sarjana Terapan,Baik Sekali,,
UHN,0,20,institution + education_level + accreditation_status,,Sarjana Terapan,Terakreditasi,,
PMKM,0,78,institution + education_level + graduation_predicate,,Diploma 3,,__MISSING__,
PMKM,1,116,institution + education_level + graduation_predicate,,Diploma 3,,__MISSING__,
PMKM,0,9,institution + education_level + graduation_predicate,,Diploma Tiga,,__MISSING__,
PMKM,0,16,institution + education_level + graduation_predicate,,Sarjana,,__MISSING__,
PMKM,0,13,institution + education_level + graduation_predicate,,Sarjana Terapan,,__MISSING__,
UHN,0,49,institution + education_level + graduation_predicate,,Diploma 3,,Dengan Pujian,
UHN,0,46,institution + education_level + graduation_predicate,,Diploma 3,,Sangat Memuaskan,
UHN,0,258,institution + education_level + graduation_predicate,,Diploma Tiga,,Dengan Pujian,
UHN,1,359,institution + education_level + graduation_predicate,,Diploma Tiga,,Dengan Pujian,
UHN,0,3,institution + education_level + graduation_predicate,,Diploma Tiga,,Memuaskan,
UHN,1,2,institution + education_level + graduation_predicate,,Diploma Tiga,,Memuaskan,
UHN,0,166,institution + education_level + graduation_predicate,,Diploma Tiga,,Sangat Memuaskan,
UHN,1,247,institution + education_level + graduation_predicate,,Diploma Tiga,,Sangat Memuaskan,
UHN,0,62,institution + education_level + graduation_predicate,,Sarjana,,Dengan Pujian,
UHN,1,35,institution + education_level + graduation_predicate,,Sarjana,,Dengan Pujian,
UHN,0,31,institution + education_level + graduation_predicate,,Sarjana,,Sangat Memuaskan,
UHN,1,8,institution + education_level + graduation_predicate,,Sarjana,,Sangat Memuaskan,
UHN,0,84,institution + education_level + graduation_predicate,,Sarjana Terapan,,Dengan Pujian,
UHN,1,59,institution + education_level + graduation_predicate,,Sarjana Terapan,,Dengan Pujian,
UHN,1,1,institution + education_level + graduation_predicate,,Sarjana Terapan,,Memuaskan,
UHN,0,47,institution + education_level + graduation_predicate,,Sarjana Terapan,,Sangat Memuaskan,
UHN,1,35,institution + education_level + graduation_predicate,,Sarjana Terapan,,Sangat Memuaskan,
PMKM,0,78,institution + education_level + faculty_program_name,,Diploma 3,,,__MISSING__
PMKM,1,116,institution + education_level + faculty_program_name,,Diploma 3,,,__MISSING__
PMKM,0,9,institution + education_level + faculty_program_name,,Diploma Tiga,,,__MISSING__
PMKM,0,16,institution + education_level + faculty_program_name,,Sarjana,,,__MISSING__
PMKM,0,13,institution + education_level + faculty_program_name,,Sarjana Terapan,,,__MISSING__
UHN,0,2,institution + education_level + faculty_program_name,,Diploma 3,,,Fakultas Sains dan Teknologi/S1 Sistem Informasi
UHN,0,6,institution + education_level + faculty_program_name,,Diploma 3,,,Fakultas Sains dan Teknologi/S1 Teknik Informatika
UHN,0,14,institution + education_level + faculty_program_name,,Diploma 3,,,Sekolah Vokasi/D3 Akuntansi
UHN,0,10,institution + education_level + faculty_program_name,,Diploma 3,,,Sekolah Vokasi/D3 Desain Komunikasi Visual
UHN,0,19,institution + education_level + faculty_program_name,,Diploma 3,,,Sekolah Vokasi/D3 Farmasi
UHN,0,2,institution + education_level + faculty_program_name,,Diploma 3,,,Sekolah Vokasi/D3 Kebidanan
UHN,0,3,institution + education_level + faculty_program_name,,Diploma 3,,,Sekolah Vokasi/D3 Keperawatan
UHN,0,2,institution + education_level + faculty_program_name,,Diploma 3,,,Sekolah Vokasi/D3 Perhotelan
UHN,0,15,institution + education_level + faculty_program_name,,Diploma 3,,,Sekolah Vokasi/D3 Teknik Komputer
UHN,0,6,institution + education_level + faculty_program_name,,Diploma 3,,,Sekolah Vokasi/D3 Teknik Mesin
UHN,0,1,institution + education_level + faculty_program_name,,Diploma 3,,,Sekolah Vokasi/D4 Akuntansi Sektor Publik
UHN,0,15,institution + education_level + faculty_program_name,,Diploma 3,,,Sekolah Vokasi/D4 Teknik Informatika
UHN,0,1,institution + education_level + faculty_program_name,,Diploma Tiga,,,Fakultas Sains dan Teknologi/S1 Sistem Informasi
UHN,0,6,institution + education_level + faculty_program_name,,Diploma Tiga,,,Fakultas Sains dan Teknologi/S1 Teknik Informatika
UHN,0,91,institution + education_level + faculty_program_name,,Diploma Tiga,,,Sekolah Vokasi/D3 Akuntansi
UHN,1,137,institution + education_level + faculty_program_name,,Diploma Tiga,,,Sekolah Vokasi/D3 Akuntansi
UHN,0,34,institution + education_level + faculty_program_name,,Diploma Tiga,,,Sekolah Vokasi/D3 Desain Komunikasi Visual
UHN,1,50,institution + education_level + faculty_program_name,,Diploma Tiga,,,Sekolah Vokasi/D3 Desain Komunikasi Visual
UHN,0,85,institution + education_level + faculty_program_name,,Diploma Tiga,,,Sekolah Vokasi/D3 Farmasi
UHN,1,127,institution + education_level + faculty_program_name,,Diploma Tiga,,,Sekolah Vokasi/D3 Farmasi
UHN,0,9,institution + education_level + faculty_program_name,,Diploma Tiga,,,Sekolah Vokasi/D3 Kebidanan
UHN,1,14,institution + education_level + faculty_program_name,,Diploma Tiga,,,Sekolah Vokasi/D3 Kebidanan
UHN,0,31,institution + education_level + faculty_program_name,,Diploma Tiga,,,Sekolah Vokasi/D3 Keperawatan
UHN,1,46,institution + education_level + faculty_program_name,,Diploma Tiga,,,Sekolah Vokasi/D3 Keperawatan
UHN,0,6,institution + education_level + faculty_program_name,,Diploma Tiga,,,Sekolah Vokasi/D3 Perhotelan
UHN,1,10,institution + education_level + faculty_program_name,,Diploma Tiga,,,Sekolah Vokasi/D3 Perhotelan
UHN,0,14,institution + education_level + faculty_program_name,,Diploma Tiga,,,Sekolah Vokasi/D3 Teknik Elektronika
UHN,1,21,institution + education_level + faculty_program_name,,Diploma Tiga,,,Sekolah Vokasi/D3 Teknik Elektronika
UHN,0,104,institution + education_level + faculty_program_name,,Diploma Tiga,,,Sekolah Vokasi/D3 Teknik Komputer
UHN,1,156,institution + education_level + faculty_program_name,,Diploma Tiga,,,Sekolah Vokasi/D3 Teknik Komputer
UHN,0,32,institution + education_level + faculty_program_name,,Diploma Tiga,,,Sekolah Vokasi/D3 Teknik Mesin
UHN,1,47,institution + education_level + faculty_program_name,,Diploma Tiga,,,Sekolah Vokasi/D3 Teknik Mesin
UHN,0,1,institution + education_level + faculty_program_name,,Diploma Tiga,,,Sekolah Vokasi/D4 Akuntansi Sektor Publik
UHN,0,13,institution + education_level + faculty_program_name,,Diploma Tiga,,,Sekolah Vokasi/D4 Teknik Informatika
UHN,0,4,institution + education_level + faculty_program_name,,Sarjana,,,Fakultas Sains dan Teknologi/S1 Sistem Informasi
UHN,1,7,institution + education_level + faculty_program_name,,Sarjana,,,Fakultas Sains dan Teknologi/S1 Sistem Informasi
UHN,0,24,institution + education_level + faculty_program_name,,Sarjana,,,Fakultas Sains dan Teknologi/S1 Teknik Informatika
UHN,1,36,institution + education_level + faculty_program_name,,Sarjana,,,Fakultas Sains dan Teknologi/S1 Teknik Informatika
UHN,0,15,institution + education_level + faculty_program_name,,Sarjana,,,Sekolah Vokasi/D3 Akuntansi
UHN,0,3,institution + education_level + faculty_program_name,,Sarjana,,,Sekolah Vokasi/D3 Desain Komunikasi Visual
UHN,0,11,institution + education_level + faculty_program_name,,Sarjana,,,Sekolah Vokasi/D3 Farmasi
UHN,0,2,institution + education_level + faculty_program_name,,Sarjana,,,Sekolah Vokasi/D3 Kebidanan
UHN,0,9,institution + education_level + faculty_program_name,,Sarjana,,,Sekolah Vokasi/D3 Keperawatan
UHN,0,1,institution + education_level + faculty_program_name,,Sarjana,,,Sekolah Vokasi/D3 Perhotelan
UHN,0,4,institution + education_level + faculty_program_name,,Sarjana,,,Sekolah Vokasi/D3 Teknik Elektronika
UHN,0,12,institution + education_level + faculty_program_name,,Sarjana,,,Sekolah Vokasi/D3 Teknik Komputer
UHN,0,6,institution + education_level + faculty_program_name,,Sarjana,,,Sekolah Vokasi/D3 Teknik Mesin
UHN,0,2,institution + education_level + faculty_program_name,,Sarjana,,,Sekolah Vokasi/D4 Akuntansi Sektor Publik
UHN,0,17,institution + education_level + faculty_program_name,,Sarjana Terapan,,,Sekolah Vokasi/D3 Akuntansi
UHN,0,3,institution + education_level + faculty_program_name,,Sarjana Terapan,,,Sekolah Vokasi/D3 Desain Komunikasi Visual
UHN,0,12,institution + education_level + faculty_program_name,,Sarjana Terapan,,,Sekolah Vokasi/D3 Farmasi
UHN,0,1,institution + education_level + faculty_program_name,,Sarjana Terapan,,,Sekolah Vokasi/D3 Kebidanan
UHN,0,3,institution + education_level + faculty_program_name,,Sarjana Terapan,,,Sekolah Vokasi/D3 Keperawatan
UHN,0,1,institution + education_level + faculty_program_name,,Sarjana Terapan,,,Sekolah Vokasi/D3 Perhotelan
UHN,0,3,institution + education_level + faculty_program_name,,Sarjana Terapan,,,Sekolah Vokasi/D3 Teknik Elektronika
UHN,0,25,institution + education_level + faculty_program_name,,Sarjana Terapan,,,Sekolah Vokasi/D3 Teknik Komputer
UHN,0,3,institution + education_level + faculty_program_name,,Sarjana Terapan,,,Sekolah Vokasi/D3 Teknik Mesin
UHN,0,9,institution + education_level + faculty_program_name,,Sarjana Terapan,,,Sekolah Vokasi/D4 Akuntansi Sektor Publik
UHN,1,13,institution + education_level + faculty_program_name,,Sarjana Terapan,,,Sekolah Vokasi/D4 Akuntansi Sektor Publik
UHN,0,54,institution + education_level + faculty_program_name,,Sarjana Terapan,,,Sekolah Vokasi/D4 Teknik Informatika
UHN,1,82,institution + education_level + faculty_program_name,,Sarjana Terapan,,,Sekolah Vokasi/D4 Teknik Informatika
PMKM,0,77,institution + accreditation_status + graduation_predicate,,,Baik,__MISSING__,
PMKM,1,116,institution + accreditation_status + graduation_predicate,,,Baik,__MISSING__,
PMKM,0,21,institution + accreditation_status + graduation_predicate,,,Baik Sekali,__MISSING__,
PMKM,0,18,institution + accreditation_status + graduation_predicate,,,Terakreditasi,__MISSING__,
UHN,0,133,institution + accreditation_status + graduation_predicate,,,Baik,Dengan Pujian,
UHN,1,91,institution + accreditation_status + graduation_predicate,,,Baik,Dengan Pujian,
UHN,1,2,institution + accreditation_status + graduation_predicate,,,Baik,Memuaskan,
UHN,0,74,institution + accreditation_status + graduation_predicate,,,Baik,Sangat Memuaskan,
UHN,1,69,institution + accreditation_status + graduation_predicate,,,Baik,Sangat Memuaskan,
UHN,0,245,institution + accreditation_status + graduation_predicate,,,Baik Sekali,Dengan Pujian,
UHN,1,349,institution + accreditation_status + graduation_predicate,,,Baik Sekali,Dengan Pujian,
UHN,0,1,institution + accreditation_status + graduation_predicate,,,Baik Sekali,Memuaskan,
UHN,1,1,institution + accreditation_status + graduation_predicate,,,Baik Sekali,Memuaskan,
UHN,0,158,institution + accreditation_status + graduation_predicate,,,Baik Sekali,Sangat Memuaskan,
UHN,1,213,institution + accreditation_status + graduation_predicate,,,Baik Sekali,Sangat Memuaskan,
UHN,0,75,institution + accreditation_status + graduation_predicate,,,Terakreditasi,Dengan Pujian,
UHN,1,13,institution + accreditation_status + graduation_predicate,,,Terakreditasi,Dengan Pujian,
UHN,0,2,institution + accreditation_status + graduation_predicate,,,Terakreditasi,Memuaskan,
UHN,0,58,institution + accreditation_status + graduation_predicate,,,Terakreditasi,Sangat Memuaskan,
UHN,1,8,institution + accreditation_status + graduation_predicate,,,Terakreditasi,Sangat Memuaskan,
PMKM,0,77,institution + accreditation_status + faculty_program_name,,,Baik,,__MISSING__
PMKM,1,116,institution + accreditation_status + faculty_program_name,,,Baik,,__MISSING__
PMKM,0,21,institution + accreditation_status + faculty_program_name,,,Baik Sekali,,__MISSING__
PMKM,0,18,institution + accreditation_status + faculty_program_name,,,Terakreditasi,,__MISSING__
UHN,0,5,institution + accreditation_status + faculty_program_name,,,Baik,,Fakultas Sains dan Teknologi/S1 Sistem Informasi
UHN,1,7,institution + accreditation_status + faculty_program_name,,,Baik,,Fakultas Sains dan Teknologi/S1 Sistem Informasi
UHN,0,24,institution + accreditation_status + faculty_program_name,,,Baik,,Fakultas Sains dan Teknologi/S1 Teknik Informatika
UHN,1,36,institution + accreditation_status + faculty_program_name,,,Baik,,Fakultas Sains dan Teknologi/S1 Teknik Informatika
UHN,0,29,institution + accreditation_status + faculty_program_name,,,Baik,,Sekolah Vokasi/D3 Akuntansi
UHN,0,33,institution + accreditation_status + faculty_program_name,,,Baik,,Sekolah Vokasi/D3 Desain Komunikasi Visual
UHN,1,50,institution + accreditation_status + faculty_program_name,,,Baik,,Sekolah Vokasi/D3 Desain Komunikasi Visual
UHN,0,19,institution + accreditation_status + faculty_program_name,,,Baik,,Sekolah Vokasi/D3 Farmasi
UHN,0,3,institution + accreditation_status + faculty_program_name,,,Baik,,Sekolah Vokasi/D3 Kebidanan
UHN,0,30,institution + accreditation_status + faculty_program_name,,,Baik,,Sekolah Vokasi/D3 Keperawatan
UHN,1,46,institution + accreditation_status + faculty_program_name,,,Baik,,Sekolah Vokasi/D3 Keperawatan
UHN,0,7,institution + accreditation_status + faculty_program_name,,,Baik,,Sekolah Vokasi/D3 Perhotelan
UHN,1,10,institution + accreditation_status + faculty_program_name,,,Baik,,Sekolah Vokasi/D3 Perhotelan
UHN,0,4,institution + accreditation_status + faculty_program_name,,,Baik,,Sekolah Vokasi/D3 Teknik Elektronika
UHN,0,26,institution + accreditation_status + faculty_program_name,,,Baik,,Sekolah Vokasi/D3 Teknik Komputer
UHN,0,6,institution + accreditation_status + faculty_program_name,,,Baik,,Sekolah Vokasi/D3 Teknik Mesin
UHN,0,8,institution + accreditation_status + faculty_program_name,,,Baik,,Sekolah Vokasi/D4 Akuntansi Sektor Publik
UHN,1,13,institution + accreditation_status + faculty_program_name,,,Baik,,Sekolah Vokasi/D4 Akuntansi Sektor Publik
UHN,0,13,institution + accreditation_status + faculty_program_name,,,Baik,,Sekolah Vokasi/D4 Teknik Informatika
UHN,0,1,institution + accreditation_status + faculty_program_name,,,Baik Sekali,,Fakultas Sains dan Teknologi/S1 Sistem Informasi
UHN,0,3,institution + accreditation_status + faculty_program_name,,,Baik Sekali,,Fakultas Sains dan Teknologi/S1 Teknik Informatika
UHN,0,91,institution + accreditation_status + faculty_program_name,,,Baik Sekali,,Sekolah Vokasi/D3 Akuntansi
UHN,1,137,institution + accreditation_status + faculty_program_name,,,Baik Sekali,,Sekolah Vokasi/D3 Akuntansi
UHN,0,8,institution + accreditation_status + faculty_program_name,,,Baik Sekali,,Sekolah Vokasi/D3 Desain Komunikasi Visual
UHN,0,85,institution + accreditation_status + faculty_program_name,,,Baik Sekali,,Sekolah Vokasi/D3 Farmasi
UHN,1,127,institution + accreditation_status + faculty_program_name,,,Baik Sekali,,Sekolah Vokasi/D3 Farmasi
UHN,0,10,institution + accreditation_status + faculty_program_name,,,Baik Sekali,,Sekolah Vokasi/D3 Kebidanan
UHN,1,14,institution + accreditation_status + faculty_program_name,,,Baik Sekali,,Sekolah Vokasi/D3 Kebidanan
UHN,0,10,institution + accreditation_status + faculty_program_name,,,Baik Sekali,,Sekolah Vokasi/D3 Keperawatan
UHN,0,1,institution + accreditation_status + faculty_program_name,,,Baik Sekali,,Sekolah Vokasi/D3 Perhotelan
UHN,0,3,institution + accreditation_status + faculty_program_name,,,Baik Sekali,,Sekolah Vokasi/D3 Teknik Elektronika
UHN,0,104,institution + accreditation_status + faculty_program_name,,,Baik Sekali,,Sekolah Vokasi/D3 Teknik Komputer
UHN,1,156,institution + accreditation_status + faculty_program_name,,,Baik Sekali,,Sekolah Vokasi/D3 Teknik Komputer
UHN,0,31,institution + accreditation_status + faculty_program_name,,,Baik Sekali,,Sekolah Vokasi/D3 Teknik Mesin
UHN,1,47,institution + accreditation_status + faculty_program_name,,,Baik Sekali,,Sekolah Vokasi/D3 Teknik Mesin
UHN,0,2,institution + accreditation_status + faculty_program_name,,,Baik Sekali,,Sekolah Vokasi/D4 Akuntansi Sektor Publik
UHN,0,55,institution + accreditation_status + faculty_program_name,,,Baik Sekali,,Sekolah Vokasi/D4 Teknik Informatika
UHN,1,82,institution + accreditation_status + faculty_program_name,,,Baik Sekali,,Sekolah Vokasi/D4 Teknik Informatika
UHN,0,1,institution + accreditation_status + faculty_program_name,,,Terakreditasi,,Fakultas Sains dan Teknologi/S1 Sistem Informasi
UHN,0,9,institution + accreditation_status + faculty_program_name,,,Terakreditasi,,Fakultas Sains dan Teknologi/S1 Teknik Informatika
UHN,0,17,institution + accreditation_status + faculty_program_name,,,Terakreditasi,,Sekolah Vokasi/D3 Akuntansi
UHN,0,9,institution + accreditation_status + faculty_program_name,,,Terakreditasi,,Sekolah Vokasi/D3 Desain Komunikasi Visual
UHN,0,23,institution + accreditation_status + faculty_program_name,,,Terakreditasi,,Sekolah Vokasi/D3 Farmasi
UHN,0,1,institution + accreditation_status + faculty_program_name,,,Terakreditasi,,Sekolah Vokasi/D3 Kebidanan
UHN,0,6,institution + accreditation_status + faculty_program_name,,,Terakreditasi,,Sekolah Vokasi/D3 Keperawatan
UHN,0,2,institution + accreditation_status + faculty_program_name,,,Terakreditasi,,Sekolah Vokasi/D3 Perhotelan
UHN,0,14,institution + accreditation_status + faculty_program_name,,,Terakreditasi,,Sekolah Vokasi/D3 Teknik Elektronika
UHN,1,21,institution + accreditation_status + faculty_program_name,,,Terakreditasi,,Sekolah Vokasi/D3 Teknik Elektronika
UHN,0,26,institution + accreditation_status + faculty_program_name,,,Terakreditasi,,Sekolah Vokasi/D3 Teknik Komputer
UHN,0,10,institution + accreditation_status + faculty_program_name,,,Terakreditasi,,Sekolah Vokasi/D3 Teknik Mesin
UHN,0,3,institution + accreditation_status + faculty_program_name,,,Terakreditasi,,Sekolah Vokasi/D4 Akuntansi Sektor Publik
UHN,0,14,institution + accreditation_status + faculty_program_name,,,Terakreditasi,,Sekolah Vokasi/D4 Teknik Informatika
PMKM,0,116,institution + graduation_predicate + faculty_program_name,,,,__MISSING__,__MISSING__
PMKM,1,116,institution + graduation_predicate + faculty_program_name,,,,__MISSING__,__MISSING__
UHN,0,6,institution + graduation_predicate + faculty_program_name,,,,Dengan Pujian,Fakultas Sains dan Teknologi/S1 Sistem Informasi
UHN,1,6,institution + graduation_predicate + faculty_program_name,,,,Dengan Pujian,Fakultas Sains dan Teknologi/S1 Sistem Informasi
UHN,0,29,institution + graduation_predicate + faculty_program_name,,,,Dengan Pujian,Fakultas Sains dan Teknologi/S1 Teknik Informatika
UHN,1,29,institution + graduation_predicate + faculty_program_name,,,,Dengan Pujian,Fakultas Sains dan Teknologi/S1 Teknik Informatika
UHN,0,109,institution + graduation_predicate + faculty_program_name,,,,Dengan Pujian,Sekolah Vokasi/D3 Akuntansi
UHN,1,109,institution + graduation_predicate + faculty_program_name,,,,Dengan Pujian,Sekolah Vokasi/D3 Akuntansi
UHN,0,12,institution + graduation_predicate + faculty_program_name,,,,Dengan Pujian,Sekolah Vokasi/D3 Desain Komunikasi Visual
UHN,1,12,institution + graduation_predicate + faculty_program_name,,,,Dengan Pujian,Sekolah Vokasi/D3 Desain Komunikasi Visual
UHN,0,47,institution + graduation_predicate + faculty_program_name,,,,Dengan Pujian,Sekolah Vokasi/D3 Farmasi
UHN,1,47,institution + graduation_predicate + faculty_program_name,,,,Dengan Pujian,Sekolah Vokasi/D3 Farmasi
UHN,0,9,institution + graduation_predicate + faculty_program_name,,,,Dengan Pujian,Sekolah Vokasi/D3 Kebidanan
UHN,1,9,institution + graduation_predicate + faculty_program_name,,,,Dengan Pujian,Sekolah Vokasi/D3 Kebidanan
UHN,0,29,institution + graduation_predicate + faculty_program_name,,,,Dengan Pujian,Sekolah Vokasi/D3 Keperawatan
UHN,1,29,institution + graduation_predicate + faculty_program_name,,,,Dengan Pujian,Sekolah Vokasi/D3 Keperawatan
UHN,0,5,institution + graduation_predicate + faculty_program_name,,,,Dengan Pujian,Sekolah Vokasi/D3 Perhotelan
UHN,1,5,institution + graduation_predicate + faculty_program_name,,,,Dengan Pujian,Sekolah Vokasi/D3 Perhotelan
UHN,0,13,institution + graduation_predicate + faculty_program_name,,,,Dengan Pujian,Sekolah Vokasi/D3 Teknik Elektronika
UHN,1,13,institution + graduation_predicate + faculty_program_name,,,,Dengan Pujian,Sekolah Vokasi/D3 Teknik Elektronika
UHN,0,111,institution + graduation_predicate + faculty_program_name,,,,Dengan Pujian,Sekolah Vokasi/D3 Teknik Komputer
UHN,1,111,institution + graduation_predicate + faculty_program_name,,,,Dengan Pujian,Sekolah Vokasi/D3 Teknik Komputer
UHN,0,24,institution + graduation_predicate + faculty_program_name,,,,Dengan Pujian,Sekolah Vokasi/D3 Teknik Mesin
UHN,1,24,institution + graduation_predicate + faculty_program_name,,,,Dengan Pujian,Sekolah Vokasi/D3 Teknik Mesin
UHN,0,10,institution + graduation_predicate + faculty_program_name,,,,Dengan Pujian,Sekolah Vokasi/D4 Akuntansi Sektor Publik
UHN,1,10,institution + graduation_predicate + faculty_program_name,,,,Dengan Pujian,Sekolah Vokasi/D4 Akuntansi Sektor Publik
UHN,0,49,institution + graduation_predicate + faculty_program_name,,,,Dengan Pujian,Sekolah Vokasi/D4 Teknik Informatika
UHN,1,49,institution + graduation_predicate + faculty_program_name,,,,Dengan Pujian,Sekolah Vokasi/D4 Teknik Informatika
UHN,0,2,institution + graduation_predicate + faculty_program_name,,,,Memuaskan,Sekolah Vokasi/D3 Desain Komunikasi Visual
UHN,1,2,institution + graduation_predicate + faculty_program_name,,,,Memuaskan,Sekolah Vokasi/D3 Desain Komunikasi Visual
UHN,0,1,institution + graduation_predicate + faculty_program_name,,,,Memuaskan,Sekolah Vokasi/D4 Teknik Informatika
UHN,1,1,institution + graduation_predicate + faculty_program_name,,,,Memuaskan,Sekolah Vokasi/D4 Teknik Informatika
UHN,0,1,institution + graduation_predicate + faculty_program_name,,,,Sangat Memuaskan,Fakultas Sains dan Teknologi/S1 Sistem Informasi
UHN,1,1,institution + graduation_predicate + faculty_program_name,,,,Sangat Memuaskan,Fakultas Sains dan Teknologi/S1 Sistem Informasi
UHN,0,7,institution + graduation_predicate + faculty_program_name,,,,Sangat Memuaskan,Fakultas Sains dan Teknologi/S1 Teknik Informatika
UHN,1,7,institution + graduation_predicate + faculty_program_name,,,,Sangat Memuaskan,Fakultas Sains dan Teknologi/S1 Teknik Informatika
UHN,0,28,institution + graduation_predicate + faculty_program_name,,,,Sangat Memuaskan,Sekolah Vokasi/D3 Akuntansi
UHN,1,28,institution + graduation_predicate + faculty_program_name,,,,Sangat Memuaskan,Sekolah Vokasi/D3 Akuntansi
UHN,0,36,institution + graduation_predicate + faculty_program_name,,,,Sangat Memuaskan,Sekolah Vokasi/D3 Desain Komunikasi Visual
UHN,1,36,institution + graduation_predicate + faculty_program_name,,,,Sangat Memuaskan,Sekolah Vokasi/D3 Desain Komunikasi Visual
UHN,0,80,institution + graduation_predicate + faculty_program_name,,,,Sangat Memuaskan,Sekolah Vokasi/D3 Farmasi
UHN,1,80,institution + graduation_predicate + faculty_program_name,,,,Sangat Memuaskan,Sekolah Vokasi/D3 Farmasi
UHN,0,5,institution + graduation_predicate + faculty_program_name,,,,Sangat Memuaskan,Sekolah Vokasi/D3 Kebidanan
UHN,1,5,institution + graduation_predicate + faculty_program_name,,,,Sangat Memuaskan,Sekolah Vokasi/D3 Kebidanan
UHN,0,17,institution + graduation_predicate + faculty_program_name,,,,Sangat Memuaskan,Sekolah Vokasi/D3 Keperawatan
UHN,1,17,institution + graduation_predicate + faculty_program_name,,,,Sangat Memuaskan,Sekolah Vokasi/D3 Keperawatan
UHN,0,5,institution + graduation_predicate + faculty_program_name,,,,Sangat Memuaskan,Sekolah Vokasi/D3 Perhotelan
UHN,1,5,institution + graduation_predicate + faculty_program_name,,,,Sangat Memuaskan,Sekolah Vokasi/D3 Perhotelan
UHN,0,8,institution + graduation_predicate + faculty_program_name,,,,Sangat Memuaskan,Sekolah Vokasi/D3 Teknik Elektronika
UHN,1,8,institution + graduation_predicate + faculty_program_name,,,,Sangat Memuaskan,Sekolah Vokasi/D3 Teknik Elektronika
UHN,0,45,institution + graduation_predicate + faculty_program_name,,,,Sangat Memuaskan,Sekolah Vokasi/D3 Teknik Komputer
UHN,1,45,institution + graduation_predicate + faculty_program_name,,,,Sangat Memuaskan,Sekolah Vokasi/D3 Teknik Komputer
UHN,0,23,institution + graduation_predicate + faculty_program_name,,,,Sangat Memuaskan,Sekolah Vokasi/D3 Teknik Mesin
UHN,1,23,institution + graduation_predicate + faculty_program_name,,,,Sangat Memuaskan,Sekolah Vokasi/D3 Teknik Mesin
UHN,0,3,institution + graduation_predicate + faculty_program_name,,,,Sangat Memuaskan,Sekolah Vokasi/D4 Akuntansi Sektor Publik
UHN,1,3,institution + graduation_predicate + faculty_program_name,,,,Sangat Memuaskan,Sekolah Vokasi/D4 Akuntansi Sektor Publik
UHN,0,32,institution + graduation_predicate + faculty_program_name,,,,Sangat Memuaskan,Sekolah Vokasi/D4 Teknik Informatika
UHN,1,32,institution + graduation_predicate + faculty_program_name,,,,Sangat Memuaskan,Sekolah Vokasi/D4 Teknik Informatika
,0,8,program + education_level + accreditation_status,Akuntansi,Diploma 3,Baik,,
,0,14,program + education_level + accreditation_status,Akuntansi,Diploma 3,Baik Sekali,,
,0,29,program + education_level + accreditation_status,Akuntansi,Diploma Tiga,Baik,,
,1,137,program + education_level + accreditation_status,Akuntansi,Diploma Tiga,Baik Sekali,,
,0,17,program + education_level + accreditation_status,Akuntansi,Diploma Tiga,Terakreditasi,,
,0,15,program + education_level + accreditation_status,Akuntansi,Sarjana,Baik Sekali,,
,0,17,program + education_level + accreditation_status,Akuntansi,Sarjana Terapan,Baik Sekali,,
,0,2,program + education_level + accreditation_status,Akuntansi Sektor Publik,Diploma 3,Baik,,
,0,1,program + education_level + accreditation_status,Akuntansi Sektor Publik,Diploma Tiga,Baik,,
,0,2,program + education_level + accreditation_status,Akuntansi Sektor Publik,Sarjana,Baik,,
,1,13,program + education_level + accreditation_status,Akuntansi Sektor Publik,Sarjana Terapan,Baik,,
,0,2,program + education_level + accreditation_status,Akuntansi Sektor Publik,Sarjana Terapan,Baik Sekali,,
,0,3,program + education_level + accreditation_status,Akuntansi Sektor Publik,Sarjana Terapan,Terakreditasi,,
,1,58,program + education_level + accreditation_status,Analis Kesehatan,Diploma 3,Baik,,
,0,10,program + education_level + accreditation_status,Analis Kesehatan,Diploma 3,Baik Sekali,,
,0,10,program + education_level + accreditation_status,Analis Kesehatan,Diploma 3,Terakreditasi,,
,0,22,program + education_level + accreditation_status,Analis Kesehatan,Diploma Tiga,Baik,,
,0,83,program + education_level + accreditation_status,Analis Kesehatan,Diploma Tiga,Baik Sekali,,
,0,6,program + education_level + accreditation_status,Analis Kesehatan,Diploma Tiga,Terakreditasi,,
,0,20,program + education_level + accreditation_status,Analis Kesehatan,Sarjana,Baik,,
,0,6,program + education_level + accreditation_status,Analis Kesehatan,Sarjana Terapan,Baik,,
,0,12,program + education_level + accreditation_status,Analis Kesehatan,Sarjana Terapan,Baik Sekali,,
,0,16,program + education_level + accreditation_status,Desain Komunikasi Visual,Diploma 3,Baik,,
,1,50,program + education_level + accreditation_status,Desain Komunikasi Visual,Diploma Tiga,Baik,,
,0,8,program + education_level + accreditation_status,Desain Komunikasi Visual,Diploma Tiga,Baik Sekali,,
,0,9,program + education_level + accreditation_status,Desain Komunikasi Visual,Diploma Tiga,Terakreditasi,,
,0,3,program + education_level + accreditation_status,Desain Komunikasi Visual,Sarjana,Baik,,
,0,3,program + education_level + accreditation_status,Desain Komunikasi Visual,Sarjana Terapan,Baik,,
,1,46,program + education_level + accreditation_status,Farmasi,Diploma 3,Baik,,
,0,27,program + education_level + accreditation_status,Farmasi,Diploma 3,Baik Sekali,,
,0,7,program + education_level + accreditation_status,Farmasi,Diploma 3,Terakreditasi,,
,0,22,program + education_level + accreditation_status,Farmasi,Diploma Tiga,Baik,,
,1,127,program + education_level + accreditation_status,Farmasi,Diploma Tiga,Baik Sekali,,
,0,23,program + education_level + accreditation_status,Farmasi,Diploma Tiga,Terakreditasi,,
,0,6,program + education_level + accreditation_status,Farmasi,Sarjana,Baik,,
,0,11,program + education_level + accreditation_status,Farmasi,Sarjana,Baik Sekali,,
,0,6,program + education_level + accreditation_status,Farmasi,Sarjana Terapan,Baik,,
,0,12,program + education_level + accreditation_status,Farmasi,Sarjana Terapan,Baik Sekali,,
,0,3,program + education_level + accreditation_status,Kebidanan,Diploma 3,Baik,,
,0,2,program + education_level + accreditation_status,Kebidanan,Diploma 3,Baik Sekali,,
,0,3,program + education_level + accreditation_status,Kebidanan,Diploma Tiga,Baik,,
,1,14,program + education_level + accreditation_status,Kebidanan,Diploma Tiga,Baik Sekali,,
,0,1,program + education_level + accreditation_status,Kebidanan,Diploma Tiga,Terakreditasi,,
,0,2,program + education_level + accreditation_status,Kebidanan,Sarjana,Baik Sekali,,
,0,1,program + education_level + accreditation_status,Kebidanan,Sarjana Terapan,Baik Sekali,,
,0,5,program + education_level + accreditation_status,Keperawatan,Diploma 3,Baik,,
,1,46,program + education_level + accreditation_status,Keperawatan,Diploma Tiga,Baik,,
,0,10,program + education_level + accreditation_status,Keperawatan,Diploma Tiga,Baik Sekali,,
,0,6,program + education_level + accreditation_status,Keperawatan,Diploma Tiga,Terakreditasi,,
,0,9,program + education_level + accreditation_status,Keperawatan,Sarjana,Baik,,
,0,3,program + education_level + accreditation_status,Keperawatan,Sarjana Terapan,Baik,,
,1,12,program + education_level + accreditation_status,Manajemen Informatika,Diploma 3,Baik,,
,0,3,program + education_level + accreditation_status,Manajemen Informatika,Diploma 3,Baik Sekali,,
,0,1,program + education_level + accreditation_status,Manajemen Informatika,Diploma 3,Terakreditasi,,
,0,19,program + education_level + accreditation_status,Manajemen Informatika,Diploma Tiga,Baik,,
,0,78,program + education_level + accreditation_status,Manajemen Informatika,Diploma Tiga,Baik Sekali,,
,0,1,program + education_level + accreditation_status,Manajemen Informatika,Diploma Tiga,Terakreditasi,,
,0,4,program + education_level + accreditation_status,Manajemen Informatika,Sarjana,Baik,,
,0,5,program + education_level + accreditation_status,Manajemen Informatika,Sarjana Terapan,Baik,,
,0,15,program + education_level + accreditation_status,Manajemen Informatika,Sarjana Terapan,Baik Sekali,,
,0,3,program + education_level + accreditation_status,Perhotelan,Diploma 3,Baik,,
,1,10,program + education_level + accreditation_status,Perhotelan,Diploma Tiga,Baik,,
,0,1,program + education_level + accreditation_status,Perhotelan,Diploma Tiga,Baik Sekali,,
,0,2,program + education_level + accreditation_status,Perhotelan,Diploma Tiga,Terakreditasi,,
,0,1,program + education_level + accreditation_status,Perhotelan,Sarjana,Baik,,
,0,1,program + education_level + accreditation_status,Perhotelan,Sarjana Terapan,Baik,,
,0,5,program + education_level + accreditation_status,Sistem Informasi,Diploma 3,Baik,,
,0,1,program + education_level + accreditation_status,Sistem Informasi,Diploma Tiga,Baik,,
,1,7,program + education_level + accreditation_status,Sistem Informasi,Sarjana,Baik,,
,0,1,program + education_level + accreditation_status,Sistem Informasi,Sarjana,Baik Sekali,,
,0,1,program + education_level + accreditation_status,Sistem Informasi,Sarjana,Terakreditasi,,
,0,3,program + education_level + accreditation_status,Teknik Elektronika,Diploma 3,Baik,,
,0,4,program + education_level + accreditation_status,Teknik Elektronika,Diploma Tiga,Baik,,
,0,3,program + education_level + accreditation_status,Teknik Elektronika,Diploma Tiga,Baik Sekali,,
,1,21,program + education_level + accreditation_status,Teknik Elektronika,Diploma Tiga,Terakreditasi,,
,0,4,program + education_level + accreditation_status,Teknik Elektronika,Sarjana,Terakreditasi,,
,0,3,program + education_level + accreditation_status,Teknik Elektronika,Sarjana Terapan,Terakreditasi,,
,0,12,program + education_level + accreditation_status,Teknik Informatika,Diploma 3,Baik,,
,0,15,program + education_level + accreditation_status,Teknik Informatika,Diploma 3,Baik Sekali,,
,0,6,program + education_level + accreditation_status,Teknik Informatika,Diploma Tiga,Baik,,
,0,13,program + education_level + accreditation_status,Teknik Informatika,Diploma Tiga,Baik Sekali,,
,1,36,program + education_level + accreditation_status,Teknik Informatika,Sarjana,Baik,,
,0,3,program + education_level + accreditation_status,Teknik Informatika,Sarjana,Baik Sekali,,
,0,9,program + education_level + accreditation_status,Teknik Informatika,Sarjana,Terakreditasi,,
,0,13,program + education_level + accreditation_status,Teknik Informatika,Sarjana Terapan,Baik,,
,1,82,program + education_level + accreditation_status,Teknik Informatika,Sarjana Terapan,Baik Sekali,,
,0,14,program + education_level + accreditation_status,Teknik Informatika,Sarjana Terapan,Terakreditasi,,
,0,4,program + education_level + accreditation_status,Teknik Komputer,Diploma 3,Baik,,
,0,15,program + education_level + accreditation_status,Teknik Komputer,Diploma 3,Baik Sekali,,
,0,26,program + education_level + accreditation_status,Teknik Komputer,Diploma Tiga,Baik,,
,1,156,program + education_level + accreditation_status,Teknik Komputer,Diploma Tiga,Baik Sekali,,
,0,26,program + education_level + accreditation_status,Teknik Komputer,Diploma Tiga,Terakreditasi,,
,0,12,program + education_level + accreditation_status,Teknik Komputer,Sarjana,Baik Sekali,,
,0,25,program + education_level + accreditation_status,Teknik Komputer,Sarjana Terapan,Baik Sekali,,
,0,2,program + education_level + accreditation_status,Teknik Mesin,Diploma 3,Baik,,
,0,6,program + education_level + accreditation_status,Teknik Mesin,Diploma 3,Baik Sekali,,
,0,6,program + education_level + accreditation_status,Teknik Mesin,Diploma Tiga,Baik,,
,1,47,program + education_level + accreditation_status,Teknik Mesin,Diploma Tiga,Baik Sekali,,
,0,10,program + education_level + accreditation_status,Teknik Mesin,Diploma Tiga,Terakreditasi,,
,0,6,program + education_level + accreditation_status,Teknik Mesin,Sarjana,Baik Sekali,,
,0,3,program + education_level + accreditation_status,Teknik Mesin,Sarjana Terapan,Baik Sekali,,
,0,11,program + education_level + graduation_predicate,Akuntansi,Diploma 3,,Dengan Pujian,
,0,3,program + education_level + graduation_predicate,Akuntansi,Diploma 3,,Sangat Memuaskan,
,0,8,program + education_level + graduation_predicate,Akuntansi,Diploma 3,,__MISSING__,
,0,34,program + education_level + graduation_predicate,Akuntansi,Diploma Tiga,,Dengan Pujian,
,1,109,program + education_level + graduation_predicate,Akuntansi,Diploma Tiga,,Dengan Pujian,
,0,12,program + education_level + graduation_predicate,Akuntansi,Diploma Tiga,,Sangat Memuaskan,
,1,28,program + education_level + graduation_predicate,Akuntansi,Diploma Tiga,,Sangat Memuaskan,
,0,12,program + education_level + graduation_predicate,Akuntansi,Sarjana,,Dengan Pujian,
,0,3,program + education_level + graduation_predicate,Akuntansi,Sarjana,,Sangat Memuaskan,
,0,12,program + education_level + graduation_predicate,Akuntansi,Sarjana Terapan,,Dengan Pujian,
,0,5,program + education_level + graduation_predicate,Akuntansi,Sarjana Terapan,,Sangat Memuaskan,
,0,1,program + education_level + graduation_predicate,Akuntansi Sektor Publik,Diploma 3,,Dengan Pujian,
,0,1,program + education_level + graduation_predicate,Akuntansi Sektor Publik,Diploma 3,,__MISSING__,
,0,1,program + education_level + graduation_predicate,Akuntansi Sektor Publik,Diploma Tiga,,Dengan Pujian,
,0,2,program + education_level + graduation_predicate,Akuntansi Sektor Publik,Sarjana,,Dengan Pujian,
,0,3,program + education_level + graduation_predicate,Akuntansi Sektor Publik,Sarjana Terapan,,Dengan Pujian,
,1,10,program + education_level + graduation_predicate,Akuntansi Sektor Publik,Sarjana Terapan,,Dengan Pujian,
,0,2,program + education_level + graduation_predicate,Akuntansi Sektor Publik,Sarjana Terapan,,Sangat Memuaskan,
,1,3,program + education_level + graduation_predicate,Akuntansi Sektor Publik,Sarjana Terapan,,Sangat Memuaskan,
,0,20,program + education_level + graduation_predicate,Analis Kesehatan,Diploma 3,,__MISSING__,
,1,58,program + education_level + graduation_predicate,Analis Kesehatan,Diploma 3,,__MISSING__,
,0,72,program + education_level + graduation_predicate,Analis Kesehatan,Diploma Tiga,,Dengan Pujian,
,0,35,program + education_level + graduation_predicate,Analis Kesehatan,Diploma Tiga,,Sangat Memuaskan,
,0,4,program + education_level + graduation_predicate,Analis Kesehatan,Diploma Tiga,,__MISSING__,
,0,8,program + education_level + graduation_predicate,Analis Kesehatan,Sarjana,,Dengan Pujian,
,0,2,program + education_level + graduation_predicate,Analis Kesehatan,Sarjana,,Sangat Memuaskan,
,0,10,program + education_level + graduation_predicate,Analis Kesehatan,Sarjana,,__MISSING__,
,0,9,program + education_level + graduation_predicate,Analis Kesehatan,Sarjana Terapan,,Dengan Pujian,
,0,4,program + education_level + graduation_predicate,Analis Kesehatan,Sarjana Terapan,,Sangat Memuaskan,
,0,5,program + education_level + graduation_predicate,Analis Kesehatan,Sarjana Terapan,,__MISSING__,
,0,1,program + education_level + graduation_predicate,Desain Komunikasi Visual,Diploma 3,,Dengan Pujian,
,0,9,program + education_level + graduation_predicate,Desain Komunikasi Visual,Diploma 3,,Sangat Memuaskan,
,0,6,program + education_level + graduation_predicate,Desain Komunikasi Visual,Diploma 3,,__MISSING__,
,0,2,program + education_level + graduation_predicate,Desain Komunikasi Visual,Diploma Tiga,,Dengan Pujian,
,1,12,program + education_level + graduation_predicate,Desain Komunikasi Visual,Diploma Tiga,,Dengan Pujian,
,0,2,program + education_level + graduation_predicate,Desain Komunikasi Visual,Diploma Tiga,,Memuaskan,
,1,2,program + education_level + graduation_predicate,Desain Komunikasi Visual,Diploma Tiga,,Memuaskan,
,0,13,program + education_level + graduation_predicate,Desain Komunikasi Visual,Diploma Tiga,,Sangat Memuaskan,
,1,36,program + education_level + graduation_predicate,Desain Komunikasi Visual,Diploma Tiga,,Sangat Memuaskan,
,0,1,program + education_level + graduation_predicate,Desain Komunikasi Visual,Sarjana,,Dengan Pujian,
,0,2,program + education_level + graduation_predicate,Desain Komunikasi Visual,Sarjana,,Sangat Memuaskan,
,0,1,program + education_level + graduation_predicate,Desain Komunikasi Visual,Sarjana Terapan,,Dengan Pujian,
,0,2,program + education_level + graduation_predicate,Desain Komunikasi Visual,Sarjana Terapan,,Sangat Memuaskan,
,0,6,program + education_level + graduation_predicate,Farmasi,Diploma 3,,Dengan Pujian,
,0,13,program + education_level + graduation_predicate,Farmasi,Diploma 3,,Sangat Memuaskan,
,0,15,program + education_level + graduation_predicate,Farmasi,Diploma 3,,__MISSING__,
,1,46,program + education_level + graduation_predicate,Farmasi,Diploma 3,,__MISSING__,
,0,19,program + education_level + graduation_predicate,Farmasi,Diploma Tiga,,Dengan Pujian,
,1,47,program + education_level + graduation_predicate,Farmasi,Diploma Tiga,,Dengan Pujian,
,0,23,program + education_level + graduation_predicate,Farmasi,Diploma Tiga,,Sangat Memuaskan,
,1,80,program + education_level + graduation_predicate,Farmasi,Diploma Tiga,,Sangat Memuaskan,
,0,3,program + education_level + graduation_predicate,Farmasi,Diploma Tiga,,__MISSING__,
,0,4,program + education_level + graduation_predicate,Farmasi,Sarjana,,Dengan Pujian,
,0,7,program + education_level + graduation_predicate,Farmasi,Sarjana,,Sangat Memuaskan,
,0,6,program + education_level + graduation_predicate,Farmasi,Sarjana,,__MISSING__,
,0,3,program + education_level + graduation_predicate,Farmasi,Sarjana Terapan,,Dengan Pujian,
,0,9,program + education_level + graduation_predicate,Farmasi,Sarjana Terapan,,Sangat Memuaskan,
,0,6,program + education_level + graduation_predicate,Farmasi,Sarjana Terapan,,__MISSING__,
,0,1,program + education_level + graduation_predicate,Kebidanan,Diploma 3,,Dengan Pujian,
,0,1,program + education_level + graduation_predicate,Kebidanan,Diploma 3,,Sangat Memuaskan,
,0,3,program + education_level + graduation_predicate,Kebidanan,Diploma 3,,__MISSING__,
,0,3,program + education_level + graduation_predicate,Kebidanan,Diploma Tiga,,Dengan Pujian,
,1,9,program + education_level + graduation_predicate,Kebidanan,Diploma Tiga,,Dengan Pujian,
,0,1,program + education_level + graduation_predicate,Kebidanan,Diploma Tiga,,Sangat Memuaskan,
,1,5,program + education_level + graduation_predicate,Kebidanan,Diploma Tiga,,Sangat Memuaskan,
,0,1,program + education_level + graduation_predicate,Kebidanan,Sarjana,,Dengan Pujian,
,0,1,program + education_level + graduation_predicate,Kebidanan,Sarjana,,Sangat Memuaskan,
,0,1,program + education_level + graduation_predicate,Kebidanan,Sarjana Terapan,,Dengan Pujian,
,0,1,program + education_level + graduation_predicate,Keperawatan,Diploma 3,,Dengan Pujian,
,0,2,program + education_level + graduation_predicate,Keperawatan,Diploma 3,,Sangat Memuaskan,
,0,2,program + education_level + graduation_predicate,Keperawatan,Diploma 3,,__MISSING__,
,0,10,program + education_level + graduation_predicate,Keperawatan,Diploma Tiga,,Dengan Pujian,
,1,29,program + education_level + graduation_predicate,Keperawatan,Diploma Tiga,,Dengan Pujian,
,0,6,program + education_level + graduation_predicate,Keperawatan,Diploma Tiga,,Sangat Memuaskan,
,1,17,program + education_level + graduation_predicate,Keperawatan,Diploma Tiga,,Sangat Memuaskan,
,0,6,program + education_level + graduation_predicate,Keperawatan,Sarjana,,Dengan Pujian,
,0,3,program + education_level + graduation_predicate,Keperawatan,Sarjana,,Sangat Memuaskan,
,0,3,program + education_level + graduation_predicate,Keperawatan,Sarjana Terapan,,Dengan Pujian,
,0,4,program + education_level + graduation_predicate,Manajemen Informatika,Diploma 3,,__MISSING__,
,1,12,program + education_level + graduation_predicate,Manajemen Informatika,Diploma 3,,__MISSING__,
,0,55,program + education_level + graduation_predicate,Manajemen Informatika,Diploma Tiga,,Dengan Pujian,
,0,41,program + education_level + graduation_predicate,Manajemen Informatika,Diploma Tiga,,Sangat Memuaskan,
,0,2,program + education_level + graduation_predicate,Manajemen Informatika,Diploma Tiga,,__MISSING__,
,0,4,program + education_level + graduation_predicate,Manajemen Informatika,Sarjana,,Dengan Pujian,
,0,14,program + education_level + graduation_predicate,Manajemen Informatika,Sarjana Terapan,,Dengan Pujian,
,0,4,program + education_level + graduation_predicate,Manajemen Informatika,Sarjana Terapan,,Sangat Memuaskan,
,0,2,program + education_level + graduation_predicate,Manajemen Informatika,Sarjana Terapan,,__MISSING__,
,0,1,program + education_level + graduation_predicate,Perhotelan,Diploma 3,,Dengan Pujian,
,0,1,program + education_level + graduation_predicate,Perhotelan,Diploma 3,,Sangat Memuaskan,
,0,1,program + education_level + graduation_predicate,Perhotelan,Diploma 3,,__MISSING__,
,0,1,program + education_level + graduation_predicate,Perhotelan,Diploma Tiga,,Dengan Pujian,
,1,5,program + education_level + graduation_predicate,Perhotelan,Diploma Tiga,,Dengan Pujian,
,0,2,program + education_level + graduation_predicate,Perhotelan,Diploma Tiga,,Sangat Memuaskan,
,1,5,program + education_level + graduation_predicate,Perhotelan,Diploma Tiga,,Sangat Memuaskan,
,0,1,program + education_level + graduation_predicate,Perhotelan,Sarjana,,Sangat Memuaskan,
,0,1,program + education_level + graduation_predicate,Perhotelan,Sarjana Terapan,,Sangat Memuaskan,
,0,2,program + education_level + graduation_predicate,Sistem Informasi,Diploma 3,,Dengan Pujian,
,0,3,program + education_level + graduation_predicate,Sistem Informasi,Diploma 3,,__MISSING__,
,0,1,program + education_level + graduation_predicate,Sistem Informasi,Diploma Tiga,,Dengan Pujian,
,0,1,program + education_level + graduation_predicate,Sistem Informasi,Sarjana,,Dengan Pujian,
,1,6,program + education_level + graduation_predicate,Sistem Informasi,Sarjana,,Dengan Pujian,
,0,1,program + education_level + graduation_predicate,Sistem Informasi,Sarjana,,Sangat Memuaskan,
,1,1,program + education_level + graduation_predicate,Sistem Informasi,Sarjana,,Sangat Memuaskan,
,0,3,program + education_level + graduation_predicate,Teknik Elektronika,Diploma 3,,__MISSING__,
,0,4,program + education_level + graduation_predicate,Teknik Elektronika,Diploma Tiga,,Dengan Pujian,
,1,13,program + education_level + graduation_predicate,Teknik Elektronika,Diploma Tiga,,Dengan Pujian,
,0,3,program + education_level + graduation_predicate,Teknik Elektronika,Diploma Tiga,,Sangat Memuaskan,
,1,8,program + education_level + graduation_predicate,Teknik Elektronika,Diploma Tiga,,Sangat Memuaskan,
,0,3,program + education_level + graduation_predicate,Teknik Elektronika,Sarjana,,Dengan Pujian,
,0,1,program + education_level + graduation_predicate,Teknik Elektronika,Sarjana,,Sangat Memuaskan,
,0,1,program + education_level + graduation_predicate,Teknik Elektronika,Sarjana Terapan,,Dengan Pujian,
,0,2,program + education_level + graduation_predicate,Teknik Elektronika,Sarjana Terapan,,Sangat Memuaskan,
,0,11,program + education_level + graduation_predicate,Teknik Informatika,Diploma 3,,Dengan Pujian,
,0,10,program + education_level + graduation_predicate,Teknik Informatika,Diploma 3,,Sangat Memuaskan,
,0,6,program + education_level + graduation_predicate,Teknik Informatika,Diploma 3,,__MISSING__,
,0,12,program + education_level + graduation_predicate,Teknik Informatika,Diploma Tiga,,Dengan Pujian,
,0,1,program + education_level + graduation_predicate,Teknik Informatika,Diploma Tiga,,Memuaskan,
,0,6,program + education_level + graduation_predicate,Teknik Informatika,Diploma Tiga,,Sangat Memuaskan,
,0,10,program + education_level + graduation_predicate,Teknik Informatika,Sarjana,,Dengan Pujian,
,1,29,program + education_level + graduation_predicate,Teknik Informatika,Sarjana,,Dengan Pujian,
,0,2,program + education_level + graduation_predicate,Teknik Informatika,Sarjana,,Sangat Memuaskan,
,1,7,program + education_level + graduation_predicate,Teknik Informatika,Sarjana,,Sangat Memuaskan,
,0,15,program + education_level + graduation_predicate,Teknik Informatika,Sarjana Terapan,,Dengan Pujian,
,1,49,program + education_level + graduation_predicate,Teknik Informatika,Sarjana Terapan,,Dengan Pujian,
,1,1,program + education_level + graduation_predicate,Teknik Informatika,Sarjana Terapan,,Memuaskan,
,0,12,program + education_level + graduation_predicate,Teknik Informatika,Sarjana Terapan,,Sangat Memuaskan,
,1,32,program + education_level + graduation_predicate,Teknik Informatika,Sarjana Terapan,,Sangat Memuaskan,
,0,13,program + education_level + graduation_predicate,Teknik Komputer,Diploma 3,,Dengan Pujian,
,0,2,program + education_level + graduation_predicate,Teknik Komputer,Diploma 3,,Sangat Memuaskan,
,0,4,program + education_level + graduation_predicate,Teknik Komputer,Diploma 3,,__MISSING__,
,0,35,program + education_level + graduation_predicate,Teknik Komputer,Diploma Tiga,,Dengan Pujian,
,1,111,program + education_level + graduation_predicate,Teknik Komputer,Diploma Tiga,,Dengan Pujian,
,0,17,program + education_level + graduation_predicate,Teknik Komputer,Diploma Tiga,,Sangat Memuaskan,
,1,45,program + education_level + graduation_predicate,Teknik Komputer,Diploma Tiga,,Sangat Memuaskan,
,0,8,program + education_level + graduation_predicate,Teknik Komputer,Sarjana,,Dengan Pujian,
,0,4,program + education_level + graduation_predicate,Teknik Komputer,Sarjana,,Sangat Memuaskan,
,0,20,program + education_level + graduation_predicate,Teknik Komputer,Sarjana Terapan,,Dengan Pujian,
,0,5,program + education_level + graduation_predicate,Teknik Komputer,Sarjana Terapan,,Sangat Memuaskan,
,0,1,program + education_level + graduation_predicate,Teknik Mesin,Diploma 3,,Dengan Pujian,
,0,5,program + education_level + graduation_predicate,Teknik Mesin,Diploma 3,,Sangat Memuaskan,
,0,2,program + education_level + graduation_predicate,Teknik Mesin,Diploma 3,,__MISSING__,
,0,9,program + education_level + graduation_predicate,Teknik Mesin,Diploma Tiga,,Dengan Pujian,
,1,24,program + education_level + graduation_predicate,Teknik Mesin,Diploma Tiga,,Dengan Pujian,
,0,7,program + education_level + graduation_predicate,Teknik Mesin,Diploma Tiga,,Sangat Memuaskan,
,1,23,program + education_level + graduation_predicate,Teknik Mesin,Diploma Tiga,,Sangat Memuaskan,
,0,2,program + education_level + graduation_predicate,Teknik Mesin,Sarjana,,Dengan Pujian,
,0,4,program + education_level + graduation_predicate,Teknik Mesin,Sarjana,,Sangat Memuaskan,
,0,2,program + education_level + graduation_predicate,Teknik Mesin,Sarjana Terapan,,Dengan Pujian,
,0,1,program + education_level + graduation_predicate,Teknik Mesin,Sarjana Terapan,,Sangat Memuaskan,
,0,14,program + education_level + faculty_program_name,Akuntansi,Diploma 3,,,Sekolah Vokasi/D3 Akuntansi
,0,8,program + education_level + faculty_program_name,Akuntansi,Diploma 3,,,__MISSING__
,0,46,program + education_level + faculty_program_name,Akuntansi,Diploma Tiga,,,Sekolah Vokasi/D3 Akuntansi
,1,137,program + education_level + faculty_program_name,Akuntansi,Diploma Tiga,,,Sekolah Vokasi/D3 Akuntansi
,0,15,program + education_level + faculty_program_name,Akuntansi,Sarjana,,,Sekolah Vokasi/D3 Akuntansi
,0,17,program + education_level + faculty_program_name,Akuntansi,Sarjana Terapan,,,Sekolah Vokasi/D3 Akuntansi
,0,1,program + education_level + faculty_program_name,Akuntansi Sektor Publik,Diploma 3,,,Sekolah Vokasi/D4 Akuntansi Sektor Publik
,0,1,program + education_level + faculty_program_name,Akuntansi Sektor Publik,Diploma 3,,,__MISSING__
,0,1,program + education_level + faculty_program_name,Akuntansi Sektor Publik,Diploma Tiga,,,Sekolah Vokasi/D4 Akuntansi Sektor Publik
,0,2,program + education_level + faculty_program_name,Akuntansi Sektor Publik,Sarjana,,,Sekolah Vokasi/D4 Akuntansi Sektor Publik
,0,5,program + education_level + faculty_program_name,Akuntansi Sektor Publik,Sarjana Terapan,,,Sekolah Vokasi/D4 Akuntansi Sektor Publik
,1,13,program + education_level + faculty_program_name,Akuntansi Sektor Publik,Sarjana Terapan,,,Sekolah Vokasi/D4 Akuntansi Sektor Publik
,0,20,program + education_level + faculty_program_name,Analis Kesehatan,Diploma 3,,,__MISSING__
,1,58,program + education_level + faculty_program_name,Analis Kesehatan,Diploma 3,,,__MISSING__
,0,27,program + education_level + faculty_program_name,Analis Kesehatan,Diploma Tiga,,,Sekolah Vokasi/D3 Akuntansi
,0,9,program + education_level + faculty_program_name,Analis Kesehatan,Diploma Tiga,,,Sekolah Vokasi/D3 Desain Komunikasi Visual
,0,19,program + education_level + faculty_program_name,Analis Kesehatan,Diploma Tiga,,,Sekolah Vokasi/D3 Farmasi
,0,4,program + education_level + faculty_program_name,Analis Kesehatan,Diploma Tiga,,,Sekolah Vokasi/D3 Kebidanan
,0,7,program + education_level + faculty_program_name,Analis Kesehatan,Diploma Tiga,,,Sekolah Vokasi/D3 Keperawatan
,0,2,program + education_level + faculty_program_name,Analis Kesehatan,Diploma Tiga,,,Sekolah Vokasi/D3 Perhotelan
,0,6,program + education_level + faculty_program_name,Analis Kesehatan,Diploma Tiga,,,Sekolah Vokasi/D3 Teknik Elektronika
,0,24,program + education_level + faculty_program_name,Analis Kesehatan,Diploma Tiga,,,Sekolah Vokasi/D3 Teknik Komputer
,0,9,program + education_level + faculty_program_name,Analis Kesehatan,Diploma Tiga,,,Sekolah Vokasi/D3 Teknik Mesin
,0,4,program + education_level + faculty_program_name,Analis Kesehatan,Diploma Tiga,,,__MISSING__
,0,2,program + education_level + faculty_program_name,Analis Kesehatan,Sarjana,,,Fakultas Sains dan Teknologi/S1 Sistem Informasi
,0,8,program + education_level + faculty_program_name,Analis Kesehatan,Sarjana,,,Fakultas Sains dan Teknologi/S1 Teknik Informatika
,0,10,program + education_level + faculty_program_name,Analis Kesehatan,Sarjana,,,__MISSING__
,0,1,program + education_level + faculty_program_name,Analis Kesehatan,Sarjana Terapan,,,Sekolah Vokasi/D4 Akuntansi Sektor Publik
,0,12,program + education_level + faculty_program_name,Analis Kesehatan,Sarjana Terapan,,,Sekolah Vokasi/D4 Teknik Informatika
,0,5,program + education_level + faculty_program_name,Analis Kesehatan,Sarjana Terapan,,,__MISSING__
,0,10,program + education_level + faculty_program_name,Desain Komunikasi Visual,Diploma 3,,,Sekolah Vokasi/D3 Desain Komunikasi Visual
,0,6,program + education_level + faculty_program_name,Desain Komunikasi Visual,Diploma 3,,,__MISSING__
,0,17,program + education_level + faculty_program_name,Desain Komunikasi Visual,Diploma Tiga,,,Sekolah Vokasi/D3 Desain Komunikasi Visual
,1,50,program + education_level + faculty_program_name,Desain Komunikasi Visual,Diploma Tiga,,,Sekolah Vokasi/D3 Desain Komunikasi Visual
,0,3,program + education_level + faculty_program_name,Desain Komunikasi Visual,Sarjana,,,Sekolah Vokasi/D3 Desain Komunikasi Visual
,0,3,program + education_level + faculty_program_name,Desain Komunikasi Visual,Sarjana Terapan,,,Sekolah Vokasi/D3 Desain Komunikasi Visual
,0,19,program + education_level + faculty_program_name,Farmasi,Diploma 3,,,Sekolah Vokasi/D3 Farmasi
,0,15,program + education_level + faculty_program_name,Farmasi,Diploma 3,,,__MISSING__
,1,46,program + education_level + faculty_program_name,Farmasi,Diploma 3,,,__MISSING__
,0,42,program + education_level + faculty_program_name,Farmasi,Diploma Tiga,,,Sekolah Vokasi/D3 Farmasi
,1,127,program + education_level + faculty_program_name,Farmasi,Diploma Tiga,,,Sekolah Vokasi/D3 Farmasi
,0,3,program + education_level + faculty_program_name,Farmasi,Diploma Tiga,,,__MISSING__
,0,11,program + education_level + faculty_program_name,Farmasi,Sarjana,,,Sekolah Vokasi/D3 Farmasi
,0,6,program + education_level + faculty_program_name,Farmasi,Sarjana,,,__MISSING__
,0,12,program + education_level + faculty_program_name,Farmasi,Sarjana Terapan,,,Sekolah Vokasi/D3 Farmasi
,0,6,program + education_level + faculty_program_name,Farmasi,Sarjana Terapan,,,__MISSING__
,0,2,program + education_level + faculty_program_name,Kebidanan,Diploma 3,,,Sekolah Vokasi/D3 Kebidanan
,0,3,program + education_level + faculty_program_name,Kebidanan,Diploma 3,,,__MISSING__
,0,4,program + education_level + faculty_program_name,Kebidanan,Diploma Tiga,,,Sekolah Vokasi/D3 Kebidanan
,1,14,program + education_level + faculty_program_name,Kebidanan,Diploma Tiga,,,Sekolah Vokasi/D3 Kebidanan
,0,2,program + education_level + faculty_program_name,Kebidanan,Sarjana,,,Sekolah Vokasi/D3 Kebidanan
,0,1,program + education_level + faculty_program_name,Kebidanan,Sarjana Terapan,,,Sekolah Vokasi/D3 Kebidanan
,0,3,program + education_level + faculty_program_name,Keperawatan,Diploma 3,,,Sekolah Vokasi/D3 Keperawatan
,0,2,program + education_level + faculty_program_name,Keperawatan,Diploma 3,,,__MISSING__
,0,16,program + education_level + faculty_program_name,Keperawatan,Diploma Tiga,,,Sekolah Vokasi/D3 Keperawatan
,1,46,program + education_level + faculty_program_name,Keperawatan,Diploma Tiga,,,Sekolah Vokasi/D3 Keperawatan
,0,9,program + education_level + faculty_program_name,Keperawatan,Sarjana,,,Sekolah Vokasi/D3 Keperawatan
,0,3,program + education_level + faculty_program_name,Keperawatan,Sarjana Terapan,,,Sekolah Vokasi/D3 Keperawatan
,0,4,program + education_level + faculty_program_name,Manajemen Informatika,Diploma 3,,,__MISSING__
,1,12,program + education_level + faculty_program_name,Manajemen Informatika,Diploma 3,,,__MISSING__
,0,18,program + education_level + faculty_program_name,Manajemen Informatika,Diploma Tiga,,,Sekolah Vokasi/D3 Akuntansi
,0,8,program + education_level + faculty_program_name,Manajemen Informatika,Diploma Tiga,,,Sekolah Vokasi/D3 Desain Komunikasi Visual
,0,24,program + education_level + faculty_program_name,Manajemen Informatika,Diploma Tiga,,,Sekolah Vokasi/D3 Farmasi
,0,1,program + education_level + faculty_program_name,Manajemen Informatika,Diploma Tiga,,,Sekolah Vokasi/D3 Kebidanan
,0,8,program + education_level + faculty_program_name,Manajemen Informatika,Diploma Tiga,,,Sekolah Vokasi/D3 Keperawatan
,0,1,program + education_level + faculty_program_name,Manajemen Informatika,Diploma Tiga,,,Sekolah Vokasi/D3 Perhotelan
,0,1,program + education_level + faculty_program_name,Manajemen Informatika,Diploma Tiga,,,Sekolah Vokasi/D3 Teknik Elektronika
,0,28,program + education_level + faculty_program_name,Manajemen Informatika,Diploma Tiga,,,Sekolah Vokasi/D3 Teknik Komputer
,0,7,program + education_level + faculty_program_name,Manajemen Informatika,Diploma Tiga,,,Sekolah Vokasi/D3 Teknik Mesin
,0,2,program + education_level + faculty_program_name,Manajemen Informatika,Diploma Tiga,,,__MISSING__
,0,4,program + education_level + faculty_program_name,Manajemen Informatika,Sarjana,,,Fakultas Sains dan Teknologi/S1 Teknik Informatika
,0,3,program + education_level + faculty_program_name,Manajemen Informatika,Sarjana Terapan,,,Sekolah Vokasi/D4 Akuntansi Sektor Publik
,0,15,program + education_level + faculty_program_name,Manajemen Informatika,Sarjana Terapan,,,Sekolah Vokasi/D4 Teknik Informatika
,0,2,program + education_level + faculty_program_name,Manajemen Informatika,Sarjana Terapan,,,__MISSING__
,0,2,program + education_level + faculty_program_name,Perhotelan,Diploma 3,,,Sekolah Vokasi/D3 Perhotelan
,0,1,program + education_level + faculty_program_name,Perhotelan,Diploma 3,,,__MISSING__
,0,3,program + education_level + faculty_program_name,Perhotelan,Diploma Tiga,,,Sekolah Vokasi/D3 Perhotelan
,1,10,program + education_level + faculty_program_name,Perhotelan,Diploma Tiga,,,Sekolah Vokasi/D3 Perhotelan
,0,1,program + education_level + faculty_program_name,Perhotelan,Sarjana,,,Sekolah Vokasi/D3 Perhotelan
,0,1,program + education_level + faculty_program_name,Perhotelan,Sarjana Terapan,,,Sekolah Vokasi/D3 Perhotelan
,0,2,program + education_level + faculty_program_name,Sistem Informasi,Diploma 3,,,Fakultas Sains dan Teknologi/S1 Sistem Informasi
,0,3,program + education_level + faculty_program_name,Sistem Informasi,Diploma 3,,,__MISSING__
,0,1,program + education_level + faculty_program_name,Sistem Informasi,Diploma Tiga,,,Fakultas Sains dan Teknologi/S1 Sistem Informasi
,0,2,program + education_level + faculty_program_name,Sistem Informasi,Sarjana,,,Fakultas Sains dan Teknologi/S1 Sistem Informasi
,1,7,program + education_level + faculty_program_name,Sistem Informasi,Sarjana,,,Fakultas Sains dan Teknologi/S1 Sistem Informasi
,0,3,program + education_level + faculty_program_name,Teknik Elektronika,Diploma 3,,,__MISSING__
,0,7,program + education_level + faculty_program_name,Teknik Elektronika,Diploma Tiga,,,Sekolah Vokasi/D3 Teknik Elektronika
,1,21,program + education_level + faculty_program_name,Teknik Elektronika,Diploma Tiga,,,Sekolah Vokasi/D3 Teknik Elektronika
,0,4,program + education_level + faculty_program_name,Teknik Elektronika,Sarjana,,,Sekolah Vokasi/D3 Teknik Elektronika
,0,3,program + education_level + faculty_program_name,Teknik Elektronika,Sarjana Terapan,,,Sekolah Vokasi/D3 Teknik Elektronika
,0,6,program + education_level + faculty_program_name,Teknik Informatika,Diploma 3,,,Fakultas Sains dan Teknologi/S1 Teknik Informatika
,0,15,program + education_level + faculty_program_name,Teknik Informatika,Diploma 3,,,Sekolah Vokasi/D4 Teknik Informatika
,0,6,program + education_level + faculty_program_name,Teknik Informatika,Diploma 3,,,__MISSING__
,0,6,program + education_level + faculty_program_name,Teknik Informatika,Diploma Tiga,,,Fakultas Sains dan Teknologi/S1 Teknik Informatika
,0,13,program + education_level + faculty_program_name,Teknik Informatika,Diploma Tiga,,,Sekolah Vokasi/D4 Teknik Informatika
,0,12,program + education_level + faculty_program_name,Teknik Informatika,Sarjana,,,Fakultas Sains dan Teknologi/S1 Teknik Informatika
,1,36,program + education_level + faculty_program_name,Teknik Informatika,Sarjana,,,Fakultas Sains dan Teknologi/S1 Teknik Informatika
,0,27,program + education_level + faculty_program_name,Teknik Informatika,Sarjana Terapan,,,Sekolah Vokasi/D4 Teknik Informatika
,1,82,program + education_level + faculty_program_name,Teknik Informatika,Sarjana Terapan,,,Sekolah Vokasi/D4 Teknik Informatika
,0,15,program + education_level + faculty_program_name,Teknik Komputer,Diploma 3,,,Sekolah Vokasi/D3 Teknik Komputer
,0,4,program + education_level + faculty_program_name,Teknik Komputer,Diploma 3,,,__MISSING__
,0,52,program + education_level + faculty_program_name,Teknik Komputer,Diploma Tiga,,,Sekolah Vokasi/D3 Teknik Komputer
,1,156,program + education_level + faculty_program_name,Teknik Komputer,Diploma Tiga,,,Sekolah Vokasi/D3 Teknik Komputer
,0,12,program + education_level + faculty_program_name,Teknik Komputer,Sarjana,,,Sekolah Vokasi/D3 Teknik Komputer
,0,25,program + education_level + faculty_program_name,Teknik Komputer,Sarjana Terapan,,,Sekolah Vokasi/D3 Teknik Komputer
,0,6,program + education_level + faculty_program_name,Teknik Mesin,Diploma 3,,,Sekolah Vokasi/D3 Teknik Mesin
,0,2,program + education_level + faculty_program_name,Teknik Mesin,Diploma 3,,,__MISSING__
,0,16,program + education_level + faculty_program_name,Teknik Mesin,Diploma Tiga,,,Sekolah Vokasi/D3 Teknik Mesin
,1,47,program + education_level + faculty_program_name,Teknik Mesin,Diploma Tiga,,,Sekolah Vokasi/D3 Teknik Mesin
,0,6,program + education_level + faculty_program_name,Teknik Mesin,Sarjana,,,Sekolah Vokasi/D3 Teknik Mesin
,0,3,program + education_level + faculty_program_name,Teknik Mesin,Sarjana Terapan,,,Sekolah Vokasi/D3 Teknik Mesin
,0,24,program + accreditation_status + graduation_predicate,Akuntansi,,Baik,Dengan Pujian,
,0,5,program + accreditation_status + graduation_predicate,Akuntansi,,Baik,Sangat Memuaskan,
,0,8,program + accreditation_status + graduation_predicate,Akuntansi,,Baik,__MISSING__,
,0,35,program + accreditation_status + graduation_predicate,Akuntansi,,Baik Sekali,Dengan Pujian,
,1,109,program + accreditation_status + graduation_predicate,Akuntansi,,Baik Sekali,Dengan Pujian,
,0,11,program + accreditation_status + graduation_predicate,Akuntansi,,Baik Sekali,Sangat Memuaskan,
,1,28,program + accreditation_status + graduation_predicate,Akuntansi,,Baik Sekali,Sangat Memuaskan,
,0,10,program + accreditation_status + graduation_predicate,Akuntansi,,Terakreditasi,Dengan Pujian,
,0,7,program + accreditation_status + graduation_predicate,Akuntansi,,Terakreditasi,Sangat Memuaskan,
,0,4,program + accreditation_status + graduation_predicate,Akuntansi Sektor Publik,,Baik,Dengan Pujian,
,1,10,program + accreditation_status + graduation_predicate,Akuntansi Sektor Publik,,Baik,Dengan Pujian,
,1,3,program + accreditation_status + graduation_predicate,Akuntansi Sektor Publik,,Baik,Sangat Memuaskan,
,0,1,program + accreditation_status + graduation_predicate,Akuntansi Sektor Publik,,Baik,__MISSING__,
,0,1,program + accreditation_status + graduation_predicate,Akuntansi Sektor Publik,,Baik Sekali,Dengan Pujian,
,0,1,program + accreditation_status + graduation_predicate,Akuntansi Sektor Publik,,Baik Sekali,Sangat Memuaskan,
,0,2,program + accreditation_status + graduation_predicate,Akuntansi Sektor Publik,,Terakreditasi,Dengan Pujian,
,0,1,program + accreditation_status + graduation_predicate,Akuntansi Sektor Publik,,Terakreditasi,Sangat Memuaskan,
,0,17,program + accreditation_status + graduation_predicate,Analis Kesehatan,,Baik,Dengan Pujian,
,0,12,program + accreditation_status + graduation_predicate,Analis Kesehatan,,Baik,Sangat Memuaskan,
,0,19,program + accreditation_status + graduation_predicate,Analis Kesehatan,,Baik,__MISSING__,
,1,58,program + accreditation_status + graduation_predicate,Analis Kesehatan,,Baik,__MISSING__,
,0,68,program + accreditation_status + graduation_predicate,Analis Kesehatan,,Baik Sekali,Dengan Pujian,
,0,27,program + accreditation_status + graduation_predicate,Analis Kesehatan,,Baik Sekali,Sangat Memuaskan,
,0,10,program + accreditation_status + graduation_predicate,Analis Kesehatan,,Baik Sekali,__MISSING__,
,0,4,program + accreditation_status + graduation_predicate,Analis Kesehatan,,Terakreditasi,Dengan Pujian,
,0,2,program + accreditation_status + graduation_predicate,Analis Kesehatan,,Terakreditasi,Sangat Memuaskan,
,0,10,program + accreditation_status + graduation_predicate,Analis Kesehatan,,Terakreditasi,__MISSING__,
,0,3,program + accreditation_status + graduation_predicate,Desain Komunikasi Visual,,Baik,Dengan Pujian,
,1,12,program + accreditation_status + graduation_predicate,Desain Komunikasi Visual,,Baik,Dengan Pujian,
,1,2,program + accreditation_status + graduation_predicate,Desain Komunikasi Visual,,Baik,Memuaskan,
,0,13,program + accreditation_status + graduation_predicate,Desain Komunikasi Visual,,Baik,Sangat Memuaskan,
,1,36,program + accreditation_status + graduation_predicate,Desain Komunikasi Visual,,Baik,Sangat Memuaskan,
,0,6,program + accreditation_status + graduation_predicate,Desain Komunikasi Visual,,Baik,__MISSING__,
,0,8,program + accreditation_status + graduation_predicate,Desain Komunikasi Visual,,Baik Sekali,Sangat Memuaskan,
,0,2,program + accreditation_status + graduation_predicate,Desain Komunikasi Visual,,Terakreditasi,Dengan Pujian,
,0,2,program + accreditation_status + graduation_predicate,Desain Komunikasi Visual,,Terakreditasi,Memuaskan,
,0,5,program + accreditation_status + graduation_predicate,Desain Komunikasi Visual,,Terakreditasi,Sangat Memuaskan,
,0,11,program + accreditation_status + graduation_predicate,Farmasi,,Baik,Dengan Pujian,
,0,8,program + accreditation_status + graduation_predicate,Farmasi,,Baik,Sangat Memuaskan,
,0,15,program + accreditation_status + graduation_predicate,Farmasi,,Baik,__MISSING__,
,1,46,program + accreditation_status + graduation_predicate,Farmasi,,Baik,__MISSING__,
,0,13,program + accreditation_status + graduation_predicate,Farmasi,,Baik Sekali,Dengan Pujian,
,1,47,program + accreditation_status + graduation_predicate,Farmasi,,Baik Sekali,Dengan Pujian,
,0,29,program + accreditation_status + graduation_predicate,Farmasi,,Baik Sekali,Sangat Memuaskan,
,1,80,program + accreditation_status + graduation_predicate,Farmasi,,Baik Sekali,Sangat Memuaskan,
,0,8,program + accreditation_status + graduation_predicate,Farmasi,,Baik Sekali,__MISSING__,
,0,8,program + accreditation_status + graduation_predicate,Farmasi,,Terakreditasi,Dengan Pujian,
,0,15,program + accreditation_status + graduation_predicate,Farmasi,,Terakreditasi,Sangat Memuaskan,
,0,7,program + accreditation_status + graduation_predicate,Farmasi,,Terakreditasi,__MISSING__,
,0,2,program + accreditation_status + graduation_predicate,Kebidanan,,Baik,Dengan Pujian,
,0,1,program + accreditation_status + graduation_predicate,Kebidanan,,Baik,Sangat Memuaskan,
,0,3,program + accreditation_status + graduation_predicate,Kebidanan,,Baik,__MISSING__,
,0,3,program + accreditation_status + graduation_predicate,Kebidanan,,Baik Sekali,Dengan Pujian,
,1,9,program + accreditation_status + graduation_predicate,Kebidanan,,Baik Sekali,Dengan Pujian,
,0,2,program + accreditation_status + graduation_predicate,Kebidanan,,Baik Sekali,Sangat Memuaskan,
,1,5,program + accreditation_status + graduation_predicate,Kebidanan,,Baik Sekali,Sangat Memuaskan,
,0,1,program + accreditation_status + graduation_predicate,Kebidanan,,Terakreditasi,Dengan Pujian,
,0,10,program + accreditation_status + graduation_predicate,Keperawatan,,Baik,Dengan Pujian,
,1,29,program + accreditation_status + graduation_predicate,Keperawatan,,Baik,Dengan Pujian,
,0,5,program + accreditation_status + graduation_predicate,Keperawatan,,Baik,Sangat Memuaskan,
,1,17,program + accreditation_status + graduation_predicate,Keperawatan,,Baik,Sangat Memuaskan,
,0,2,program + accreditation_status + graduation_predicate,Keperawatan,,Baik,__MISSING__,
,0,5,program + accreditation_status + graduation_predicate,Keperawatan,,Baik Sekali,Dengan Pujian,
,0,5,program + accreditation_status + graduation_predicate,Keperawatan,,Baik Sekali,Sangat Memuaskan,
,0,5,program + accreditation_status + graduation_predicate,Keperawatan,,Terakreditasi,Dengan Pujian,
,0,1,program + accreditation_status + graduation_predicate,Keperawatan,,Terakreditasi,Sangat Memuaskan,
,0,17,program + accreditation_status + graduation_predicate,Manajemen Informatika,,Baik,Dengan Pujian,
,0,7,program + accreditation_status + graduation_predicate,Manajemen Informatika,,Baik,Sangat Memuaskan,
,0,4,program + accreditation_status + graduation_predicate,Manajemen Informatika,,Baik,__MISSING__,
,1,12,program + accreditation_status + graduation_predicate,Manajemen Informatika,,Baik,__MISSING__,
,0,55,program + accreditation_status + graduation_predicate,Manajemen Informatika,,Baik Sekali,Dengan Pujian,
,0,38,program + accreditation_status + graduation_predicate,Manajemen Informatika,,Baik Sekali,Sangat Memuaskan,
,0,3,program + accreditation_status + graduation_predicate,Manajemen Informatika,,Baik Sekali,__MISSING__,
,0,1,program + accreditation_status + graduation_predicate,Manajemen Informatika,,Terakreditasi,Dengan Pujian,
,0,1,program + accreditation_status + graduation_predicate,Manajemen Informatika,,Terakreditasi,__MISSING__,
,0,1,program + accreditation_status + graduation_predicate,Perhotelan,,Baik,Dengan Pujian,
,1,5,program + accreditation_status + graduation_predicate,Perhotelan,,Baik,Dengan Pujian,
,0,3,program + accreditation_status + graduation_predicate,Perhotelan,,Baik,Sangat Memuaskan,
,1,5,program + accreditation_status + graduation_predicate,Perhotelan,,Baik,Sangat Memuaskan,
,0,1,program + accreditation_status + graduation_predicate,Perhotelan,,Baik,__MISSING__,
,0,1,program + accreditation_status + graduation_predicate,Perhotelan,,Baik Sekali,Sangat Memuaskan,
,0,1,program + accreditation_status + graduation_predicate,Perhotelan,,Terakreditasi,Dengan Pujian,
,0,1,program + accreditation_status + graduation_predicate,Perhotelan,,Terakreditasi,Sangat Memuaskan,
,0,3,program + accreditation_status + graduation_predicate,Sistem Informasi,,Baik,Dengan Pujian,
,1,6,program + accreditation_status + graduation_predicate,Sistem Informasi,,Baik,Dengan Pujian,
,1,1,program + accreditation_status + graduation_predicate,Sistem Informasi,,Baik,Sangat Memuaskan,
,0,3,program + accreditation_status + graduation_predicate,Sistem Informasi,,Baik,__MISSING__,
,0,1,program + accreditation_status + graduation_predicate,Sistem Informasi,,Baik Sekali,Sangat Memuaskan,
,0,1,program + accreditation_status + graduation_predicate,Sistem Informasi,,Terakreditasi,Dengan Pujian,
,0,2,program + accreditation_status + graduation_predicate,Teknik Elektronika,,Baik,Dengan Pujian,
,0,2,program + accreditation_status + graduation_predicate,Teknik Elektronika,,Baik,Sangat Memuaskan,
,0,3,program + accreditation_status + graduation_predicate,Teknik Elektronika,,Baik,__MISSING__,
,0,2,program + accreditation_status + graduation_predicate,Teknik Elektronika,,Baik Sekali,Dengan Pujian,
,0,1,program + accreditation_status + graduation_predicate,Teknik Elektronika,,Baik Sekali,Sangat Memuaskan,
,0,4,program + accreditation_status + graduation_predicate,Teknik Elektronika,,Terakreditasi,Dengan Pujian,
,1,13,program + accreditation_status + graduation_predicate,Teknik Elektronika,,Terakreditasi,Dengan Pujian,
,0,3,program + accreditation_status + graduation_predicate,Teknik Elektronika,,Terakreditasi,Sangat Memuaskan,
,1,8,program + accreditation_status + graduation_predicate,Teknik Elektronika,,Terakreditasi,Sangat Memuaskan,
,0,16,program + accreditation_status + graduation_predicate,Teknik Informatika,,Baik,Dengan Pujian,
,1,29,program + accreditation_status + graduation_predicate,Teknik Informatika,,Baik,Dengan Pujian,
,0,9,program + accreditation_status + graduation_predicate,Teknik Informatika,,Baik,Sangat Memuaskan,
,1,7,program + accreditation_status + graduation_predicate,Teknik Informatika,,Baik,Sangat Memuaskan,
,0,6,program + accreditation_status + graduation_predicate,Teknik Informatika,,Baik,__MISSING__,
,0,17,program + accreditation_status + graduation_predicate,Teknik Informatika,,Baik Sekali,Dengan Pujian,
,1,49,program + accreditation_status + graduation_predicate,Teknik Informatika,,Baik Sekali,Dengan Pujian,
,0,1,program + accreditation_status + graduation_predicate,Teknik Informatika,,Baik Sekali,Memuaskan,
,1,1,program + accreditation_status + graduation_predicate,Teknik Informatika,,Baik Sekali,Memuaskan,
,0,13,program + accreditation_status + graduation_predicate,Teknik Informatika,,Baik Sekali,Sangat Memuaskan,
,1,32,program + accreditation_status + graduation_predicate,Teknik Informatika,,Baik Sekali,Sangat Memuaskan,
,0,15,program + accreditation_status + graduation_predicate,Teknik Informatika,,Terakreditasi,Dengan Pujian,
,0,8,program + accreditation_status + graduation_predicate,Teknik Informatika,,Terakreditasi,Sangat Memuaskan,
,0,19,program + accreditation_status + graduation_predicate,Teknik Komputer,,Baik,Dengan Pujian,
,0,7,program + accreditation_status + graduation_predicate,Teknik Komputer,,Baik,Sangat Memuaskan,
,0,4,program + accreditation_status + graduation_predicate,Teknik Komputer,,Baik,__MISSING__,
,0,41,program + accreditation_status + graduation_predicate,Teknik Komputer,,Baik Sekali,Dengan Pujian,
,1,111,program + accreditation_status + graduation_predicate,Teknik Komputer,,Baik Sekali,Dengan Pujian,
,0,11,program + accreditation_status + graduation_predicate,Teknik Komputer,,Baik Sekali,Sangat Memuaskan,
,1,45,program + accreditation_status + graduation_predicate,Teknik Komputer,,Baik Sekali,Sangat Memuaskan,
,0,16,program + accreditation_status + graduation_predicate,Teknik Komputer,,Terakreditasi,Dengan Pujian,
,0,10,program + accreditation_status + graduation_predicate,Teknik Komputer,,Terakreditasi,Sangat Memuaskan,
,0,4,program + accreditation_status + graduation_predicate,Teknik Mesin,,Baik,Dengan Pujian,
,0,2,program + accreditation_status + graduation_predicate,Teknik Mesin,,Baik,Sangat Memuaskan,
,0,2,program + accreditation_status + graduation_predicate,Teknik Mesin,,Baik,__MISSING__,
,0,5,program + accreditation_status + graduation_predicate,Teknik Mesin,,Baik Sekali,Dengan Pujian,
,1,24,program + accreditation_status + graduation_predicate,Teknik Mesin,,Baik Sekali,Dengan Pujian,
,0,10,program + accreditation_status + graduation_predicate,Teknik Mesin,,Baik Sekali,Sangat Memuaskan,
,1,23,program + accreditation_status + graduation_predicate,Teknik Mesin,,Baik Sekali,Sangat Memuaskan,
,0,5,program + accreditation_status + graduation_predicate,Teknik Mesin,,Terakreditasi,Dengan Pujian,
,0,5,program + accreditation_status + graduation_predicate,Teknik Mesin,,Terakreditasi,Sangat Memuaskan,
,0,29,program + accreditation_status + faculty_program_name,Akuntansi,,Baik,,Sekolah Vokasi/D3 Akuntansi
,0,8,program + accreditation_status + faculty_program_name,Akuntansi,,Baik,,__MISSING__
,0,46,program + accreditation_status + faculty_program_name,Akuntansi,,Baik Sekali,,Sekolah Vokasi/D3 Akuntansi
,1,137,program + accreditation_status + faculty_program_name,Akuntansi,,Baik Sekali,,Sekolah Vokasi/D3 Akuntansi
,0,17,program + accreditation_status + faculty_program_name,Akuntansi,,Terakreditasi,,Sekolah Vokasi/D3 Akuntansi
,0,4,program + accreditation_status + faculty_program_name,Akuntansi Sektor Publik,,Baik,,Sekolah Vokasi/D4 Akuntansi Sektor Publik
,1,13,program + accreditation_status + faculty_program_name,Akuntansi Sektor Publik,,Baik,,Sekolah Vokasi/D4 Akuntansi Sektor Publik
,0,1,program + accreditation_status + faculty_program_name,Akuntansi Sektor Publik,,Baik,,__MISSING__
,0,2,program + accreditation_status + faculty_program_name,Akuntansi Sektor Publik,,Baik Sekali,,Sekolah Vokasi/D4 Akuntansi Sektor Publik
,0,3,program + accreditation_status + faculty_program_name,Akuntansi Sektor Publik,,Terakreditasi,,Sekolah Vokasi/D4 Akuntansi Sektor Publik
,0,2,program + accreditation_status + faculty_program_name,Analis Kesehatan,,Baik,,Fakultas Sains dan Teknologi/S1 Sistem Informasi
,0,8,program + accreditation_status + faculty_program_name,Analis Kesehatan,,Baik,,Fakultas Sains dan Teknologi/S1 Teknik Informatika
,0,9,program + accreditation_status + faculty_program_name,Analis Kesehatan,,Baik,,Sekolah Vokasi/D3 Desain Komunikasi Visual
,0,7,program + accreditation_status + faculty_program_name,Analis Kesehatan,,Baik,,Sekolah Vokasi/D3 Keperawatan
,0,2,program + accreditation_status + faculty_program_name,Analis Kesehatan,,Baik,,Sekolah Vokasi/D3 Perhotelan
,0,1,program + accreditation_status + faculty_program_name,Analis Kesehatan,,Baik,,Sekolah Vokasi/D4 Akuntansi Sektor Publik
,0,19,program + accreditation_status + faculty_program_name,Analis Kesehatan,,Baik,,__MISSING__
,1,58,program + accreditation_status + faculty_program_name,Analis Kesehatan,,Baik,,__MISSING__
,0,27,program + accreditation_status + faculty_program_name,Analis Kesehatan,,Baik Sekali,,Sekolah Vokasi/D3 Akuntansi
,0,19,program + accreditation_status + faculty_program_name,Analis Kesehatan,,Baik Sekali,,Sekolah Vokasi/D3 Farmasi
,0,4,program + accreditation_status + faculty_program_name,Analis Kesehatan,,Baik Sekali,,Sekolah Vokasi/D3 Kebidanan
,0,24,program + accreditation_status + faculty_program_name,Analis Kesehatan,,Baik Sekali,,Sekolah Vokasi/D3 Teknik Komputer
,0,9,program + accreditation_status + faculty_program_name,Analis Kesehatan,,Baik Sekali,,Sekolah Vokasi/D3 Teknik Mesin
,0,12,program + accreditation_status + faculty_program_name,Analis Kesehatan,,Baik Sekali,,Sekolah Vokasi/D4 Teknik Informatika
,0,10,program + accreditation_status + faculty_program_name,Analis Kesehatan,,Baik Sekali,,__MISSING__
,0,6,program + accreditation_status + faculty_program_name,Analis Kesehatan,,Terakreditasi,,Sekolah Vokasi/D3 Teknik Elektronika
,0,10,program + accreditation_status + faculty_program_name,Analis Kesehatan,,Terakreditasi,,__MISSING__
,0,16,program + accreditation_status + faculty_program_name,Desain Komunikasi Visual,,Baik,,Sekolah Vokasi/D3 Desain Komunikasi Visual
,1,50,program + accreditation_status + faculty_program_name,Desain Komunikasi Visual,,Baik,,Sekolah Vokasi/D3 Desain Komunikasi Visual
,0,6,program + accreditation_status + faculty_program_name,Desain Komunikasi Visual,,Baik,,__MISSING__
,0,8,program + accreditation_status + faculty_program_name,Desain Komunikasi Visual,,Baik Sekali,,Sekolah Vokasi/D3 Desain Komunikasi Visual
,0,9,program + accreditation_status + faculty_program_name,Desain Komunikasi Visual,,Terakreditasi,,Sekolah Vokasi/D3 Desain Komunikasi Visual
,0,19,program + accreditation_status + faculty_program_name,Farmasi,,Baik,,Sekolah Vokasi/D3 Farmasi
,0,15,program + accreditation_status + faculty_program_name,Farmasi,,Baik,,__MISSING__
,1,46,program + accreditation_status + faculty_program_name,Farmasi,,Baik,,__MISSING__
,0,42,program + accreditation_status + faculty_program_name,Farmasi,,Baik Sekali,,Sekolah Vokasi/D3 Farmasi
,1,127,program + accreditation_status + faculty_program_name,Farmasi,,Baik Sekali,,Sekolah Vokasi/D3 Farmasi
,0,8,program + accreditation_status + faculty_program_name,Farmasi,,Baik Sekali,,__MISSING__
,0,23,program + accreditation_status + faculty_program_name,Farmasi,,Terakreditasi,,Sekolah Vokasi/D3 Farmasi
,0,7,program + accreditation_status + faculty_program_name,Farmasi,,Terakreditasi,,__MISSING__
,0,3,program + accreditation_status + faculty_program_name,Kebidanan,,Baik,,Sekolah Vokasi/D3 Kebidanan
,0,3,program + accreditation_status + faculty_program_name,Kebidanan,,Baik,,__MISSING__
,0,5,program + accreditation_status + faculty_program_name,Kebidanan,,Baik Sekali,,Sekolah Vokasi/D3 Kebidanan
,1,14,program + accreditation_status + faculty_program_name,Kebidanan,,Baik Sekali,,Sekolah Vokasi/D3 Kebidanan
,0,1,program + accreditation_status + faculty_program_name,Kebidanan,,Terakreditasi,,Sekolah Vokasi/D3 Kebidanan
,0,15,program + accreditation_status + faculty_program_name,Keperawatan,,Baik,,Sekolah Vokasi/D3 Keperawatan
,1,46,program + accreditation_status + faculty_program_name,Keperawatan,,Baik,,Sekolah Vokasi/D3 Keperawatan
,0,2,program + accreditation_status + faculty_program_name,Keperawatan,,Baik,,__MISSING__
,0,10,program + accreditation_status + faculty_program_name,Keperawatan,,Baik Sekali,,Sekolah Vokasi/D3 Keperawatan
,0,6,program + accreditation_status + faculty_program_name,Keperawatan,,Terakreditasi,,Sekolah Vokasi/D3 Keperawatan
,0,4,program + accreditation_status + faculty_program_name,Manajemen Informatika,,Baik,,Fakultas Sains dan Teknologi/S1 Teknik Informatika
,0,8,program + accreditation_status + faculty_program_name,Manajemen Informatika,,Baik,,Sekolah Vokasi/D3 Desain Komunikasi Visual
,0,8,program + accreditation_status + faculty_program_name,Manajemen Informatika,,Baik,,Sekolah Vokasi/D3 Keperawatan
,0,1,program + accreditation_status + faculty_program_name,Manajemen Informatika,,Baik,,Sekolah Vokasi/D3 Perhotelan
,0,3,program + accreditation_status + faculty_program_name,Manajemen Informatika,,Baik,,Sekolah Vokasi/D4 Akuntansi Sektor Publik
,0,4,program + accreditation_status + faculty_program_name,Manajemen Informatika,,Baik,,__MISSING__
,1,12,program + accreditation_status + faculty_program_name,Manajemen Informatika,,Baik,,__MISSING__
,0,18,program + accreditation_status + faculty_program_name,Manajemen Informatika,,Baik Sekali,,Sekolah Vokasi/D3 Akuntansi
,0,24,program + accreditation_status + faculty_program_name,Manajemen Informatika,,Baik Sekali,,Sekolah Vokasi/D3 Farmasi
,0,1,program + accreditation_status + faculty_program_name,Manajemen Informatika,,Baik Sekali,,Sekolah Vokasi/D3 Kebidanan
,0,28,program + accreditation_status + faculty_program_name,Manajemen Informatika,,Baik Sekali,,Sekolah Vokasi/D3 Teknik Komputer
,0,7,program + accreditation_status + faculty_program_name,Manajemen Informatika,,Baik Sekali,,Sekolah Vokasi/D3 Teknik Mesin
,0,15,program + accreditation_status + faculty_program_name,Manajemen Informatika,,Baik Sekali,,Sekolah Vokasi/D4 Teknik Informatika
,0,3,program + accreditation_status + faculty_program_name,Manajemen Informatika,,Baik Sekali,,__MISSING__
,0,1,program + accreditation_status + faculty_program_name,Manajemen Informatika,,Terakreditasi,,Sekolah Vokasi/D3 Teknik Elektronika
,0,1,program + accreditation_status + faculty_program_name,Manajemen Informatika,,Terakreditasi,,__MISSING__
,0,4,program + accreditation_status + faculty_program_name,Perhotelan,,Baik,,Sekolah Vokasi/D3 Perhotelan
,1,10,program + accreditation_status + faculty_program_name,Perhotelan,,Baik,,Sekolah Vokasi/D3 Perhotelan
,0,1,program + accreditation_status + faculty_program_name,Perhotelan,,Baik,,__MISSING__
,0,1,program + accreditation_status + faculty_program_name,Perhotelan,,Baik Sekali,,Sekolah Vokasi/D3 Perhotelan
,0,2,program + accreditation_status + faculty_program_name,Perhotelan,,Terakreditasi,,Sekolah Vokasi/D3 Perhotelan
,0,3,program + accreditation_status + faculty_program_name,Sistem Informasi,,Baik,,Fakultas Sains dan Teknologi/S1 Sistem Informasi
,1,7,program + accreditation_status + faculty_program_name,Sistem Informasi,,Baik,,Fakultas Sains dan Teknologi/S1 Sistem Informasi
,0,3,program + accreditation_status + faculty_program_name,Sistem Informasi,,Baik,,__MISSING__
,0,1,program + accreditation_status + faculty_program_name,Sistem Informasi,,Baik Sekali,,Fakultas Sains dan Teknologi/S1 Sistem Informasi
,0,1,program + accreditation_status + faculty_program_name,Sistem Informasi,,Terakreditasi,,Fakultas Sains dan Teknologi/S1 Sistem Informasi
,0,4,program + accreditation_status + faculty_program_name,Teknik Elektronika,,Baik,,Sekolah Vokasi/D3 Teknik Elektronika
,0,3,program + accreditation_status + faculty_program_name,Teknik Elektronika,,Baik,,__MISSING__
,0,3,program + accreditation_status + faculty_program_name,Teknik Elektronika,,Baik Sekali,,Sekolah Vokasi/D3 Teknik Elektronika
,0,7,program + accreditation_status + faculty_program_name,Teknik Elektronika,,Terakreditasi,,Sekolah Vokasi/D3 Teknik Elektronika
,1,21,program + accreditation_status + faculty_program_name,Teknik Elektronika,,Terakreditasi,,Sekolah Vokasi/D3 Teknik Elektronika
,0,12,program + accreditation_status + faculty_program_name,Teknik Informatika,,Baik,,Fakultas Sains dan Teknologi/S1 Teknik Informatika
,1,36,program + accreditation_status + faculty_program_name,Teknik Informatika,,Baik,,Fakultas Sains dan Teknologi/S1 Teknik Informatika
,0,13,program + accreditation_status + faculty_program_name,Teknik Informatika,,Baik,,Sekolah Vokasi/D4 Teknik Informatika
,0,6,program + accreditation_status + faculty_program_name,Teknik Informatika,,Baik,,__MISSING__
,0,3,program + accreditation_status + faculty_program_name,Teknik Informatika,,Baik Sekali,,Fakultas Sains dan Teknologi/S1 Teknik Informatika
,0,28,program + accreditation_status + faculty_program_name,Teknik Informatika,,Baik Sekali,,Sekolah Vokasi/D4 Teknik Informatika
,1,82,program + accreditation_status + faculty_program_name,Teknik Informatika,,Baik Sekali,,Sekolah Vokasi/D4 Teknik Informatika
,0,9,program + accreditation_status + faculty_program_name,Teknik Informatika,,Terakreditasi,,Fakultas Sains dan Teknologi/S1 Teknik Informatika
,0,14,program + accreditation_status + faculty_program_name,Teknik Informatika,,Terakreditasi,,Sekolah Vokasi/D4 Teknik Informatika
,0,26,program + accreditation_status + faculty_program_name,Teknik Komputer,,Baik,,Sekolah Vokasi/D3 Teknik Komputer
,0,4,program + accreditation_status + faculty_program_name,Teknik Komputer,,Baik,,__MISSING__
,0,52,program + accreditation_status + faculty_program_name,Teknik Komputer,,Baik Sekali,,Sekolah Vokasi/D3 Teknik Komputer
,1,156,program + accreditation_status + faculty_program_name,Teknik Komputer,,Baik Sekali,,Sekolah Vokasi/D3 Teknik Komputer
,0,26,program + accreditation_status + faculty_program_name,Teknik Komputer,,Terakreditasi,,Sekolah Vokasi/D3 Teknik Komputer
,0,6,program + accreditation_status + faculty_program_name,Teknik Mesin,,Baik,,Sekolah Vokasi/D3 Teknik Mesin
,0,2,program + accreditation_status + faculty_program_name,Teknik Mesin,,Baik,,__MISSING__
,0,15,program + accreditation_status + faculty_program_name,Teknik Mesin,,Baik Sekali,,Sekolah Vokasi/D3 Teknik Mesin
,1,47,program + accreditation_status + faculty_program_name,Teknik Mesin,,Baik Sekali,,Sekolah Vokasi/D3 Teknik Mesin
,0,10,program + accreditation_status + faculty_program_name,Teknik Mesin,,Terakreditasi,,Sekolah Vokasi/D3 Teknik Mesin
,0,69,program + graduation_predicate + faculty_program_name,Akuntansi,,,Dengan Pujian,Sekolah Vokasi/D3 Akuntansi
,1,109,program + graduation_predicate + faculty_program_name,Akuntansi,,,Dengan Pujian,Sekolah Vokasi/D3 Akuntansi
,0,23,program + graduation_predicate + faculty_program_name,Akuntansi,,,Sangat Memuaskan,Sekolah Vokasi/D3 Akuntansi
,1,28,program + graduation_predicate + faculty_program_name,Akuntansi,,,Sangat Memuaskan,Sekolah Vokasi/D3 Akuntansi
,0,8,program + graduation_predicate + faculty_program_name,Akuntansi,,,__MISSING__,__MISSING__
,0,7,program + graduation_predicate + faculty_program_name,Akuntansi Sektor Publik,,,Dengan Pujian,Sekolah Vokasi/D4 Akuntansi Sektor Publik
,1,10,program + graduation_predicate + faculty_program_name,Akuntansi Sektor Publik,,,Dengan Pujian,Sekolah Vokasi/D4 Akuntansi Sektor Publik
,0,2,program + graduation_predicate + faculty_program_name,Akuntansi Sektor Publik,,,Sangat Memuaskan,Sekolah Vokasi/D4 Akuntansi Sektor Publik
,1,3,program + graduation_predicate + faculty_program_name,Akuntansi Sektor Publik,,,Sangat Memuaskan,Sekolah Vokasi/D4 Akuntansi Sektor Publik
,0,1,program + graduation_predicate + faculty_program_name,Akuntansi Sektor Publik,,,__MISSING__,__MISSING__
,0,2,program + graduation_predicate + faculty_program_name,Analis Kesehatan,,,Dengan Pujian,Fakultas Sains dan Teknologi/S1 Sistem Informasi
,0,6,program + graduation_predicate + faculty_program_name,Analis Kesehatan,,,Dengan Pujian,Fakultas Sains dan Teknologi/S1 Teknik Informatika
,0,25,program + graduation_predicate + faculty_program_name,Analis Kesehatan,,,Dengan Pujian,Sekolah Vokasi/D3 Akuntansi
,0,3,program + graduation_predicate + faculty_program_name,Analis Kesehatan,,,Dengan Pujian,Sekolah Vokasi/D3 Desain Komunikasi Visual
,0,6,program + graduation_predicate + faculty_program_name,Analis Kesehatan,,,Dengan Pujian,Sekolah Vokasi/D3 Farmasi
,0,3,program + graduation_predicate + faculty_program_name,Analis Kesehatan,,,Dengan Pujian,Sekolah Vokasi/D3 Kebidanan
,0,4,program + graduation_predicate + faculty_program_name,Analis Kesehatan,,,Dengan Pujian,Sekolah Vokasi/D3 Keperawatan
,0,2,program + graduation_predicate + faculty_program_name,Analis Kesehatan,,,Dengan Pujian,Sekolah Vokasi/D3 Perhotelan
,0,4,program + graduation_predicate + faculty_program_name,Analis Kesehatan,,,Dengan Pujian,Sekolah Vokasi/D3 Teknik Elektronika
,0,18,program + graduation_predicate + faculty_program_name,Analis Kesehatan,,,Dengan Pujian,Sekolah Vokasi/D3 Teknik Komputer
,0,7,program + graduation_predicate + faculty_program_name,Analis Kesehatan,,,Dengan Pujian,Sekolah Vokasi/D3 Teknik Mesin
,0,9,program + graduation_predicate + faculty_program_name,Analis Kesehatan,,,Dengan Pujian,Sekolah Vokasi/D4 Teknik Informatika
,0,2,program + graduation_predicate + faculty_program_name,Analis Kesehatan,,,Sangat Memuaskan,Fakultas Sains dan Teknologi/S1 Teknik Informatika
,0,2,program + graduation_predicate + faculty_program_name,Analis Kesehatan,,,Sangat Memuaskan,Sekolah Vokasi/D3 Akuntansi
,0,6,program + graduation_predicate + faculty_program_name,Analis Kesehatan,,,Sangat Memuaskan,Sekolah Vokasi/D3 Desain Komunikasi Visual
,0,13,program + graduation_predicate + faculty_program_name,Analis Kesehatan,,,Sangat Memuaskan,Sekolah Vokasi/D3 Farmasi
,0,1,program + graduation_predicate + faculty_program_name,Analis Kesehatan,,,Sangat Memuaskan,Sekolah Vokasi/D3 Kebidanan
,0,3,program + graduation_predicate + faculty_program_name,Analis Kesehatan,,,Sangat Memuaskan,Sekolah Vokasi/D3 Keperawatan
,0,2,program + graduation_predicate + faculty_program_name,Analis Kesehatan,,,Sangat Memuaskan,Sekolah Vokasi/D3 Teknik Elektronika
,0,6,program + graduation_predicate + faculty_program_name,Analis Kesehatan,,,Sangat Memuaskan,Sekolah Vokasi/D3 Teknik Komputer
,0,2,program + graduation_predicate + faculty_program_name,Analis Kesehatan,,,Sangat Memuaskan,Sekolah Vokasi/D3 Teknik Mesin
,0,1,program + graduation_predicate + faculty_program_name,Analis Kesehatan,,,Sangat Memuaskan,Sekolah Vokasi/D4 Akuntansi Sektor Publik
,0,3,program + graduation_predicate + faculty_program_name,Analis Kesehatan,,,Sangat Memuaskan,Sekolah Vokasi/D4 Teknik Informatika
,0,39,program + graduation_predicate + faculty_program_name,Analis Kesehatan,,,__MISSING__,__MISSING__
,1,58,program + graduation_predicate + faculty_program_name,Analis Kesehatan,,,__MISSING__,__MISSING__
,0,5,program + graduation_predicate + faculty_program_name,Desain Komunikasi Visual,,,Dengan Pujian,Sekolah Vokasi/D3 Desain Komunikasi Visual
,1,12,program + graduation_predicate + faculty_program_name,Desain Komunikasi Visual,,,Dengan Pujian,Sekolah Vokasi/D3 Desain Komunikasi Visual
,0,2,program + graduation_predicate + faculty_program_name,Desain Komunikasi Visual,,,Memuaskan,Sekolah Vokasi/D3 Desain Komunikasi Visual
,1,2,program + graduation_predicate + faculty_program_name,Desain Komunikasi Visual,,,Memuaskan,Sekolah Vokasi/D3 Desain Komunikasi Visual
,0,26,program + graduation_predicate + faculty_program_name,Desain Komunikasi Visual,,,Sangat Memuaskan,Sekolah Vokasi/D3 Desain Komunikasi Visual
,1,36,program + graduation_predicate + faculty_program_name,Desain Komunikasi Visual,,,Sangat Memuaskan,Sekolah Vokasi/D3 Desain Komunikasi Visual
,0,6,program + graduation_predicate + faculty_program_name,Desain Komunikasi Visual,,,__MISSING__,__MISSING__
,0,32,program + graduation_predicate + faculty_program_name,Farmasi,,,Dengan Pujian,Sekolah Vokasi/D3 Farmasi
,1,47,program + graduation_predicate + faculty_program_name,Farmasi,,,Dengan Pujian,Sekolah Vokasi/D3 Farmasi
,0,52,program + graduation_predicate + faculty_program_name,Farmasi,,,Sangat Memuaskan,Sekolah Vokasi/D3 Farmasi
,1,80,program + graduation_predicate + faculty_program_name,Farmasi,,,Sangat Memuaskan,Sekolah Vokasi/D3 Farmasi
,0,30,program + graduation_predicate + faculty_program_name,Farmasi,,,__MISSING__,__MISSING__
,1,46,program + graduation_predicate + faculty_program_name,Farmasi,,,__MISSING__,__MISSING__
,0,6,program + graduation_predicate + faculty_program_name,Kebidanan,,,Dengan Pujian,Sekolah Vokasi/D3 Kebidanan
,1,9,program + graduation_predicate + faculty_program_name,Kebidanan,,,Dengan Pujian,Sekolah Vokasi/D3 Kebidanan
,0,3,program + graduation_predicate + faculty_program_name,Kebidanan,,,Sangat Memuaskan,Sekolah Vokasi/D3 Kebidanan
,1,5,program + graduation_predicate + faculty_program_name,Kebidanan,,,Sangat Memuaskan,Sekolah Vokasi/D3 Kebidanan
,0,3,program + graduation_predicate + faculty_program_name,Kebidanan,,,__MISSING__,__MISSING__
,0,20,program + graduation_predicate + faculty_program_name,Keperawatan,,,Dengan Pujian,Sekolah Vokasi/D3 Keperawatan
,1,29,program + graduation_predicate + faculty_program_name,Keperawatan,,,Dengan Pujian,Sekolah Vokasi/D3 Keperawatan
,0,11,program + graduation_predicate + faculty_program_name,Keperawatan,,,Sangat Memuaskan,Sekolah Vokasi/D3 Keperawatan
,1,17,program + graduation_predicate + faculty_program_name,Keperawatan,,,Sangat Memuaskan,Sekolah Vokasi/D3 Keperawatan
,0,2,program + graduation_predicate + faculty_program_name,Keperawatan,,,__MISSING__,__MISSING__
,0,4,program + graduation_predicate + faculty_program_name,Manajemen Informatika,,,Dengan Pujian,Fakultas Sains dan Teknologi/S1 Teknik Informatika
,0,15,program + graduation_predicate + faculty_program_name,Manajemen Informatika,,,Dengan Pujian,Sekolah Vokasi/D3 Akuntansi
,0,4,program + graduation_predicate + faculty_program_name,Manajemen Informatika,,,Dengan Pujian,Sekolah Vokasi/D3 Desain Komunikasi Visual
,0,9,program + graduation_predicate + faculty_program_name,Manajemen Informatika,,,Dengan Pujian,Sekolah Vokasi/D3 Farmasi
,0,5,program + graduation_predicate + faculty_program_name,Manajemen Informatika,,,Dengan Pujian,Sekolah Vokasi/D3 Keperawatan
,0,1,program + graduation_predicate + faculty_program_name,Manajemen Informatika,,,Dengan Pujian,Sekolah Vokasi/D3 Perhotelan
,0,1,program + graduation_predicate + faculty_program_name,Manajemen Informatika,,,Dengan Pujian,Sekolah Vokasi/D3 Teknik Elektronika
,0,17,program + graduation_predicate + faculty_program_name,Manajemen Informatika,,,Dengan Pujian,Sekolah Vokasi/D3 Teknik Komputer
,0,3,program + graduation_predicate + faculty_program_name,Manajemen Informatika,,,Dengan Pujian,Sekolah Vokasi/D3 Teknik Mesin
,0,3,program + graduation_predicate + faculty_program_name,Manajemen Informatika,,,Dengan Pujian,Sekolah Vokasi/D4 Akuntansi Sektor Publik
,0,11,program + graduation_predicate + faculty_program_name,Manajemen Informatika,,,Dengan Pujian,Sekolah Vokasi/D4 Teknik Informatika
,0,3,program + graduation_predicate + faculty_program_name,Manajemen Informatika,,,Sangat Memuaskan,Sekolah Vokasi/D3 Akuntansi
,0,4,program + graduation_predicate + faculty_program_name,Manajemen Informatika,,,Sangat Memuaskan,Sekolah Vokasi/D3 Desain Komunikasi Visual
,0,15,program + graduation_predicate + faculty_program_name,Manajemen Informatika,,,Sangat Memuaskan,Sekolah Vokasi/D3 Farmasi
,0,1,program + graduation_predicate + faculty_program_name,Manajemen Informatika,,,Sangat Memuaskan,Sekolah Vokasi/D3 Kebidanan
,0,3,program + graduation_predicate + faculty_program_name,Manajemen Informatika,,,Sangat Memuaskan,Sekolah Vokasi/D3 Keperawatan
,0,11,program + graduation_predicate + faculty_program_name,Manajemen Informatika,,,Sangat Memuaskan,Sekolah Vokasi/D3 Teknik Komputer
,0,4,program + graduation_predicate + faculty_program_name,Manajemen Informatika,,,Sangat Memuaskan,Sekolah Vokasi/D3 Teknik Mesin
,0,4,program + graduation_predicate + faculty_program_name,Manajemen Informatika,,,Sangat Memuaskan,Sekolah Vokasi/D4 Teknik Informatika
,0,8,program + graduation_predicate + faculty_program_name,Manajemen Informatika,,,__MISSING__,__MISSING__
,1,12,program + graduation_predicate + faculty_program_name,Manajemen Informatika,,,__MISSING__,__MISSING__
,0,2,program + graduation_predicate + faculty_program_name,Perhotelan,,,Dengan Pujian,Sekolah Vokasi/D3 Perhotelan
,1,5,program + graduation_predicate + faculty_program_name,Perhotelan,,,Dengan Pujian,Sekolah Vokasi/D3 Perhotelan
,0,5,program + graduation_predicate + faculty_program_name,Perhotelan,,,Sangat Memuaskan,Sekolah Vokasi/D3 Perhotelan
,1,5,program + graduation_predicate + faculty_program_name,Perhotelan,,,Sangat Memuaskan,Sekolah Vokasi/D3 Perhotelan
,0,1,program + graduation_predicate + faculty_program_name,Perhotelan,,,__MISSING__,__MISSING__
,0,4,program + graduation_predicate + faculty_program_name,Sistem Informasi,,,Dengan Pujian,Fakultas Sains dan Teknologi/S1 Sistem Informasi
,1,6,program + graduation_predicate + faculty_program_name,Sistem Informasi,,,Dengan Pujian,Fakultas Sains dan Teknologi/S1 Sistem Informasi
,0,1,program + graduation_predicate + faculty_program_name,Sistem Informasi,,,Sangat Memuaskan,Fakultas Sains dan Teknologi/S1 Sistem Informasi
,1,1,program + graduation_predicate + faculty_program_name,Sistem Informasi,,,Sangat Memuaskan,Fakultas Sains dan Teknologi/S1 Sistem Informasi
,0,3,program + graduation_predicate + faculty_program_name,Sistem Informasi,,,__MISSING__,__MISSING__
,0,8,program + graduation_predicate + faculty_program_name,Teknik Elektronika,,,Dengan Pujian,Sekolah Vokasi/D3 Teknik Elektronika
,1,13,program + graduation_predicate + faculty_program_name,Teknik Elektronika,,,Dengan Pujian,Sekolah Vokasi/D3 Teknik Elektronika
,0,6,program + graduation_predicate + faculty_program_name,Teknik Elektronika,,,Sangat Memuaskan,Sekolah Vokasi/D3 Teknik Elektronika
,1,8,program + graduation_predicate + faculty_program_name,Teknik Elektronika,,,Sangat Memuaskan,Sekolah Vokasi/D3 Teknik Elektronika
,0,3,program + graduation_predicate + faculty_program_name,Teknik Elektronika,,,__MISSING__,__MISSING__
,0,19,program + graduation_predicate + faculty_program_name,Teknik Informatika,,,Dengan Pujian,Fakultas Sains dan Teknologi/S1 Teknik Informatika
,1,29,program + graduation_predicate + faculty_program_name,Teknik Informatika,,,Dengan Pujian,Fakultas Sains dan Teknologi/S1 Teknik Informatika
,0,29,program + graduation_predicate + faculty_program_name,Teknik Informatika,,,Dengan Pujian,Sekolah Vokasi/D4 Teknik Informatika
,1,49,program + graduation_predicate + faculty_program_name,Teknik Informatika,,,Dengan Pujian,Sekolah Vokasi/D4 Teknik Informatika
,0,1,program + graduation_predicate + faculty_program_name,Teknik Informatika,,,Memuaskan,Sekolah Vokasi/D4 Teknik Informatika
,1,1,program + graduation_predicate + faculty_program_name,Teknik Informatika,,,Memuaskan,Sekolah Vokasi/D4 Teknik Informatika
,0,5,program + graduation_predicate + faculty_program_name,Teknik Informatika,,,Sangat Memuaskan,Fakultas Sains dan Teknologi/S1 Teknik Informatika
,1,7,program + graduation_predicate + faculty_program_name,Teknik Informatika,,,Sangat Memuaskan,Fakultas Sains dan Teknologi/S1 Teknik Informatika
,0,25,program + graduation_predicate + faculty_program_name,Teknik Informatika,,,Sangat Memuaskan,Sekolah Vokasi/D4 Teknik Informatika
,1,32,program + graduation_predicate + faculty_program_name,Teknik Informatika,,,Sangat Memuaskan,Sekolah Vokasi/D4 Teknik Informatika
,0,6,program + graduation_predicate + faculty_program_name,Teknik Informatika,,,__MISSING__,__MISSING__
,0,76,program + graduation_predicate + faculty_program_name,Teknik Komputer,,,Dengan Pujian,Sekolah Vokasi/D3 Teknik Komputer
,1,111,program + graduation_predicate + faculty_program_name,Teknik Komputer,,,Dengan Pujian,Sekolah Vokasi/D3 Teknik Komputer
,0,28,program + graduation_predicate + faculty_program_name,Teknik Komputer,,,Sangat Memuaskan,Sekolah Vokasi/D3 Teknik Komputer
,1,45,program + graduation_predicate + faculty_program_name,Teknik Komputer,,,Sangat Memuaskan,Sekolah Vokasi/D3 Teknik Komputer
,0,4,program + graduation_predicate + faculty_program_name,Teknik Komputer,,,__MISSING__,__MISSING__
,0,14,program + graduation_predicate + faculty_program_name,Teknik Mesin,,,Dengan Pujian,Sekolah Vokasi/D3 Teknik Mesin
,1,24,program + graduation_predicate + faculty_program_name,Teknik Mesin,,,Dengan Pujian,Sekolah Vokasi/D3 Teknik Mesin
,0,17,program + graduation_predicate + faculty_program_name,Teknik Mesin,,,Sangat Memuaskan,Sekolah Vokasi/D3 Teknik Mesin
,1,23,program + graduation_predicate + faculty_program_name,Teknik Mesin,,,Sangat Memuaskan,Sekolah Vokasi/D3 Teknik Mesin
,0,2,program + graduation_predicate + faculty_program_name,Teknik Mesin,,,__MISSING__,__MISSING__
,0,10,education_level + accreditation_status + graduation_predicate,,Diploma 3,Baik,Dengan Pujian,
,0,14,education_level + accreditation_status + graduation_predicate,,Diploma 3,Baik,Sangat Memuaskan,
,0,39,education_level + accreditation_status + graduation_predicate,,Diploma 3,Baik,__MISSING__,
,1,116,education_level + accreditation_status + graduation_predicate,,Diploma 3,Baik,__MISSING__,
,0,39,education_level + accreditation_status + graduation_predicate,,Diploma 3,Baik Sekali,Dengan Pujian,
,0,32,education_level + accreditation_status + graduation_predicate,,Diploma 3,Baik Sekali,Sangat Memuaskan,
,0,21,education_level + accreditation_status + graduation_predicate,,Diploma 3,Baik Sekali,__MISSING__,
,0,18,education_level + accreditation_status + graduation_predicate,,Diploma 3,Terakreditasi,__MISSING__,
,0,88,education_level + accreditation_status + graduation_predicate,,Diploma Tiga,Baik,Dengan Pujian,
,1,46,education_level + accreditation_status + graduation_predicate,,Diploma Tiga,Baik,Dengan Pujian,
,1,2,education_level + accreditation_status + graduation_predicate,,Diploma Tiga,Baik,Memuaskan,
,0,42,education_level + accreditation_status + graduation_predicate,,Diploma Tiga,Baik,Sangat Memuaskan,
,1,58,education_level + accreditation_status + graduation_predicate,,Diploma Tiga,Baik,Sangat Memuaskan,
,0,9,education_level + accreditation_status + graduation_predicate,,Diploma Tiga,Baik,__MISSING__,
,0,117,education_level + accreditation_status + graduation_predicate,,Diploma Tiga,Baik Sekali,Dengan Pujian,
,1,300,education_level + accreditation_status + graduation_predicate,,Diploma Tiga,Baik Sekali,Dengan Pujian,
,0,1,education_level + accreditation_status + graduation_predicate,,Diploma Tiga,Baik Sekali,Memuaskan,
,0,78,education_level + accreditation_status + graduation_predicate,,Diploma Tiga,Baik Sekali,Sangat Memuaskan,
,1,181,education_level + accreditation_status + graduation_predicate,,Diploma Tiga,Baik Sekali,Sangat Memuaskan,
,0,53,education_level + accreditation_status + graduation_predicate,,Diploma Tiga,Terakreditasi,Dengan Pujian,
,1,13,education_level + accreditation_status + graduation_predicate,,Diploma Tiga,Terakreditasi,Dengan Pujian,
,0,2,education_level + accreditation_status + graduation_predicate,,Diploma Tiga,Terakreditasi,Memuaskan,
,0,46,education_level + accreditation_status + graduation_predicate,,Diploma Tiga,Terakreditasi,Sangat Memuaskan,
,1,8,education_level + accreditation_status + graduation_predicate,,Diploma Tiga,Terakreditasi,Sangat Memuaskan,
,0,21,education_level + accreditation_status + graduation_predicate,,Sarjana,Baik,Dengan Pujian,
,1,35,education_level + accreditation_status + graduation_predicate,,Sarjana,Baik,Dengan Pujian,
,0,8,education_level + accreditation_status + graduation_predicate,,Sarjana,Baik,Sangat Memuaskan,
,1,8,education_level + accreditation_status + graduation_predicate,,Sarjana,Baik,Sangat Memuaskan,
,0,16,education_level + accreditation_status + graduation_predicate,,Sarjana,Baik,__MISSING__,
,0,30,education_level + accreditation_status + graduation_predicate,,Sarjana,Baik Sekali,Dengan Pujian,
,0,20,education_level + accreditation_status + graduation_predicate,,Sarjana,Baik Sekali,Sangat Memuaskan,
,0,11,education_level + accreditation_status + graduation_predicate,,Sarjana,Terakreditasi,Dengan Pujian,
,0,3,education_level + accreditation_status + graduation_predicate,,Sarjana,Terakreditasi,Sangat Memuaskan,
,0,14,education_level + accreditation_status + graduation_predicate,,Sarjana Terapan,Baik,Dengan Pujian,
,1,10,education_level + accreditation_status + graduation_predicate,,Sarjana Terapan,Baik,Dengan Pujian,
,0,10,education_level + accreditation_status + graduation_predicate,,Sarjana Terapan,Baik,Sangat Memuaskan,
,1,3,education_level + accreditation_status + graduation_predicate,,Sarjana Terapan,Baik,Sangat Memuaskan,
,0,13,education_level + accreditation_status + graduation_predicate,,Sarjana Terapan,Baik,__MISSING__,
,0,59,education_level + accreditation_status + graduation_predicate,,Sarjana Terapan,Baik Sekali,Dengan Pujian,
,1,49,education_level + accreditation_status + graduation_predicate,,Sarjana Terapan,Baik Sekali,Dengan Pujian,
,1,1,education_level + accreditation_status + graduation_predicate,,Sarjana Terapan,Baik Sekali,Memuaskan,
,0,28,education_level + accreditation_status + graduation_predicate,,Sarjana Terapan,Baik Sekali,Sangat Memuaskan,
,1,32,education_level + accreditation_status + graduation_predicate,,Sarjana Terapan,Baik Sekali,Sangat Memuaskan,
,0,11,education_level + accreditation_status + graduation_predicate,,Sarjana Terapan,Terakreditasi,Dengan Pujian,
,0,9,education_level + accreditation_status + graduation_predicate,,Sarjana Terapan,Terakreditasi,Sangat Memuaskan,
,0,2,education_level + accreditation_status + faculty_program_name,,Diploma 3,Baik,,Fakultas Sains dan Teknologi/S1 Sistem Informasi
,0,6,education_level + accreditation_status + faculty_program_name,,Diploma 3,Baik,,Fakultas Sains dan Teknologi/S1 Teknik Informatika
,0,10,education_level + accreditation_status + faculty_program_name,,Diploma 3,Baik,,Sekolah Vokasi/D3 Desain Komunikasi Visual
,0,3,education_level + accreditation_status + faculty_program_name,,Diploma 3,Baik,,Sekolah Vokasi/D3 Keperawatan
,0,2,education_level + accreditation_status + faculty_program_name,,Diploma 3,Baik,,Sekolah Vokasi/D3 Perhotelan
,0,1,education_level + accreditation_status + faculty_program_name,,Diploma 3,Baik,,Sekolah Vokasi/D4 Akuntansi Sektor Publik
,0,39,education_level + accreditation_status + faculty_program_name,,Diploma 3,Baik,,__MISSING__
,1,116,education_level + accreditation_status + faculty_program_name,,Diploma 3,Baik,,__MISSING__
,0,14,education_level + accreditation_status + faculty_program_name,,Diploma 3,Baik Sekali,,Sekolah Vokasi/D3 Akuntansi
,0,19,education_level + accreditation_status + faculty_program_name,,Diploma 3,Baik Sekali,,Sekolah Vokasi/D3 Farmasi
,0,2,education_level + accreditation_status + faculty_program_name,,Diploma 3,Baik Sekali,,Sekolah Vokasi/D3 Kebidanan
,0,15,education_level + accreditation_status + faculty_program_name,,Diploma 3,Baik Sekali,,Sekolah Vokasi/D3 Teknik Komputer
,0,6,education_level + accreditation_status + faculty_program_name,,Diploma 3,Baik Sekali,,Sekolah Vokasi/D3 Teknik Mesin
,0,15,education_level + accreditation_status + faculty_program_name,,Diploma 3,Baik Sekali,,Sekolah Vokasi/D4 Teknik Informatika
,0,21,education_level + accreditation_status + faculty_program_name,,Diploma 3,Baik Sekali,,__MISSING__
,0,18,education_level + accreditation_status + faculty_program_name,,Diploma 3,Terakreditasi,,__MISSING__
,0,1,education_level + accreditation_status + faculty_program_name,,Diploma Tiga,Baik,,Fakultas Sains dan Teknologi/S1 Sistem Informasi
,0,6,education_level + accreditation_status + faculty_program_name,,Diploma Tiga,Baik,,Fakultas Sains dan Teknologi/S1 Teknik Informatika
,0,29,education_level + accreditation_status + faculty_program_name,,Diploma Tiga,Baik,,Sekolah Vokasi/D3 Akuntansi
,0,17,education_level + accreditation_status + faculty_program_name,,Diploma Tiga,Baik,,Sekolah Vokasi/D3 Desain Komunikasi Visual
,1,50,education_level + accreditation_status + faculty_program_name,,Diploma Tiga,Baik,,Sekolah Vokasi/D3 Desain Komunikasi Visual
,0,19,education_level + accreditation_status + faculty_program_name,,Diploma Tiga,Baik,,Sekolah Vokasi/D3 Farmasi
,0,3,education_level + accreditation_status + faculty_program_name,,Diploma Tiga,Baik,,Sekolah Vokasi/D3 Kebidanan
,0,15,education_level + accreditation_status + faculty_program_name,,Diploma Tiga,Baik,,Sekolah Vokasi/D3 Keperawatan
,1,46,education_level + accreditation_status + faculty_program_name,,Diploma Tiga,Baik,,Sekolah Vokasi/D3 Keperawatan
,0,3,education_level + accreditation_status + faculty_program_name,,Diploma Tiga,Baik,,Sekolah Vokasi/D3 Perhotelan
,1,10,education_level + accreditation_status + faculty_program_name,,Diploma Tiga,Baik,,Sekolah Vokasi/D3 Perhotelan
,0,4,education_level + accreditation_status + faculty_program_name,,Diploma Tiga,Baik,,Sekolah Vokasi/D3 Teknik Elektronika
,0,26,education_level + accreditation_status + faculty_program_name,,Diploma Tiga,Baik,,Sekolah Vokasi/D3 Teknik Komputer
,0,6,education_level + accreditation_status + faculty_program_name,,Diploma Tiga,Baik,,Sekolah Vokasi/D3 Teknik Mesin
,0,1,education_level + accreditation_status + faculty_program_name,,Diploma Tiga,Baik,,Sekolah Vokasi/D4 Akuntansi Sektor Publik
,0,9,education_level + accreditation_status + faculty_program_name,,Diploma Tiga,Baik,,__MISSING__
,0,45,education_level + accreditation_status + faculty_program_name,,Diploma Tiga,Baik Sekali,,Sekolah Vokasi/D3 Akuntansi
,1,137,education_level + accreditation_status + faculty_program_name,,Diploma Tiga,Baik Sekali,,Sekolah Vokasi/D3 Akuntansi
,0,8,education_level + accreditation_status + faculty_program_name,,Diploma Tiga,Baik Sekali,,Sekolah Vokasi/D3 Desain Komunikasi Visual
,0,43,education_level + accreditation_status + faculty_program_name,,Diploma Tiga,Baik Sekali,,Sekolah Vokasi/D3 Farmasi
,1,127,education_level + accreditation_status + faculty_program_name,,Diploma Tiga,Baik Sekali,,Sekolah Vokasi/D3 Farmasi
,0,5,education_level + accreditation_status + faculty_program_name,,Diploma Tiga,Baik Sekali,,Sekolah Vokasi/D3 Kebidanan
,1,14,education_level + accreditation_status + faculty_program_name,,Diploma Tiga,Baik Sekali,,Sekolah Vokasi/D3 Kebidanan
,0,10,education_level + accreditation_status + faculty_program_name,,Diploma Tiga,Baik Sekali,,Sekolah Vokasi/D3 Keperawatan
,0,1,education_level + accreditation_status + faculty_program_name,,Diploma Tiga,Baik Sekali,,Sekolah Vokasi/D3 Perhotelan
,0,3,education_level + accreditation_status + faculty_program_name,,Diploma Tiga,Baik Sekali,,Sekolah Vokasi/D3 Teknik Elektronika
,0,52,education_level + accreditation_status + faculty_program_name,,Diploma Tiga,Baik Sekali,,Sekolah Vokasi/D3 Teknik Komputer
,1,156,education_level + accreditation_status + faculty_program_name,,Diploma Tiga,Baik Sekali,,Sekolah Vokasi/D3 Teknik Komputer
,0,16,education_level + accreditation_status + faculty_program_name,,Diploma Tiga,Baik Sekali,,Sekolah Vokasi/D3 Teknik Mesin
,1,47,education_level + accreditation_status + faculty_program_name,,Diploma Tiga,Baik Sekali,,Sekolah Vokasi/D3 Teknik Mesin
,0,13,education_level + accreditation_status + faculty_program_name,,Diploma Tiga,Baik Sekali,,Sekolah Vokasi/D4 Teknik Informatika
,0,17,education_level + accreditation_status + faculty_program_name,,Diploma Tiga,Terakreditasi,,Sekolah Vokasi/D3 Akuntansi
,0,9,education_level + accreditation_status + faculty_program_name,,Diploma Tiga,Terakreditasi,,Sekolah Vokasi/D3 Desain Komunikasi Visual
,0,23,education_level + accreditation_status + faculty_program_name,,Diploma Tiga,Terakreditasi,,Sekolah Vokasi/D3 Farmasi
,0,1,education_level + accreditation_status + faculty_program_name,,Diploma Tiga,Terakreditasi,,Sekolah Vokasi/D3 Kebidanan
,0,6,education_level + accreditation_status + faculty_program_name,,Diploma Tiga,Terakreditasi,,Sekolah Vokasi/D3 Keperawatan
,0,2,education_level + accreditation_status + faculty_program_name,,Diploma Tiga,Terakreditasi,,Sekolah Vokasi/D3 Perhotelan
,0,7,education_level + accreditation_status + faculty_program_name,,Diploma Tiga,Terakreditasi,,Sekolah Vokasi/D3 Teknik Elektronika
,1,21,education_level + accreditation_status + faculty_program_name,,Diploma Tiga,Terakreditasi,,Sekolah Vokasi/D3 Teknik Elektronika
,0,26,education_level + accreditation_status + faculty_program_name,,Diploma Tiga,Terakreditasi,,Sekolah Vokasi/D3 Teknik Komputer
,0,10,education_level + accreditation_status + faculty_program_name,,Diploma Tiga,Terakreditasi,,Sekolah Vokasi/D3 Teknik Mesin
,0,2,education_level + accreditation_status + faculty_program_name,,Sarjana,Baik,,Fakultas Sains dan Teknologi/S1 Sistem Informasi
,1,7,education_level + accreditation_status + faculty_program_name,,Sarjana,Baik,,Fakultas Sains dan Teknologi/S1 Sistem Informasi
,0,12,education_level + accreditation_status + faculty_program_name,,Sarjana,Baik,,Fakultas Sains dan Teknologi/S1 Teknik Informatika
,1,36,education_level + accreditation_status + faculty_program_name,,Sarjana,Baik,,Fakultas Sains dan Teknologi/S1 Teknik Informatika
,0,3,education_level + accreditation_status + faculty_program_name,,Sarjana,Baik,,Sekolah Vokasi/D3 Desain Komunikasi Visual
,0,9,education_level + accreditation_status + faculty_program_name,,Sarjana,Baik,,Sekolah Vokasi/D3 Keperawatan
,0,1,education_level + accreditation_status + faculty_program_name,,Sarjana,Baik,,Sekolah Vokasi/D3 Perhotelan
,0,2,education_level + accreditation_status + faculty_program_name,,Sarjana,Baik,,Sekolah Vokasi/D4 Akuntansi Sektor Publik
,0,16,education_level + accreditation_status + faculty_program_name,,Sarjana,Baik,,__MISSING__
,0,1,education_level + accreditation_status + faculty_program_name,,Sarjana,Baik Sekali,,Fakultas Sains dan Teknologi/S1 Sistem Informasi
,0,3,education_level + accreditation_status + faculty_program_name,,Sarjana,Baik Sekali,,Fakultas Sains dan Teknologi/S1 Teknik Informatika
,0,15,education_level + accreditation_status + faculty_program_name,,Sarjana,Baik Sekali,,Sekolah Vokasi/D3 Akuntansi
,0,11,education_level + accreditation_status + faculty_program_name,,Sarjana,Baik Sekali,,Sekolah Vokasi/D3 Farmasi
,0,2,education_level + accreditation_status + faculty_program_name,,Sarjana,Baik Sekali,,Sekolah Vokasi/D3 Kebidanan
,0,12,education_level + accreditation_status + faculty_program_name,,Sarjana,Baik Sekali,,Sekolah Vokasi/D3 Teknik Komputer
,0,6,education_level + accreditation_status + faculty_program_name,,Sarjana,Baik Sekali,,Sekolah Vokasi/D3 Teknik Mesin
,0,1,education_level + accreditation_status + faculty_program_name,,Sarjana,Terakreditasi,,Fakultas Sains dan Teknologi/S1 Sistem Informasi
,0,9,education_level + accreditation_status + faculty_program_name,,Sarjana,Terakreditasi,,Fakultas Sains dan Teknologi/S1 Teknik Informatika
,0,4,education_level + accreditation_status + faculty_program_name,,Sarjana,Terakreditasi,,Sekolah Vokasi/D3 Teknik Elektronika
,0,3,education_level + accreditation_status + faculty_program_name,,Sarjana Terapan,Baik,,Sekolah Vokasi/D3 Desain Komunikasi Visual
,0,3,education_level + accreditation_status + faculty_program_name,,Sarjana Terapan,Baik,,Sekolah Vokasi/D3 Keperawatan
,0,1,education_level + accreditation_status + faculty_program_name,,Sarjana Terapan,Baik,,Sekolah Vokasi/D3 Perhotelan
,0,4,education_level + accreditation_status + faculty_program_name,,Sarjana Terapan,Baik,,Sekolah Vokasi/D4 Akuntansi Sektor Publik
,1,13,education_level + accreditation_status + faculty_program_name,,Sarjana Terapan,Baik,,Sekolah Vokasi/D4 Akuntansi Sektor Publik
,0,13,education_level + accreditation_status + faculty_program_name,,Sarjana Terapan,Baik,,Sekolah Vokasi/D4 Teknik Informatika
,0,13,education_level + accreditation_status + faculty_program_name,,Sarjana Terapan,Baik,,__MISSING__
,0,17,education_level + accreditation_status + faculty_program_name,,Sarjana Terapan,Baik Sekali,,Sekolah Vokasi/D3 Akuntansi
,0,12,education_level + accreditation_status + faculty_program_name,,Sarjana Terapan,Baik Sekali,,Sekolah Vokasi/D3 Farmasi
,0,1,education_level + accreditation_status + faculty_program_name,,Sarjana Terapan,Baik Sekali,,Sekolah Vokasi/D3 Kebidanan
,0,25,education_level + accreditation_status + faculty_program_name,,Sarjana Terapan,Baik Sekali,,Sekolah Vokasi/D3 Teknik Komputer
,0,3,education_level + accreditation_status + faculty_program_name,,Sarjana Terapan,Baik Sekali,,Sekolah Vokasi/D3 Teknik Mesin
,0,2,education_level + accreditation_status + faculty_program_name,,Sarjana Terapan,Baik Sekali,,Sekolah Vokasi/D4 Akuntansi Sektor Publik
,0,27,education_level + accreditation_status + faculty_program_name,,Sarjana Terapan,Baik Sekali,,Sekolah Vokasi/D4 Teknik Informatika
,1,82,education_level + accreditation_status + faculty_program_name,,Sarjana Terapan,Baik Sekali,,Sekolah Vokasi/D4 Teknik Informatika
,0,3,education_level + accreditation_status + faculty_program_name,,Sarjana Terapan,Terakreditasi,,Sekolah Vokasi/D3 Teknik Elektronika
,0,3,education_level + accreditation_status + faculty_program_name,,Sarjana Terapan,Terakreditasi,,Sekolah Vokasi/D4 Akuntansi Sektor Publik
,0,14,education_level + accreditation_status + faculty_program_name,,Sarjana Terapan,Terakreditasi,,Sekolah Vokasi/D4 Teknik Informatika
,0,2,education_level + graduation_predicate + faculty_program_name,,Diploma 3,,Dengan Pujian,Fakultas Sains dan Teknologi/S1 Sistem Informasi
,0,4,education_level + graduation_predicate + faculty_program_name,,Diploma 3,,Dengan Pujian,Fakultas Sains dan Teknologi/S1 Teknik Informatika
,0,11,education_level + graduation_predicate + faculty_program_name,,Diploma 3,,Dengan Pujian,Sekolah Vokasi/D3 Akuntansi
,0,1,education_level + graduation_predicate + faculty_program_name,,Diploma 3,,Dengan Pujian,Sekolah Vokasi/D3 Desain Komunikasi Visual
,0,6,education_level + graduation_predicate + faculty_program_name,,Diploma 3,,Dengan Pujian,Sekolah Vokasi/D3 Farmasi
,0,1,education_level + graduation_predicate + faculty_program_name,,Diploma 3,,Dengan Pujian,Sekolah Vokasi/D3 Kebidanan
,0,1,education_level + graduation_predicate + faculty_program_name,,Diploma 3,,Dengan Pujian,Sekolah Vokasi/D3 Keperawatan
,0,1,education_level + graduation_predicate + faculty_program_name,,Diploma 3,,Dengan Pujian,Sekolah Vokasi/D3 Perhotelan
,0,13,education_level + graduation_predicate + faculty_program_name,,Diploma 3,,Dengan Pujian,Sekolah Vokasi/D3 Teknik Komputer
,0,1,education_level + graduation_predicate + faculty_program_name,,Diploma 3,,Dengan Pujian,Sekolah Vokasi/D3 Teknik Mesin
,0,1,education_level + graduation_predicate + faculty_program_name,,Diploma 3,,Dengan Pujian,Sekolah Vokasi/D4 Akuntansi Sektor Publik
,0,7,education_level + graduation_predicate + faculty_program_name,,Diploma 3,,Dengan Pujian,Sekolah Vokasi/D4 Teknik Informatika
,0,2,education_level + graduation_predicate + faculty_program_name,,Diploma 3,,Sangat Memuaskan,Fakultas Sains dan Teknologi/S1 Teknik Informatika
,0,3,education_level + graduation_predicate + faculty_program_name,,Diploma 3,,Sangat Memuaskan,Sekolah Vokasi/D3 Akuntansi
,0,9,education_level + graduation_predicate + faculty_program_name,,Diploma 3,,Sangat Memuaskan,Sekolah Vokasi/D3 Desain Komunikasi Visual
,0,13,education_level + graduation_predicate + faculty_program_name,,Diploma 3,,Sangat Memuaskan,Sekolah Vokasi/D3 Farmasi
,0,1,education_level + graduation_predicate + faculty_program_name,,Diploma 3,,Sangat Memuaskan,Sekolah Vokasi/D3 Kebidanan
,0,2,education_level + graduation_predicate + faculty_program_name,,Diploma 3,,Sangat Memuaskan,Sekolah Vokasi/D3 Keperawatan
,0,1,education_level + graduation_predicate + faculty_program_name,,Diploma 3,,Sangat Memuaskan,Sekolah Vokasi/D3 Perhotelan
,0,2,education_level + graduation_predicate + faculty_program_name,,Diploma 3,,Sangat Memuaskan,Sekolah Vokasi/D3 Teknik Komputer
,0,5,education_level + graduation_predicate + faculty_program_name,,Diploma 3,,Sangat Memuaskan,Sekolah Vokasi/D3 Teknik Mesin
,0,8,education_level + graduation_predicate + faculty_program_name,,Diploma 3,,Sangat Memuaskan,Sekolah Vokasi/D4 Teknik Informatika
,0,78,education_level + graduation_predicate + faculty_program_name,,Diploma 3,,__MISSING__,__MISSING__
,1,116,education_level + graduation_predicate + faculty_program_name,,Diploma 3,,__MISSING__,__MISSING__
,0,1,education_level + graduation_predicate + faculty_program_name,,Diploma Tiga,,Dengan Pujian,Fakultas Sains dan Teknologi/S1 Sistem Informasi
,0,5,education_level + graduation_predicate + faculty_program_name,,Diploma Tiga,,Dengan Pujian,Fakultas Sains dan Teknologi/S1 Teknik Informatika
,0,74,education_level + graduation_predicate + faculty_program_name,,Diploma Tiga,,Dengan Pujian,Sekolah Vokasi/D3 Akuntansi
,1,109,education_level + graduation_predicate + faculty_program_name,,Diploma Tiga,,Dengan Pujian,Sekolah Vokasi/D3 Akuntansi
,0,9,education_level + graduation_predicate + faculty_program_name,,Diploma Tiga,,Dengan Pujian,Sekolah Vokasi/D3 Desain Komunikasi Visual
,1,12,education_level + graduation_predicate + faculty_program_name,,Diploma Tiga,,Dengan Pujian,Sekolah Vokasi/D3 Desain Komunikasi Visual
,0,34,education_level + graduation_predicate + faculty_program_name,,Diploma Tiga,,Dengan Pujian,Sekolah Vokasi/D3 Farmasi
,1,47,education_level + graduation_predicate + faculty_program_name,,Diploma Tiga,,Dengan Pujian,Sekolah Vokasi/D3 Farmasi
,0,6,education_level + graduation_predicate + faculty_program_name,,Diploma Tiga,,Dengan Pujian,Sekolah Vokasi/D3 Kebidanan
,1,9,education_level + graduation_predicate + faculty_program_name,,Diploma Tiga,,Dengan Pujian,Sekolah Vokasi/D3 Kebidanan
,0,19,education_level + graduation_predicate + faculty_program_name,,Diploma Tiga,,Dengan Pujian,Sekolah Vokasi/D3 Keperawatan
,1,29,education_level + graduation_predicate + faculty_program_name,,Diploma Tiga,,Dengan Pujian,Sekolah Vokasi/D3 Keperawatan
,0,4,education_level + graduation_predicate + faculty_program_name,,Diploma Tiga,,Dengan Pujian,Sekolah Vokasi/D3 Perhotelan
,1,5,education_level + graduation_predicate + faculty_program_name,,Diploma Tiga,,Dengan Pujian,Sekolah Vokasi/D3 Perhotelan
,0,9,education_level + graduation_predicate + faculty_program_name,,Diploma Tiga,,Dengan Pujian,Sekolah Vokasi/D3 Teknik Elektronika
,1,13,education_level + graduation_predicate + faculty_program_name,,Diploma Tiga,,Dengan Pujian,Sekolah Vokasi/D3 Teknik Elektronika
,0,70,education_level + graduation_predicate + faculty_program_name,,Diploma Tiga,,Dengan Pujian,Sekolah Vokasi/D3 Teknik Komputer
,1,111,education_level + graduation_predicate + faculty_program_name,,Diploma Tiga,,Dengan Pujian,Sekolah Vokasi/D3 Teknik Komputer
,0,19,education_level + graduation_predicate + faculty_program_name,,Diploma Tiga,,Dengan Pujian,Sekolah Vokasi/D3 Teknik Mesin
,1,24,education_level + graduation_predicate + faculty_program_name,,Diploma Tiga,,Dengan Pujian,Sekolah Vokasi/D3 Teknik Mesin
,0,1,education_level + graduation_predicate + faculty_program_name,,Diploma Tiga,,Dengan Pujian,Sekolah Vokasi/D4 Akuntansi Sektor Publik
,0,7,education_level + graduation_predicate + faculty_program_name,,Diploma Tiga,,Dengan Pujian,Sekolah Vokasi/D4 Teknik Informatika
,0,2,education_level + graduation_predicate + faculty_program_name,,Diploma Tiga,,Memuaskan,Sekolah Vokasi/D3 Desain Komunikasi Visual
,1,2,education_level + graduation_predicate + faculty_program_name,,Diploma Tiga,,Memuaskan,Sekolah Vokasi/D3 Desain Komunikasi Visual
,0,1,education_level + graduation_predicate + faculty_program_name,,Diploma Tiga,,Memuaskan,Sekolah Vokasi/D4 Teknik Informatika
,0,1,education_level + graduation_predicate + faculty_program_name,,Diploma Tiga,,Sangat Memuaskan,Fakultas Sains dan Teknologi/S1 Teknik Informatika
,0,17,education_level + graduation_predicate + faculty_program_name,,Diploma Tiga,,Sangat Memuaskan,Sekolah Vokasi/D3 Akuntansi
,1,28,education_level + graduation_predicate + faculty_program_name,,Diploma Tiga,,Sangat Memuaskan,Sekolah Vokasi/D3 Akuntansi
,0,23,education_level + graduation_predicate + faculty_program_name,,Diploma Tiga,,Sangat Memuaskan,Sekolah Vokasi/D3 Desain Komunikasi Visual
,1,36,education_level + graduation_predicate + faculty_program_name,,Diploma Tiga,,Sangat Memuaskan,Sekolah Vokasi/D3 Desain Komunikasi Visual
,0,51,education_level + graduation_predicate + faculty_program_name,,Diploma Tiga,,Sangat Memuaskan,Sekolah Vokasi/D3 Farmasi
,1,80,education_level + graduation_predicate + faculty_program_name,,Diploma Tiga,,Sangat Memuaskan,Sekolah Vokasi/D3 Farmasi
,0,3,education_level + graduation_predicate + faculty_program_name,,Diploma Tiga,,Sangat Memuaskan,Sekolah Vokasi/D3 Kebidanan
,1,5,education_level + graduation_predicate + faculty_program_name,,Diploma Tiga,,Sangat Memuaskan,Sekolah Vokasi/D3 Kebidanan
,0,12,education_level + graduation_predicate + faculty_program_name,,Diploma Tiga,,Sangat Memuaskan,Sekolah Vokasi/D3 Keperawatan
,1,17,education_level + graduation_predicate + faculty_program_name,,Diploma Tiga,,Sangat Memuaskan,Sekolah Vokasi/D3 Keperawatan
,0,2,education_level + graduation_predicate + faculty_program_name,,Diploma Tiga,,Sangat Memuaskan,Sekolah Vokasi/D3 Perhotelan
,1,5,education_level + graduation_predicate + faculty_program_name,,Diploma Tiga,,Sangat Memuaskan,Sekolah Vokasi/D3 Perhotelan
,0,5,education_level + graduation_predicate + faculty_program_name,,Diploma Tiga,,Sangat Memuaskan,Sekolah Vokasi/D3 Teknik Elektronika
,1,8,education_level + graduation_predicate + faculty_program_name,,Diploma Tiga,,Sangat Memuaskan,Sekolah Vokasi/D3 Teknik Elektronika
,0,34,education_level + graduation_predicate + faculty_program_name,,Diploma Tiga,,Sangat Memuaskan,Sekolah Vokasi/D3 Teknik Komputer
,1,45,education_level + graduation_predicate + faculty_program_name,,Diploma Tiga,,Sangat Memuaskan,Sekolah Vokasi/D3 Teknik Komputer
,0,13,education_level + graduation_predicate + faculty_program_name,,Diploma Tiga,,Sangat Memuaskan,Sekolah Vokasi/D3 Teknik Mesin
,1,23,education_level + graduation_predicate + faculty_program_name,,Diploma Tiga,,Sangat Memuaskan,Sekolah Vokasi/D3 Teknik Mesin
,0,5,education_level + graduation_predicate + faculty_program_name,,Diploma Tiga,,Sangat Memuaskan,Sekolah Vokasi/D4 Teknik Informatika
,0,9,education_level + graduation_predicate + faculty_program_name,,Diploma Tiga,,__MISSING__,__MISSING__
,0,3,education_level + graduation_predicate + faculty_program_name,,Sarjana,,Dengan Pujian,Fakultas Sains dan Teknologi/S1 Sistem Informasi
,1,6,education_level + graduation_predicate + faculty_program_name,,Sarjana,,Dengan Pujian,Fakultas Sains dan Teknologi/S1 Sistem Informasi
,0,20,education_level + graduation_predicate + faculty_program_name,,Sarjana,,Dengan Pujian,Fakultas Sains dan Teknologi/S1 Teknik Informatika
,1,29,education_level + graduation_predicate + faculty_program_name,,Sarjana,,Dengan Pujian,Fakultas Sains dan Teknologi/S1 Teknik Informatika
,0,12,education_level + graduation_predicate + faculty_program_name,,Sarjana,,Dengan Pujian,Sekolah Vokasi/D3 Akuntansi
,0,1,education_level + graduation_predicate + faculty_program_name,,Sarjana,,Dengan Pujian,Sekolah Vokasi/D3 Desain Komunikasi Visual
,0,4,education_level + graduation_predicate + faculty_program_name,,Sarjana,,Dengan Pujian,Sekolah Vokasi/D3 Farmasi
,0,1,education_level + graduation_predicate + faculty_program_name,,Sarjana,,Dengan Pujian,Sekolah Vokasi/D3 Kebidanan
,0,6,education_level + graduation_predicate + faculty_program_name,,Sarjana,,Dengan Pujian,Sekolah Vokasi/D3 Keperawatan
,0,3,education_level + graduation_predicate + faculty_program_name,,Sarjana,,Dengan Pujian,Sekolah Vokasi/D3 Teknik Elektronika
,0,8,education_level + graduation_predicate + faculty_program_name,,Sarjana,,Dengan Pujian,Sekolah Vokasi/D3 Teknik Komputer
,0,2,education_level + graduation_predicate + faculty_program_name,,Sarjana,,Dengan Pujian,Sekolah Vokasi/D3 Teknik Mesin
,0,2,education_level + graduation_predicate + faculty_program_name,,Sarjana,,Dengan Pujian,Sekolah Vokasi/D4 Akuntansi Sektor Publik
,0,1,education_level + graduation_predicate + faculty_program_name,,Sarjana,,Sangat Memuaskan,Fakultas Sains dan Teknologi/S1 Sistem Informasi
,1,1,education_level + graduation_predicate + faculty_program_name,,Sarjana,,Sangat Memuaskan,Fakultas Sains dan Teknologi/S1 Sistem Informasi
,0,4,education_level + graduation_predicate + faculty_program_name,,Sarjana,,Sangat Memuaskan,Fakultas Sains dan Teknologi/S1 Teknik Informatika
,1,7,education_level + graduation_predicate + faculty_program_name,,Sarjana,,Sangat Memuaskan,Fakultas Sains dan Teknologi/S1 Teknik Informatika
,0,3,education_level + graduation_predicate + faculty_program_name,,Sarjana,,Sangat Memuaskan,Sekolah Vokasi/D3 Akuntansi
,0,2,education_level + graduation_predicate + faculty_program_name,,Sarjana,,Sangat Memuaskan,Sekolah Vokasi/D3 Desain Komunikasi Visual
,0,7,education_level + graduation_predicate + faculty_program_name,,Sarjana,,Sangat Memuaskan,Sekolah Vokasi/D3 Farmasi
,0,1,education_level + graduation_predicate + faculty_program_name,,Sarjana,,Sangat Memuaskan,Sekolah Vokasi/D3 Kebidanan
,0,3,education_level + graduation_predicate + faculty_program_name,,Sarjana,,Sangat Memuaskan,Sekolah Vokasi/D3 Keperawatan
,0,1,education_level + graduation_predicate + faculty_program_name,,Sarjana,,Sangat Memuaskan,Sekolah Vokasi/D3 Perhotelan
,0,1,education_level + graduation_predicate + faculty_program_name,,Sarjana,,Sangat Memuaskan,Sekolah Vokasi/D3 Teknik Elektronika
,0,4,education_level + graduation_predicate + faculty_program_name,,Sarjana,,Sangat Memuaskan,Sekolah Vokasi/D3 Teknik Komputer
,0,4,education_level + graduation_predicate + faculty_program_name,,Sarjana,,Sangat Memuaskan,Sekolah Vokasi/D3 Teknik Mesin
,0,16,education_level + graduation_predicate + faculty_program_name,,Sarjana,,__MISSING__,__MISSING__
,0,12,education_level + graduation_predicate + faculty_program_name,,Sarjana Terapan,,Dengan Pujian,Sekolah Vokasi/D3 Akuntansi
,0,1,education_level + graduation_predicate + faculty_program_name,,Sarjana Terapan,,Dengan Pujian,Sekolah Vokasi/D3 Desain Komunikasi Visual
,0,3,education_level + graduation_predicate + faculty_program_name,,Sarjana Terapan,,Dengan Pujian,Sekolah Vokasi/D3 Farmasi
,0,1,education_level + graduation_predicate + faculty_program_name,,Sarjana Terapan,,Dengan Pujian,Sekolah Vokasi/D3 Kebidanan
,0,3,education_level + graduation_predicate + faculty_program_name,,Sarjana Terapan,,Dengan Pujian,Sekolah Vokasi/D3 Keperawatan
,0,1,education_level + graduation_predicate + faculty_program_name,,Sarjana Terapan,,Dengan Pujian,Sekolah Vokasi/D3 Teknik Elektronika
,0,20,education_level + graduation_predicate + faculty_program_name,,Sarjana Terapan,,Dengan Pujian,Sekolah Vokasi/D3 Teknik Komputer
,0,2,education_level + graduation_predicate + faculty_program_name,,Sarjana Terapan,,Dengan Pujian,Sekolah Vokasi/D3 Teknik Mesin
,0,6,education_level + graduation_predicate + faculty_program_name,,Sarjana Terapan,,Dengan Pujian,Sekolah Vokasi/D4 Akuntansi Sektor Publik
,1,10,education_level + graduation_predicate + faculty_program_name,,Sarjana Terapan,,Dengan Pujian,Sekolah Vokasi/D4 Akuntansi Sektor Publik
,0,35,education_level + graduation_predicate + faculty_program_name,,Sarjana Terapan,,Dengan Pujian,Sekolah Vokasi/D4 Teknik Informatika
,1,49,education_level + graduation_predicate + faculty_program_name,,Sarjana Terapan,,Dengan Pujian,Sekolah Vokasi/D4 Teknik Informatika
,1,1,education_level + graduation_predicate + faculty_program_name,,Sarjana Terapan,,Memuaskan,Sekolah Vokasi/D4 Teknik Informatika
,0,5,education_level + graduation_predicate + faculty_program_name,,Sarjana Terapan,,Sangat Memuaskan,Sekolah Vokasi/D3 Akuntansi
,0,2,education_level + graduation_predicate + faculty_program_name,,Sarjana Terapan,,Sangat Memuaskan,Sekolah Vokasi/D3 Desain Komunikasi Visual
,0,9,education_level + graduation_predicate + faculty_program_name,,Sarjana Terapan,,Sangat Memuaskan,Sekolah Vokasi/D3 Farmasi
,0,1,education_level + graduation_predicate + faculty_program_name,,Sarjana Terapan,,Sangat Memuaskan,Sekolah Vokasi/D3 Perhotelan
,0,2,education_level + graduation_predicate + faculty_program_name,,Sarjana Terapan,,Sangat Memuaskan,Sekolah Vokasi/D3 Teknik Elektronika
,0,5,education_level + graduation_predicate + faculty_program_name,,Sarjana Terapan,,Sangat Memuaskan,Sekolah Vokasi/D3 Teknik Komputer
,0,1,education_level + graduation_predicate + faculty_program_name,,Sarjana Terapan,,Sangat Memuaskan,Sekolah Vokasi/D3 Teknik Mesin
,0,3,education_level + graduation_predicate + faculty_program_name,,Sarjana Terapan,,Sangat Memuaskan,Sekolah Vokasi/D4 Akuntansi Sektor Publik
,1,3,education_level + graduation_predicate + faculty_program_name,,Sarjana Terapan,,Sangat Memuaskan,Sekolah Vokasi/D4 Akuntansi Sektor Publik
,0,19,education_level + graduation_predicate + faculty_program_name,,Sarjana Terapan,,Sangat Memuaskan,Sekolah Vokasi/D4 Teknik Informatika
,1,32,education_level + graduation_predicate + faculty_program_name,,Sarjana Terapan,,Sangat Memuaskan,Sekolah Vokasi/D4 Teknik Informatika
,0,13,education_level + graduation_predicate + faculty_program_name,,Sarjana Terapan,,__MISSING__,__MISSING__
,0,5,accreditation_status + graduation_predicate + faculty_program_name,,,Baik,Dengan Pujian,Fakultas Sains dan Teknologi/S1 Sistem Informasi
,1,6,accreditation_status + graduation_predicate + faculty_program_name,,,Baik,Dengan Pujian,Fakultas Sains dan Teknologi/S1 Sistem Informasi
,0,19,accreditation_status + graduation_predicate + faculty_program_name,,,Baik,Dengan Pujian,Fakultas Sains dan Teknologi/S1 Teknik Informatika
,1,29,accreditation_status + graduation_predicate + faculty_program_name,,,Baik,Dengan Pujian,Fakultas Sains dan Teknologi/S1 Teknik Informatika
,0,24,accreditation_status + graduation_predicate + faculty_program_name,,,Baik,Dengan Pujian,Sekolah Vokasi/D3 Akuntansi
,0,10,accreditation_status + graduation_predicate + faculty_program_name,,,Baik,Dengan Pujian,Sekolah Vokasi/D3 Desain Komunikasi Visual
,1,12,accreditation_status + graduation_predicate + faculty_program_name,,,Baik,Dengan Pujian,Sekolah Vokasi/D3 Desain Komunikasi Visual
,0,11,accreditation_status + graduation_predicate + faculty_program_name,,,Baik,Dengan Pujian,Sekolah Vokasi/D3 Farmasi
,0,2,accreditation_status + graduation_predicate + faculty_program_name,,,Baik,Dengan Pujian,Sekolah Vokasi/D3 Kebidanan
,0,19,accreditation_status + graduation_predicate + faculty_program_name,,,Baik,Dengan Pujian,Sekolah Vokasi/D3 Keperawatan
,1,29,accreditation_status + graduation_predicate + faculty_program_name,,,Baik,Dengan Pujian,Sekolah Vokasi/D3 Keperawatan
,0,4,accreditation_status + graduation_predicate + faculty_program_name,,,Baik,Dengan Pujian,Sekolah Vokasi/D3 Perhotelan
,1,5,accreditation_status + graduation_predicate + faculty_program_name,,,Baik,Dengan Pujian,Sekolah Vokasi/D3 Perhotelan
,0,2,accreditation_status + graduation_predicate + faculty_program_name,,,Baik,Dengan Pujian,Sekolah Vokasi/D3 Teknik Elektronika
,0,19,accreditation_status + graduation_predicate + faculty_program_name,,,Baik,Dengan Pujian,Sekolah Vokasi/D3 Teknik Komputer
,0,4,accreditation_status + graduation_predicate + faculty_program_name,,,Baik,Dengan Pujian,Sekolah Vokasi/D3 Teknik Mesin
,0,7,accreditation_status + graduation_predicate + faculty_program_name,,,Baik,Dengan Pujian,Sekolah Vokasi/D4 Akuntansi Sektor Publik
,1,10,accreditation_status + graduation_predicate + faculty_program_name,,,Baik,Dengan Pujian,Sekolah Vokasi/D4 Akuntansi Sektor Publik
,0,7,accreditation_status + graduation_predicate + faculty_program_name,,,Baik,Dengan Pujian,Sekolah Vokasi/D4 Teknik Informatika
,1,2,accreditation_status + graduation_predicate + faculty_program_name,,,Baik,Memuaskan,Sekolah Vokasi/D3 Desain Komunikasi Visual
,1,1,accreditation_status + graduation_predicate + faculty_program_name,,,Baik,Sangat Memuaskan,Fakultas Sains dan Teknologi/S1 Sistem Informasi
,0,5,accreditation_status + graduation_predicate + faculty_program_name,,,Baik,Sangat Memuaskan,Fakultas Sains dan Teknologi/S1 Teknik Informatika
,1,7,accreditation_status + graduation_predicate + faculty_program_name,,,Baik,Sangat Memuaskan,Fakultas Sains dan Teknologi/S1 Teknik Informatika
,0,5,accreditation_status + graduation_predicate + faculty_program_name,,,Baik,Sangat Memuaskan,Sekolah Vokasi/D3 Akuntansi
,0,23,accreditation_status + graduation_predicate + faculty_program_name,,,Baik,Sangat Memuaskan,Sekolah Vokasi/D3 Desain Komunikasi Visual
,1,36,accreditation_status + graduation_predicate + faculty_program_name,,,Baik,Sangat Memuaskan,Sekolah Vokasi/D3 Desain Komunikasi Visual
,0,8,accreditation_status + graduation_predicate + faculty_program_name,,,Baik,Sangat Memuaskan,Sekolah Vokasi/D3 Farmasi
,0,1,accreditation_status + graduation_predicate + faculty_program_name,,,Baik,Sangat Memuaskan,Sekolah Vokasi/D3 Kebidanan
,0,11,accreditation_status + graduation_predicate + faculty_program_name,,,Baik,Sangat Memuaskan,Sekolah Vokasi/D3 Keperawatan
,1,17,accreditation_status + graduation_predicate + faculty_program_name,,,Baik,Sangat Memuaskan,Sekolah Vokasi/D3 Keperawatan
,0,3,accreditation_status + graduation_predicate + faculty_program_name,,,Baik,Sangat Memuaskan,Sekolah Vokasi/D3 Perhotelan
,1,5,accreditation_status + graduation_predicate + faculty_program_name,,,Baik,Sangat Memuaskan,Sekolah Vokasi/D3 Perhotelan
,0,2,accreditation_status + graduation_predicate + faculty_program_name,,,Baik,Sangat Memuaskan,Sekolah Vokasi/D3 Teknik Elektronika
,0,7,accreditation_status + graduation_predicate + faculty_program_name,,,Baik,Sangat Memuaskan,Sekolah Vokasi/D3 Teknik Komputer
,0,2,accreditation_status + graduation_predicate + faculty_program_name,,,Baik,Sangat Memuaskan,Sekolah Vokasi/D3 Teknik Mesin
,0,1,accreditation_status + graduation_predicate + faculty_program_name,,,Baik,Sangat Memuaskan,Sekolah Vokasi/D4 Akuntansi Sektor Publik
,1,3,accreditation_status + graduation_predicate + faculty_program_name,,,Baik,Sangat Memuaskan,Sekolah Vokasi/D4 Akuntansi Sektor Publik
,0,6,accreditation_status + graduation_predicate + faculty_program_name,,,Baik,Sangat Memuaskan,Sekolah Vokasi/D4 Teknik Informatika
,0,77,accreditation_status + graduation_predicate + faculty_program_name,,,Baik,__MISSING__,__MISSING__
,1,116,accreditation_status + graduation_predicate + faculty_program_name,,,Baik,__MISSING__,__MISSING__
,0,3,accreditation_status + graduation_predicate + faculty_program_name,,,Baik Sekali,Dengan Pujian,Fakultas Sains dan Teknologi/S1 Teknik Informatika
,0,75,accreditation_status + graduation_predicate + faculty_program_name,,,Baik Sekali,Dengan Pujian,Sekolah Vokasi/D3 Akuntansi
,1,109,accreditation_status + graduation_predicate + faculty_program_name,,,Baik Sekali,Dengan Pujian,Sekolah Vokasi/D3 Akuntansi
,0,28,accreditation_status + graduation_predicate + faculty_program_name,,,Baik Sekali,Dengan Pujian,Sekolah Vokasi/D3 Farmasi
,1,47,accreditation_status + graduation_predicate + faculty_program_name,,,Baik Sekali,Dengan Pujian,Sekolah Vokasi/D3 Farmasi
,0,6,accreditation_status + graduation_predicate + faculty_program_name,,,Baik Sekali,Dengan Pujian,Sekolah Vokasi/D3 Kebidanan
,1,9,accreditation_status + graduation_predicate + faculty_program_name,,,Baik Sekali,Dengan Pujian,Sekolah Vokasi/D3 Kebidanan
,0,5,accreditation_status + graduation_predicate + faculty_program_name,,,Baik Sekali,Dengan Pujian,Sekolah Vokasi/D3 Keperawatan
,0,2,accreditation_status + graduation_predicate + faculty_program_name,,,Baik Sekali,Dengan Pujian,Sekolah Vokasi/D3 Teknik Elektronika
,0,76,accreditation_status + graduation_predicate + faculty_program_name,,,Baik Sekali,Dengan Pujian,Sekolah Vokasi/D3 Teknik Komputer
,1,111,accreditation_status + graduation_predicate + faculty_program_name,,,Baik Sekali,Dengan Pujian,Sekolah Vokasi/D3 Teknik Komputer
,0,15,accreditation_status + graduation_predicate + faculty_program_name,,,Baik Sekali,Dengan Pujian,Sekolah Vokasi/D3 Teknik Mesin
,1,24,accreditation_status + graduation_predicate + faculty_program_name,,,Baik Sekali,Dengan Pujian,Sekolah Vokasi/D3 Teknik Mesin
,0,1,accreditation_status + graduation_predicate + faculty_program_name,,,Baik Sekali,Dengan Pujian,Sekolah Vokasi/D4 Akuntansi Sektor Publik
,0,34,accreditation_status + graduation_predicate + faculty_program_name,,,Baik Sekali,Dengan Pujian,Sekolah Vokasi/D4 Teknik Informatika
,1,49,accreditation_status + graduation_predicate + faculty_program_name,,,Baik Sekali,Dengan Pujian,Sekolah Vokasi/D4 Teknik Informatika
,0,1,accreditation_status + graduation_predicate + faculty_program_name,,,Baik Sekali,Memuaskan,Sekolah Vokasi/D4 Teknik Informatika
,1,1,accreditation_status + graduation_predicate + faculty_program_name,,,Baik Sekali,Memuaskan,Sekolah Vokasi/D4 Teknik Informatika
,0,1,accreditation_status + graduation_predicate + faculty_program_name,,,Baik Sekali,Sangat Memuaskan,Fakultas Sains dan Teknologi/S1 Sistem Informasi
,0,16,accreditation_status + graduation_predicate + faculty_program_name,,,Baik Sekali,Sangat Memuaskan,Sekolah Vokasi/D3 Akuntansi
,1,28,accreditation_status + graduation_predicate + faculty_program_name,,,Baik Sekali,Sangat Memuaskan,Sekolah Vokasi/D3 Akuntansi
,0,8,accreditation_status + graduation_predicate + faculty_program_name,,,Baik Sekali,Sangat Memuaskan,Sekolah Vokasi/D3 Desain Komunikasi Visual
,0,57,accreditation_status + graduation_predicate + faculty_program_name,,,Baik Sekali,Sangat Memuaskan,Sekolah Vokasi/D3 Farmasi
,1,80,accreditation_status + graduation_predicate + faculty_program_name,,,Baik Sekali,Sangat Memuaskan,Sekolah Vokasi/D3 Farmasi
,0,4,accreditation_status + graduation_predicate + faculty_program_name,,,Baik Sekali,Sangat Memuaskan,Sekolah Vokasi/D3 Kebidanan
,1,5,accreditation_status + graduation_predicate + faculty_program_name,,,Baik Sekali,Sangat Memuaskan,Sekolah Vokasi/D3 Kebidanan
,0,5,accreditation_status + graduation_predicate + faculty_program_name,,,Baik Sekali,Sangat Memuaskan,Sekolah Vokasi/D3 Keperawatan
,0,1,accreditation_status + graduation_predicate + faculty_program_name,,,Baik Sekali,Sangat Memuaskan,Sekolah Vokasi/D3 Perhotelan
,0,1,accreditation_status + graduation_predicate + faculty_program_name,,,Baik Sekali,Sangat Memuaskan,Sekolah Vokasi/D3 Teknik Elektronika
,0,28,accreditation_status + graduation_predicate + faculty_program_name,,,Baik Sekali,Sangat Memuaskan,Sekolah Vokasi/D3 Teknik Komputer
,1,45,accreditation_status + graduation_predicate + faculty_program_name,,,Baik Sekali,Sangat Memuaskan,Sekolah Vokasi/D3 Teknik Komputer
,0,16,accreditation_status + graduation_predicate + faculty_program_name,,,Baik Sekali,Sangat Memuaskan,Sekolah Vokasi/D3 Teknik Mesin
,1,23,accreditation_status + graduation_predicate + faculty_program_name,,,Baik Sekali,Sangat Memuaskan,Sekolah Vokasi/D3 Teknik Mesin
,0,1,accreditation_status + graduation_predicate + faculty_program_name,,,Baik Sekali,Sangat Memuaskan,Sekolah Vokasi/D4 Akuntansi Sektor Publik
,0,20,accreditation_status + graduation_predicate + faculty_program_name,,,Baik Sekali,Sangat Memuaskan,Sekolah Vokasi/D4 Teknik Informatika
,1,32,accreditation_status + graduation_predicate + faculty_program_name,,,Baik Sekali,Sangat Memuaskan,Sekolah Vokasi/D4 Teknik Informatika
,0,21,accreditation_status + graduation_predicate + faculty_program_name,,,Baik Sekali,__MISSING__,__MISSING__
,0,1,accreditation_status + graduation_predicate + faculty_program_name,,,Terakreditasi,Dengan Pujian,Fakultas Sains dan Teknologi/S1 Sistem Informasi
,0,7,accreditation_status + graduation_predicate + faculty_program_name,,,Terakreditasi,Dengan Pujian,Fakultas Sains dan Teknologi/S1 Teknik Informatika
,0,10,accreditation_status + graduation_predicate + faculty_program_name,,,Terakreditasi,Dengan Pujian,Sekolah Vokasi/D3 Akuntansi
,0,2,accreditation_status + graduation_predicate + faculty_program_name,,,Terakreditasi,Dengan Pujian,Sekolah Vokasi/D3 Desain Komunikasi Visual
,0,8,accreditation_status + graduation_predicate + faculty_program_name,,,Terakreditasi,Dengan Pujian,Sekolah Vokasi/D3 Farmasi
,0,1,accreditation_status + graduation_predicate + faculty_program_name,,,Terakreditasi,Dengan Pujian,Sekolah Vokasi/D3 Kebidanan
,0,5,accreditation_status + graduation_predicate + faculty_program_name,,,Terakreditasi,Dengan Pujian,Sekolah Vokasi/D3 Keperawatan
,0,1,accreditation_status + graduation_predicate + faculty_program_name,,,Terakreditasi,Dengan Pujian,Sekolah Vokasi/D3 Perhotelan
,0,9,accreditation_status + graduation_predicate + faculty_program_name,,,Terakreditasi,Dengan Pujian,Sekolah Vokasi/D3 Teknik Elektronika
,1,13,accreditation_status + graduation_predicate + faculty_program_name,,,Terakreditasi,Dengan Pujian,Sekolah Vokasi/D3 Teknik Elektronika
,0,16,accreditation_status + graduation_predicate + faculty_program_name,,,Terakreditasi,Dengan Pujian,Sekolah Vokasi/D3 Teknik Komputer
,0,5,accreditation_status + graduation_predicate + faculty_program_name,,,Terakreditasi,Dengan Pujian,Sekolah Vokasi/D3 Teknik Mesin
,0,2,accreditation_status + graduation_predicate + faculty_program_name,,,Terakreditasi,Dengan Pujian,Sekolah Vokasi/D4 Akuntansi Sektor Publik
,0,8,accreditation_status + graduation_predicate + faculty_program_name,,,Terakreditasi,Dengan Pujian,Sekolah Vokasi/D4 Teknik Informatika
,0,2,accreditation_status + graduation_predicate + faculty_program_name,,,Terakreditasi,Memuaskan,Sekolah Vokasi/D3 Desain Komunikasi Visual
,0,2,accreditation_status + graduation_predicate + faculty_program_name,,,Terakreditasi,Sangat Memuaskan,Fakultas Sains dan Teknologi/S1 Teknik Informatika
,0,7,accreditation_status + graduation_predicate + faculty_program_name,,,Terakreditasi,Sangat Memuaskan,Sekolah Vokasi/D3 Akuntansi
,0,5,accreditation_status + graduation_predicate + faculty_program_name,,,Terakreditasi,Sangat Memuaskan,Sekolah Vokasi/D3 Desain Komunikasi Visual
,0,15,accreditation_status + graduation_predicate + faculty_program_name,,,Terakreditasi,Sangat Memuaskan,Sekolah Vokasi/D3 Farmasi
,0,1,accreditation_status + graduation_predicate + faculty_program_name,,,Terakreditasi,Sangat Memuaskan,Sekolah Vokasi/D3 Keperawatan
,0,1,accreditation_status + graduation_predicate + faculty_program_name,,,Terakreditasi,Sangat Memuaskan,Sekolah Vokasi/D3 Perhotelan
,0,5,accreditation_status + graduation_predicate + faculty_program_name,,,Terakreditasi,Sangat Memuaskan,Sekolah Vokasi/D3 Teknik Elektronika
,1,8,accreditation_status + graduation_predicate + faculty_program_name,,,Terakreditasi,Sangat Memuaskan,Sekolah Vokasi/D3 Teknik Elektronika
,0,10,accreditation_status + graduation_predicate + faculty_program_name,,,Terakreditasi,Sangat Memuaskan,Sekolah Vokasi/D3 Teknik Komputer
,0,5,accreditation_status + graduation_predicate + faculty_program_name,,,Terakreditasi,Sangat Memuaskan,Sekolah Vokasi/D3 Teknik Mesin
,0,1,accreditation_status + graduation_predicate + faculty_program_name,,,Terakreditasi,Sangat Memuaskan,Sekolah Vokasi/D4 Akuntansi Sektor Publik
,0,6,accreditation_status + graduation_predicate + faculty_program_name,,,Terakreditasi,Sangat Memuaskan,Sekolah Vokasi/D4 Teknik Informatika
,0,18,accreditation_status + graduation_predicate + faculty_program_name,,,Terakreditasi,__MISSING__,__MISSING__
PMKM,0,8,institution + program + education_level + accreditation_status,Akuntansi,Diploma 3,Baik,,
PMKM,0,1,institution + program + education_level + accreditation_status,Akuntansi Sektor Publik,Diploma 3,Baik,,
PMKM,1,58,institution + program + education_level + accreditation_status,Analis Kesehatan,Diploma 3,Baik,,
PMKM,0,10,institution + program + education_level + accreditation_status,Analis Kesehatan,Diploma 3,Baik Sekali,,
PMKM,0,10,institution + program + education_level + accreditation_status,Analis Kesehatan,Diploma 3,Terakreditasi,,
PMKM,0,4,institution + program + education_level + accreditation_status,Analis Kesehatan,Diploma Tiga,Baik,,
PMKM,0,10,institution + program + education_level + accreditation_status,Analis Kesehatan,Sarjana,Baik,,
PMKM,0,5,institution + program + education_level + accreditation_status,Analis Kesehatan,Sarjana Terapan,Baik,,
PMKM,0,6,institution + program + education_level + accreditation_status,Desain Komunikasi Visual,Diploma 3,Baik,,
PMKM,1,46,institution + program + education_level + accreditation_status,Farmasi,Diploma 3,Baik,,
PMKM,0,8,institution + program + education_level + accreditation_status,Farmasi,Diploma 3,Baik Sekali,,
PMKM,0,7,institution + program + education_level + accreditation_status,Farmasi,Diploma 3,Terakreditasi,,
PMKM,0,3,institution + program + education_level + accreditation_status,Farmasi,Diploma Tiga,Baik,,
PMKM,0,6,institution + program + education_level + accreditation_status,Farmasi,Sarjana,Baik,,
PMKM,0,6,institution + program + education_level + accreditation_status,Farmasi,Sarjana Terapan,Baik,,
PMKM,0,3,institution + program + education_level + accreditation_status,Kebidanan,Diploma 3,Baik,,
PMKM,0,2,institution + program + education_level + accreditation_status,Keperawatan,Diploma 3,Baik,,
PMKM,1,12,institution + program + education_level + accreditation_status,Manajemen Informatika,Diploma 3,Baik,,
PMKM,0,3,institution + program + education_level + accreditation_status,Manajemen Informatika,Diploma 3,Baik Sekali,,
PMKM,0,1,institution + program + education_level + accreditation_status,Manajemen Informatika,Diploma 3,Terakreditasi,,
PMKM,0,2,institution + program + education_level + accreditation_status,Manajemen Informatika,Diploma Tiga,Baik,,
PMKM,0,2,institution + program + education_level + accreditation_status,Manajemen Informatika,Sarjana Terapan,Baik,,
PMKM,0,1,institution + program + education_level + accreditation_status,Perhotelan,Diploma 3,Baik,,
PMKM,0,3,institution + program + education_level + accreditation_status,Sistem Informasi,Diploma 3,Baik,,
PMKM,0,3,institution + program + education_level + accreditation_status,Teknik Elektronika,Diploma 3,Baik,,
PMKM,0,6,institution + program + education_level + accreditation_status,Teknik Informatika,Diploma 3,Baik,,
PMKM,0,4,institution + program + education_level + accreditation_status,Teknik Komputer,Diploma 3,Baik,,
PMKM,0,2,institution + program + education_level + accreditation_status,Teknik Mesin,Diploma 3,Baik,,
UHN,0,14,institution + program + education_level + accreditation_status,Akuntansi,Diploma 3,Baik Sekali,,
UHN,0,29,institution + program + education_level + accreditation_status,Akuntansi,Diploma Tiga,Baik,,
UHN,1,137,institution + program + education_level + accreditation_status,Akuntansi,Diploma Tiga,Baik Sekali,,
UHN,0,17,institution + program + education_level + accreditation_status,Akuntansi,Diploma Tiga,Terakreditasi,,
UHN,0,15,institution + program + education_level + accreditation_status,Akuntansi,Sarjana,Baik Sekali,,
UHN,0,17,institution + program + education_level + accreditation_status,Akuntansi,Sarjana Terapan,Baik Sekali,,
UHN,0,1,institution + program + education_level + accreditation_status,Akuntansi Sektor Publik,Diploma 3,Baik,,
UHN,0,1,institution + program + education_level + accreditation_status,Akuntansi Sektor Publik,Diploma Tiga,Baik,,
UHN,0,2,institution + program + education_level + accreditation_status,Akuntansi Sektor Publik,Sarjana,Baik,,
UHN,1,13,institution + program + education_level + accreditation_status,Akuntansi Sektor Publik,Sarjana Terapan,Baik,,
UHN,0,2,institution + program + education_level + accreditation_status,Akuntansi Sektor Publik,Sarjana Terapan,Baik Sekali,,
UHN,0,3,institution + program + education_level + accreditation_status,Akuntansi Sektor Publik,Sarjana Terapan,Terakreditasi,,
UHN,0,18,institution + program + education_level + accreditation_status,Analis Kesehatan,Diploma Tiga,Baik,,
UHN,0,83,institution + program + education_level + accreditation_status,Analis Kesehatan,Diploma Tiga,Baik Sekali,,
UHN,0,6,institution + program + education_level + accreditation_status,Analis Kesehatan,Diploma Tiga,Terakreditasi,,
UHN,0,10,institution + program + education_level + accreditation_status,Analis Kesehatan,Sarjana,Baik,,
UHN,0,1,institution + program + education_level + accreditation_status,Analis Kesehatan,Sarjana Terapan,Baik,,
UHN,0,12,institution + program + education_level + accreditation_status,Analis Kesehatan,Sarjana Terapan,Baik Sekali,,
UHN,0,10,institution + program + education_level + accreditation_status,Desain Komunikasi Visual,Diploma 3,Baik,,
UHN,1,50,institution + program + education_level + accreditation_status,Desain Komunikasi Visual,Diploma Tiga,Baik,,
UHN,0,8,institution + program + education_level + accreditation_status,Desain Komunikasi Visual,Diploma Tiga,Baik Sekali,,
UHN,0,9,institution + program + education_level + accreditation_status,Desain Komunikasi Visual,Diploma Tiga,Terakreditasi,,
UHN,0,3,institution + program + education_level + accreditation_status,Desain Komunikasi Visual,Sarjana,Baik,,
UHN,0,3,institution + program + education_level + accreditation_status,Desain Komunikasi Visual,Sarjana Terapan,Baik,,
UHN,0,19,institution + program + education_level + accreditation_status,Farmasi,Diploma 3,Baik Sekali,,
UHN,0,19,institution + program + education_level + accreditation_status,Farmasi,Diploma Tiga,Baik,,
UHN,1,127,institution + program + education_level + accreditation_status,Farmasi,Diploma Tiga,Baik Sekali,,
UHN,0,23,institution + program + education_level + accreditation_status,Farmasi,Diploma Tiga,Terakreditasi,,
UHN,0,11,institution + program + education_level + accreditation_status,Farmasi,Sarjana,Baik Sekali,,
UHN,0,12,institution + program + education_level + accreditation_status,Farmasi,Sarjana Terapan,Baik Sekali,,
UHN,0,2,institution + program + education_level + accreditation_status,Kebidanan,Diploma 3,Baik Sekali,,
UHN,0,3,institution + program + education_level + accreditation_status,Kebidanan,Diploma Tiga,Baik,,
UHN,1,14,institution + program + education_level + accreditation_status,Kebidanan,Diploma Tiga,Baik Sekali,,
UHN,0,1,institution + program + education_level + accreditation_status,Kebidanan,Diploma Tiga,Terakreditasi,,
UHN,0,2,institution + program + education_level + accreditation_status,Kebidanan,Sarjana,Baik Sekali,,
UHN,0,1,institution + program + education_level + accreditation_status,Kebidanan,Sarjana Terapan,Baik Sekali,,
UHN,0,3,institution + program + education_level + accreditation_status,Keperawatan,Diploma 3,Baik,,
UHN,1,46,institution + program + education_level + accreditation_status,Keperawatan,Diploma Tiga,Baik,,
UHN,0,10,institution + program + education_level + accreditation_status,Keperawatan,Diploma Tiga,Baik Sekali,,
UHN,0,6,institution + program + education_level + accreditation_status,Keperawatan,Diploma Tiga,Terakreditasi,,
UHN,0,9,institution + program + education_level + accreditation_status,Keperawatan,Sarjana,Baik,,
UHN,0,3,institution + program + education_level + accreditation_status,Keperawatan,Sarjana Terapan,Baik,,
UHN,0,17,institution + program + education_level + accreditation_status,Manajemen Informatika,Diploma Tiga,Baik,,
UHN,0,78,institution + program + education_level + accreditation_status,Manajemen Informatika,Diploma Tiga,Baik Sekali,,
UHN,0,1,institution + program + education_level + accreditation_status,Manajemen Informatika,Diploma Tiga,Terakreditasi,,
UHN,0,4,institution + program + education_level + accreditation_status,Manajemen Informatika,Sarjana,Baik,,
UHN,0,3,institution + program + education_level + accreditation_status,Manajemen Informatika,Sarjana Terapan,Baik,,
UHN,0,15,institution + program + education_level + accreditation_status,Manajemen Informatika,Sarjana Terapan,Baik Sekali,,
UHN,0,2,institution + program + education_level + accreditation_status,Perhotelan,Diploma 3,Baik,,
UHN,1,10,institution + program + education_level + accreditation_status,Perhotelan,Diploma Tiga,Baik,,
UHN,0,1,institution + program + education_level + accreditation_status,Perhotelan,Diploma Tiga,Baik Sekali,,
UHN,0,2,institution + program + education_level + accreditation_status,Perhotelan,Diploma Tiga,Terakreditasi,,
UHN,0,1,institution + program + education_level + accreditation_status,Perhotelan,Sarjana,Baik,,
UHN,0,1,institution + program + education_level + accreditation_status,Perhotelan,Sarjana Terapan,Baik,,
UHN,0,2,institution + program + education_level + accreditation_status,Sistem Informasi,Diploma 3,Baik,,
UHN,0,1,institution + program + education_level + accreditation_status,Sistem Informasi,Diploma Tiga,Baik,,
UHN,1,7,institution + program + education_level + accreditation_status,Sistem Informasi,Sarjana,Baik,,
UHN,0,1,institution + program + education_level + accreditation_status,Sistem Informasi,Sarjana,Baik Sekali,,
UHN,0,1,institution + program + education_level + accreditation_status,Sistem Informasi,Sarjana,Terakreditasi,,
UHN,0,4,institution + program + education_level + accreditation_status,Teknik Elektronika,Diploma Tiga,Baik,,
UHN,0,3,institution + program + education_level + accreditation_status,Teknik Elektronika,Diploma Tiga,Baik Sekali,,
UHN,1,21,institution + program + education_level + accreditation_status,Teknik Elektronika,Diploma Tiga,Terakreditasi,,
UHN,0,4,institution + program + education_level + accreditation_status,Teknik Elektronika,Sarjana,Terakreditasi,,
UHN,0,3,institution + program + education_level + accreditation_status,Teknik Elektronika,Sarjana Terapan,Terakreditasi,,
UHN,0,6,institution + program + education_level + accreditation_status,Teknik Informatika,Diploma 3,Baik,,
UHN,0,15,institution + program + education_level + accreditation_status,Teknik Informatika,Diploma 3,Baik Sekali,,
UHN,0,6,institution + program + education_level + accreditation_status,Teknik Informatika,Diploma Tiga,Baik,,
UHN,0,13,institution + program + education_level + accreditation_status,Teknik Informatika,Diploma Tiga,Baik Sekali,,
UHN,1,36,institution + program + education_level + accreditation_status,Teknik Informatika,Sarjana,Baik,,
UHN,0,3,institution + program + education_level + accreditation_status,Teknik Informatika,Sarjana,Baik Sekali,,
UHN,0,9,institution + program + education_level + accreditation_status,Teknik Informatika,Sarjana,Terakreditasi,,
UHN,0,13,institution + program + education_level + accreditation_status,Teknik Informatika,Sarjana Terapan,Baik,,
UHN,1,82,institution + program + education_level + accreditation_status,Teknik Informatika,Sarjana Terapan,Baik Sekali,,
UHN,0,14,institution + program + education_level + accreditation_status,Teknik Informatika,Sarjana Terapan,Terakreditasi,,
UHN,0,15,institution + program + education_level + accreditation_status,Teknik Komputer,Diploma 3,Baik Sekali,,
UHN,0,26,institution + program + education_level + accreditation_status,Teknik Komputer,Diploma Tiga,Baik,,
UHN,1,156,institution + program + education_level + accreditation_status,Teknik Komputer,Diploma Tiga,Baik Sekali,,
UHN,0,26,institution + program + education_level + accreditation_status,Teknik Komputer,Diploma Tiga,Terakreditasi,,
UHN,0,12,institution + program + education_level + accreditation_status,Teknik Komputer,Sarjana,Baik Sekali,,
UHN,0,25,institution + program + education_level + accreditation_status,Teknik Komputer,Sarjana Terapan,Baik Sekali,,
UHN,0,6,institution + program + education_level + accreditation_status,Teknik Mesin,Diploma 3,Baik Sekali,,
UHN,0,6,institution + program + education_level + accreditation_status,Teknik Mesin,Diploma Tiga,Baik,,
UHN,1,47,institution + program + education_level + accreditation_status,Teknik Mesin,Diploma Tiga,Baik Sekali,,
UHN,0,10,institution + program + education_level + accreditation_status,Teknik Mesin,Diploma Tiga,Terakreditasi,,
UHN,0,6,institution + program + education_level + accreditation_status,Teknik Mesin,Sarjana,Baik Sekali,,
UHN,0,3,institution + program + education_level + accreditation_status,Teknik Mesin,Sarjana Terapan,Baik Sekali,,
PMKM,0,8,institution + program + education_level + graduation_predicate,Akuntansi,Diploma 3,,__MISSING__,
PMKM,0,1,institution + program + education_level + graduation_predicate,Akuntansi Sektor Publik,Diploma 3,,__MISSING__,
PMKM,0,20,institution + program + education_level + graduation_predicate,Analis Kesehatan,Diploma 3,,__MISSING__,
PMKM,1,58,institution + program + education_level + graduation_predicate,Analis Kesehatan,Diploma 3,,__MISSING__,
PMKM,0,4,institution + program + education_level + graduation_predicate,Analis Kesehatan,Diploma Tiga,,__MISSING__,
PMKM,0,10,institution + program + education_level + graduation_predicate,Analis Kesehatan,Sarjana,,__MISSING__,
PMKM,0,5,institution + program + education_level + graduation_predicate,Analis Kesehatan,Sarjana Terapan,,__MISSING__,
PMKM,0,6,institution + program + education_level + graduation_predicate,Desain Komunikasi Visual,Diploma 3,,__MISSING__,
PMKM,0,15,institution + program + education_level + graduation_predicate,Farmasi,Diploma 3,,__MISSING__,
PMKM,1,46,institution + program + education_level + graduation_predicate,Farmasi,Diploma 3,,__MISSING__,
PMKM,0,3,institution + program + education_level + graduation_predicate,Farmasi,Diploma Tiga,,__MISSING__,
PMKM,0,6,institution + program + education_level + graduation_predicate,Farmasi,Sarjana,,__MISSING__,
PMKM,0,6,institution + program + education_level + graduation_predicate,Farmasi,Sarjana Terapan,,__MISSING__,
PMKM,0,3,institution + program + education_level + graduation_predicate,Kebidanan,Diploma 3,,__MISSING__,
PMKM,0,2,institution + program + education_level + graduation_predicate,Keperawatan,Diploma 3,,__MISSING__,
PMKM,0,4,institution + program + education_level + graduation_predicate,Manajemen Informatika,Diploma 3,,__MISSING__,
PMKM,1,12,institution + program + education_level + graduation_predicate,Manajemen Informatika,Diploma 3,,__MISSING__,
PMKM,0,2,institution + program + education_level + graduation_predicate,Manajemen Informatika,Diploma Tiga,,__MISSING__,
PMKM,0,2,institution + program + education_level + graduation_predicate,Manajemen Informatika,Sarjana Terapan,,__MISSING__,
PMKM,0,1,institution + program + education_level + graduation_predicate,Perhotelan,Diploma 3,,__MISSING__,
PMKM,0,3,institution + program + education_level + graduation_predicate,Sistem Informasi,Diploma 3,,__MISSING__,
PMKM,0,3,institution + program + education_level + graduation_predicate,Teknik Elektronika,Diploma 3,,__MISSING__,
PMKM,0,6,institution + program + education_level + graduation_predicate,Teknik Informatika,Diploma 3,,__MISSING__,
PMKM,0,4,institution + program + education_level + graduation_predicate,Teknik Komputer,Diploma 3,,__MISSING__,
PMKM,0,2,institution + program + education_level + graduation_predicate,Teknik Mesin,Diploma 3,,__MISSING__,
UHN,0,11,institution + program + education_level + graduation_predicate,Akuntansi,Diploma 3,,Dengan Pujian,
UHN,0,3,institution + program + education_level + graduation_predicate,Akuntansi,Diploma 3,,Sangat Memuaskan,
UHN,0,34,institution + program + education_level + graduation_predicate,Akuntansi,Diploma Tiga,,Dengan Pujian,
UHN,1,109,institution + program + education_level + graduation_predicate,Akuntansi,Diploma Tiga,,Dengan Pujian,
UHN,0,12,institution + program + education_level + graduation_predicate,Akuntansi,Diploma Tiga,,Sangat Memuaskan,
UHN,1,28,institution + program + education_level + graduation_predicate,Akuntansi,Diploma Tiga,,Sangat Memuaskan,
UHN,0,12,institution + program + education_level + graduation_predicate,Akuntansi,Sarjana,,Dengan Pujian,
UHN,0,3,institution + program + education_level + graduation_predicate,Akuntansi,Sarjana,,Sangat Memuaskan,
UHN,0,12,institution + program + education_level + graduation_predicate,Akuntansi,Sarjana Terapan,,Dengan Pujian,
UHN,0,5,institution + program + education_level + graduation_predicate,Akuntansi,Sarjana Terapan,,Sangat Memuaskan,
UHN,0,1,institution + program + education_level + graduation_predicate,Akuntansi Sektor Publik,Diploma 3,,Dengan Pujian,
UHN,0,1,institution + program + education_level + graduation_predicate,Akuntansi Sektor Publik,Diploma Tiga,,Dengan Pujian,
UHN,0,2,institution + program + education_level + graduation_predicate,Akuntansi Sektor Publik,Sarjana,,Dengan Pujian,
UHN,0,3,institution + program + education_level + graduation_predicate,Akuntansi Sektor Publik,Sarjana Terapan,,Dengan Pujian,
UHN,1,10,institution + program + education_level + graduation_predicate,Akuntansi Sektor Publik,Sarjana Terapan,,Dengan Pujian,
UHN,0,2,institution + program + education_level + graduation_predicate,Akuntansi Sektor Publik,Sarjana Terapan,,Sangat Memuaskan,
UHN,1,3,institution + program + education_level + graduation_predicate,Akuntansi Sektor Publik,Sarjana Terapan,,Sangat Memuaskan,
UHN,0,72,institution + program + education_level + graduation_predicate,Analis Kesehatan,Diploma Tiga,,Dengan Pujian,
UHN,0,35,institution + program + education_level + graduation_predicate,Analis Kesehatan,Diploma Tiga,,Sangat Memuaskan,
UHN,0,8,institution + program + education_level + graduation_predicate,Analis Kesehatan,Sarjana,,Dengan Pujian,
UHN,0,2,institution + program + education_level + graduation_predicate,Analis Kesehatan,Sarjana,,Sangat Memuaskan,
UHN,0,9,institution + program + education_level + graduation_predicate,Analis Kesehatan,Sarjana Terapan,,Dengan Pujian,
UHN,0,4,institution + program + education_level + graduation_predicate,Analis Kesehatan,Sarjana Terapan,,Sangat Memuaskan,
UHN,0,1,institution + program + education_level + graduation_predicate,Desain Komunikasi Visual,Diploma 3,,Dengan Pujian,
UHN,0,9,institution + program + education_level + graduation_predicate,Desain Komunikasi Visual,Diploma 3,,Sangat Memuaskan,
UHN,0,2,institution + program + education_level + graduation_predicate,Desain Komunikasi Visual,Diploma Tiga,,Dengan Pujian,
UHN,1,12,institution + program + education_level + graduation_predicate,Desain Komunikasi Visual,Diploma Tiga,,Dengan Pujian,
UHN,0,2,institution + program + education_level + graduation_predicate,Desain Komunikasi Visual,Diploma Tiga,,Memuaskan,
UHN,1,2,institution + program + education_level + graduation_predicate,Desain Komunikasi Visual,Diploma Tiga,,Memuaskan,
UHN,0,13,institution + program + education_level + graduation_predicate,Desain Komunikasi Visual,Diploma Tiga,,Sangat Memuaskan,
UHN,1,36,institution + program + education_level + graduation_predicate,Desain Komunikasi Visual,Diploma Tiga,,Sangat Memuaskan,
UHN,0,1,institution + program + education_level + graduation_predicate,Desain Komunikasi Visual,Sarjana,,Dengan Pujian,
UHN,0,2,institution + program + education_level + graduation_predicate,Desain Komunikasi Visual,Sarjana,,Sangat Memuaskan,
UHN,0,1,institution + program + education_level + graduation_predicate,Desain Komunikasi Visual,Sarjana Terapan,,Dengan Pujian,
UHN,0,2,institution + program + education_level + graduation_predicate,Desain Komunikasi Visual,Sarjana Terapan,,Sangat Memuaskan,
UHN,0,6,institution + program + education_level + graduation_predicate,Farmasi,Diploma 3,,Dengan Pujian,
UHN,0,13,institution + program + education_level + graduation_predicate,Farmasi,Diploma 3,,Sangat Memuaskan,
UHN,0,19,institution + program + education_level + graduation_predicate,Farmasi,Diploma Tiga,,Dengan Pujian,
UHN,1,47,institution + program + education_level + graduation_predicate,Farmasi,Diploma Tiga,,Dengan Pujian,
UHN,0,23,institution + program + education_level + graduation_predicate,Farmasi,Diploma Tiga,,Sangat Memuaskan,
UHN,1,80,institution + program + education_level + graduation_predicate,Farmasi,Diploma Tiga,,Sangat Memuaskan,
UHN,0,4,institution + program + education_level + graduation_predicate,Farmasi,Sarjana,,Dengan Pujian,
UHN,0,7,institution + program + education_level + graduation_predicate,Farmasi,Sarjana,,Sangat Memuaskan,
UHN,0,3,institution + program + education_level + graduation_predicate,Farmasi,Sarjana Terapan,,Dengan Pujian,
UHN,0,9,institution + program + education_level + graduation_predicate,Farmasi,Sarjana Terapan,,Sangat Memuaskan,
UHN,0,1,institution + program + education_level + graduation_predicate,Kebidanan,Diploma 3,,Dengan Pujian,
UHN,0,1,institution + program + education_level + graduation_predicate,Kebidanan,Diploma 3,,Sangat Memuaskan,
UHN,0,3,institution + program + education_level + graduation_predicate,Kebidanan,Diploma Tiga,,Dengan Pujian,
UHN,1,9,institution + program + education_level + graduation_predicate,Kebidanan,Diploma Tiga,,Dengan Pujian,
UHN,0,1,institution + program + education_level + graduation_predicate,Kebidanan,Diploma Tiga,,Sangat Memuaskan,
UHN,1,5,institution + program + education_level + graduation_predicate,Kebidanan,Diploma Tiga,,Sangat Memuaskan,
UHN,0,1,institution + program + education_level + graduation_predicate,Kebidanan,Sarjana,,Dengan Pujian,
UHN,0,1,institution + program + education_level + graduation_predicate,Kebidanan,Sarjana,,Sangat Memuaskan,
UHN,0,1,institution + program + education_level + graduation_predicate,Kebidanan,Sarjana Terapan,,Dengan Pujian,
UHN,0,1,institution + program + education_level + graduation_predicate,Keperawatan,Diploma 3,,Dengan Pujian,
UHN,0,2,institution + program + education_level + graduation_predicate,Keperawatan,Diploma 3,,Sangat Memuaskan,
UHN,0,10,institution + program + education_level + graduation_predicate,Keperawatan,Diploma Tiga,,Dengan Pujian,
UHN,1,29,institution + program + education_level + graduation_predicate,Keperawatan,Diploma Tiga,,Dengan Pujian,
UHN,0,6,institution + program + education_level + graduation_predicate,Keperawatan,Diploma Tiga,,Sangat Memuaskan,
UHN,1,17,institution + program + education_level + graduation_predicate,Keperawatan,Diploma Tiga,,Sangat Memuaskan,
UHN,0,6,institution + program + education_level + graduation_predicate,Keperawatan,Sarjana,,Dengan Pujian,
UHN,0,3,institution + program + education_level + graduation_predicate,Keperawatan,Sarjana,,Sangat Memuaskan,
UHN,0,3,institution + program + education_level + graduation_predicate,Keperawatan,Sarjana Terapan,,Dengan Pujian,
UHN,0,55,institution + program + education_level + graduation_predicate,Manajemen Informatika,Diploma Tiga,,Dengan Pujian,
UHN,0,41,institution + program + education_level + graduation_predicate,Manajemen Informatika,Diploma Tiga,,Sangat Memuaskan,
UHN,0,4,institution + program + education_level + graduation_predicate,Manajemen Informatika,Sarjana,,Dengan Pujian,
UHN,0,14,institution + program + education_level + graduation_predicate,Manajemen Informatika,Sarjana Terapan,,Dengan Pujian,
UHN,0,4,institution + program + education_level + graduation_predicate,Manajemen Informatika,Sarjana Terapan,,Sangat Memuaskan,
UHN,0,1,institution + program + education_level + graduation_predicate,Perhotelan,Diploma 3,,Dengan Pujian,
UHN,0,1,institution + program + education_level + graduation_predicate,Perhotelan,Diploma 3,,Sangat Memuaskan,
UHN,0,1,institution + program + education_level + graduation_predicate,Perhotelan,Diploma Tiga,,Dengan Pujian,
UHN,1,5,institution + program + education_level + graduation_predicate,Perhotelan,Diploma Tiga,,Dengan Pujian,
UHN,0,2,institution + program + education_level + graduation_predicate,Perhotelan,Diploma Tiga,,Sangat Memuaskan,
UHN,1,5,institution + program + education_level + graduation_predicate,Perhotelan,Diploma Tiga,,Sangat Memuaskan,
UHN,0,1,institution + program + education_level + graduation_predicate,Perhotelan,Sarjana,,Sangat Memuaskan,
UHN,0,1,institution + program + education_level + graduation_predicate,Perhotelan,Sarjana Terapan,,Sangat Memuaskan,
UHN,0,2,institution + program + education_level + graduation_predicate,Sistem Informasi,Diploma 3,,Dengan Pujian,
UHN,0,1,institution + program + education_level + graduation_predicate,Sistem Informasi,Diploma Tiga,,Dengan Pujian,
UHN,0,1,institution + program + education_level + graduation_predicate,Sistem Informasi,Sarjana,,Dengan Pujian,
UHN,1,6,institution + program + education_level + graduation_predicate,Sistem Informasi,Sarjana,,Dengan Pujian,
UHN,0,1,institution + program + education_level + graduation_predicate,Sistem Informasi,Sarjana,,Sangat Memuaskan,
UHN,1,1,institution + program + education_level + graduation_predicate,Sistem Informasi,Sarjana,,Sangat Memuaskan,
UHN,0,4,institution + program + education_level + graduation_predicate,Teknik Elektronika,Diploma Tiga,,Dengan Pujian,
UHN,1,13,institution + program + education_level + graduation_predicate,Teknik Elektronika,Diploma Tiga,,Dengan Pujian,
UHN,0,3,institution + program + education_level + graduation_predicate,Teknik Elektronika,Diploma Tiga,,Sangat Memuaskan,
UHN,1,8,institution + program + education_level + graduation_predicate,Teknik Elektronika,Diploma Tiga,,Sangat Memuaskan,
UHN,0,3,institution + program + education_level + graduation_predicate,Teknik Elektronika,Sarjana,,Dengan Pujian,
UHN,0,1,institution + program + education_level + graduation_predicate,Teknik Elektronika,Sarjana,,Sangat Memuaskan,
UHN,0,1,institution + program + education_level + graduation_predicate,Teknik Elektronika,Sarjana Terapan,,Dengan Pujian,
UHN,0,2,institution + program + education_level + graduation_predicate,Teknik Elektronika,Sarjana Terapan,,Sangat Memuaskan,
UHN,0,11,institution + program + education_level + graduation_predicate,Teknik Informatika,Diploma 3,,Dengan Pujian,
UHN,0,10,institution + program + education_level + graduation_predicate,Teknik Informatika,Diploma 3,,Sangat Memuaskan,
UHN,0,12,institution + program + education_level + graduation_predicate,Teknik Informatika,Diploma Tiga,,Dengan Pujian,
UHN,0,1,institution + program + education_level + graduation_predicate,Teknik Informatika,Diploma Tiga,,Memuaskan,
UHN,0,6,institution + program + education_level + graduation_predicate,Teknik Informatika,Diploma Tiga,,Sangat Memuaskan,
UHN,0,10,institution + program + education_level + graduation_predicate,Teknik Informatika,Sarjana,,Dengan Pujian,
UHN,1,29,institution + program + education_level + graduation_predicate,Teknik Informatika,Sarjana,,Dengan Pujian,
UHN,0,2,institution + program + education_level + graduation_predicate,Teknik Informatika,Sarjana,,Sangat Memuaskan,
UHN,1,7,institution + program + education_level + graduation_predicate,Teknik Informatika,Sarjana,,Sangat Memuaskan,
UHN,0,15,institution + program + education_level + graduation_predicate,Teknik Informatika,Sarjana Terapan,,Dengan Pujian,
UHN,1,49,institution + program + education_level + graduation_predicate,Teknik Informatika,Sarjana Terapan,,Dengan Pujian,
UHN,1,1,institution + program + education_level + graduation_predicate,Teknik Informatika,Sarjana Terapan,,Memuaskan,
UHN,0,12,institution + program + education_level + graduation_predicate,Teknik Informatika,Sarjana Terapan,,Sangat Memuaskan,
UHN,1,32,institution + program + education_level + graduation_predicate,Teknik Informatika,Sarjana Terapan,,Sangat Memuaskan,
UHN,0,13,institution + program + education_level + graduation_predicate,Teknik Komputer,Diploma 3,,Dengan Pujian,
UHN,0,2,institution + program + education_level + graduation_predicate,Teknik Komputer,Diploma 3,,Sangat Memuaskan,
UHN,0,35,institution + program + education_level + graduation_predicate,Teknik Komputer,Diploma Tiga,,Dengan Pujian,
UHN,1,111,institution + program + education_level + graduation_predicate,Teknik Komputer,Diploma Tiga,,Dengan Pujian,
UHN,0,17,institution + program + education_level + graduation_predicate,Teknik Komputer,Diploma Tiga,,Sangat Memuaskan,
UHN,1,45,institution + program + education_level + graduation_predicate,Teknik Komputer,Diploma Tiga,,Sangat Memuaskan,
UHN,0,8,institution + program + education_level + graduation_predicate,Teknik Komputer,Sarjana,,Dengan Pujian,
UHN,0,4,institution + program + education_level + graduation_predicate,Teknik Komputer,Sarjana,,Sangat Memuaskan,
UHN,0,20,institution + program + education_level + graduation_predicate,Teknik Komputer,Sarjana Terapan,,Dengan Pujian,
UHN,0,5,institution + program + education_level + graduation_predicate,Teknik Komputer,Sarjana Terapan,,Sangat Memuaskan,
UHN,0,1,institution + program + education_level + graduation_predicate,Teknik Mesin,Diploma 3,,Dengan Pujian,
UHN,0,5,institution + program + education_level + graduation_predicate,Teknik Mesin,Diploma 3,,Sangat Memuaskan,
UHN,0,9,institution + program + education_level + graduation_predicate,Teknik Mesin,Diploma Tiga,,Dengan Pujian,
UHN,1,24,institution + program + education_level + graduation_predicate,Teknik Mesin,Diploma Tiga,,Dengan Pujian,
UHN,0,7,institution + program + education_level + graduation_predicate,Teknik Mesin,Diploma Tiga,,Sangat Memuaskan,
UHN,1,23,institution + program + education_level + graduation_predicate,Teknik Mesin,Diploma Tiga,,Sangat Memuaskan,
UHN,0,2,institution + program + education_level + graduation_predicate,Teknik Mesin,Sarjana,,Dengan Pujian,
UHN,0,4,institution + program + education_level + graduation_predicate,Teknik Mesin,Sarjana,,Sangat Memuaskan,
UHN,0,2,institution + program + education_level + graduation_predicate,Teknik Mesin,Sarjana Terapan,,Dengan Pujian,
UHN,0,1,institution + program + education_level + graduation_predicate,Teknik Mesin,Sarjana Terapan,,Sangat Memuaskan,
PMKM,0,8,institution + program + education_level + faculty_program_name,Akuntansi,Diploma 3,,,__MISSING__
PMKM,0,1,institution + program + education_level + faculty_program_name,Akuntansi Sektor Publik,Diploma 3,,,__MISSING__
PMKM,0,20,institution + program + education_level + faculty_program_name,Analis Kesehatan,Diploma 3,,,__MISSING__
PMKM,1,58,institution + program + education_level + faculty_program_name,Analis Kesehatan,Diploma 3,,,__MISSING__
PMKM,0,4,institution + program + education_level + faculty_program_name,Analis Kesehatan,Diploma Tiga,,,__MISSING__
PMKM,0,10,institution + program + education_level + faculty_program_name,Analis Kesehatan,Sarjana,,,__MISSING__
PMKM,0,5,institution + program + education_level + faculty_program_name,Analis Kesehatan,Sarjana Terapan,,,__MISSING__
PMKM,0,6,institution + program + education_level + faculty_program_name,Desain Komunikasi Visual,Diploma 3,,,__MISSING__
PMKM,0,15,institution + program + education_level + faculty_program_name,Farmasi,Diploma 3,,,__MISSING__
PMKM,1,46,institution + program + education_level + faculty_program_name,Farmasi,Diploma 3,,,__MISSING__
PMKM,0,3,institution + program + education_level + faculty_program_name,Farmasi,Diploma Tiga,,,__MISSING__
PMKM,0,6,institution + program + education_level + faculty_program_name,Farmasi,Sarjana,,,__MISSING__
PMKM,0,6,institution + program + education_level + faculty_program_name,Farmasi,Sarjana Terapan,,,__MISSING__
PMKM,0,3,institution + program + education_level + faculty_program_name,Kebidanan,Diploma 3,,,__MISSING__
PMKM,0,2,institution + program + education_level + faculty_program_name,Keperawatan,Diploma 3,,,__MISSING__
PMKM,0,4,institution + program + education_level + faculty_program_name,Manajemen Informatika,Diploma 3,,,__MISSING__
PMKM,1,12,institution + program + education_level + faculty_program_name,Manajemen Informatika,Diploma 3,,,__MISSING__
PMKM,0,2,institution + program + education_level + faculty_program_name,Manajemen Informatika,Diploma Tiga,,,__MISSING__
PMKM,0,2,institution + program + education_level + faculty_program_name,Manajemen Informatika,Sarjana Terapan,,,__MISSING__
PMKM,0,1,institution + program + education_level + faculty_program_name,Perhotelan,Diploma 3,,,__MISSING__
PMKM,0,3,institution + program + education_level + faculty_program_name,Sistem Informasi,Diploma 3,,,__MISSING__
PMKM,0,3,institution + program + education_level + faculty_program_name,Teknik Elektronika,Diploma 3,,,__MISSING__
PMKM,0,6,institution + program + education_level + faculty_program_name,Teknik Informatika,Diploma 3,,,__MISSING__
PMKM,0,4,institution + program + education_level + faculty_program_name,Teknik Komputer,Diploma 3,,,__MISSING__
PMKM,0,2,institution + program + education_level + faculty_program_name,Teknik Mesin,Diploma 3,,,__MISSING__
UHN,0,14,institution + program + education_level + faculty_program_name,Akuntansi,Diploma 3,,,Sekolah Vokasi/D3 Akuntansi
UHN,0,46,institution + program + education_level + faculty_program_name,Akuntansi,Diploma Tiga,,,Sekolah Vokasi/D3 Akuntansi
UHN,1,137,institution + program + education_level + faculty_program_name,Akuntansi,Diploma Tiga,,,Sekolah Vokasi/D3 Akuntansi
UHN,0,15,institution + program + education_level + faculty_program_name,Akuntansi,Sarjana,,,Sekolah Vokasi/D3 Akuntansi
UHN,0,17,institution + program + education_level + faculty_program_name,Akuntansi,Sarjana Terapan,,,Sekolah Vokasi/D3 Akuntansi
UHN,0,1,institution + program + education_level + faculty_program_name,Akuntansi Sektor Publik,Diploma 3,,,Sekolah Vokasi/D4 Akuntansi Sektor Publik
UHN,0,1,institution + program + education_level + faculty_program_name,Akuntansi Sektor Publik,Diploma Tiga,,,Sekolah Vokasi/D4 Akuntansi Sektor Publik
UHN,0,2,institution + program + education_level + faculty_program_name,Akuntansi Sektor Publik,Sarjana,,,Sekolah Vokasi/D4 Akuntansi Sektor Publik
UHN,0,5,institution + program + education_level + faculty_program_name,Akuntansi Sektor Publik,Sarjana Terapan,,,Sekolah Vokasi/D4 Akuntansi Sektor Publik
UHN,1,13,institution + program + education_level + faculty_program_name,Akuntansi Sektor Publik,Sarjana Terapan,,,Sekolah Vokasi/D4 Akuntansi Sektor Publik
UHN,0,27,institution + program + education_level + faculty_program_name,Analis Kesehatan,Diploma Tiga,,,Sekolah Vokasi/D3 Akuntansi
UHN,0,9,institution + program + education_level + faculty_program_name,Analis Kesehatan,Diploma Tiga,,,Sekolah Vokasi/D3 Desain Komunikasi Visual
UHN,0,19,institution + program + education_level + faculty_program_name,Analis Kesehatan,Diploma Tiga,,,Sekolah Vokasi/D3 Farmasi
UHN,0,4,institution + program + education_level + faculty_program_name,Analis Kesehatan,Diploma Tiga,,,Sekolah Vokasi/D3 Kebidanan
UHN,0,7,institution + program + education_level + faculty_program_name,Analis Kesehatan,Diploma Tiga,,,Sekolah Vokasi/D3 Keperawatan
UHN,0,2,institution + program + education_level + faculty_program_name,Analis Kesehatan,Diploma Tiga,,,Sekolah Vokasi/D3 Perhotelan
UHN,0,6,institution + program + education_level + faculty_program_name,Analis Kesehatan,Diploma Tiga,,,Sekolah Vokasi/D3 Teknik Elektronika
UHN,0,24,institution + program + education_level + faculty_program_name,Analis Kesehatan,Diploma Tiga,,,Sekolah Vokasi/D3 Teknik Komputer
UHN,0,9,institution + program + education_level + faculty_program_name,Analis Kesehatan,Diploma Tiga,,,Sekolah Vokasi/D3 Teknik Mesin
UHN,0,2,institution + program + education_level + faculty_program_name,Analis Kesehatan,Sarjana,,,Fakultas Sains dan Teknologi/S1 Sistem Informasi
UHN,0,8,institution + program + education_level + faculty_program_name,Analis Kesehatan,Sarjana,,,Fakultas Sains dan Teknologi/S1 Teknik Informatika
UHN,0,1,institution + program + education_level + faculty_program_name,Analis Kesehatan,Sarjana Terapan,,,Sekolah Vokasi/D4 Akuntansi Sektor Publik
UHN,0,12,institution + program + education_level + faculty_program_name,Analis Kesehatan,Sarjana Terapan,,,Sekolah Vokasi/D4 Teknik Informatika
UHN,0,10,institution + program + education_level + faculty_program_name,Desain Komunikasi Visual,Diploma 3,,,Sekolah Vokasi/D3 Desain Komunikasi Visual
UHN,0,17,institution + program + education_level + faculty_program_name,Desain Komunikasi Visual,Diploma Tiga,,,Sekolah Vokasi/D3 Desain Komunikasi Visual
UHN,1,50,institution + program + education_level + faculty_program_name,Desain Komunikasi Visual,Diploma Tiga,,,Sekolah Vokasi/D3 Desain Komunikasi Visual
UHN,0,3,institution + program + education_level + faculty_program_name,Desain Komunikasi Visual,Sarjana,,,Sekolah Vokasi/D3 Desain Komunikasi Visual
UHN,0,3,institution + program + education_level + faculty_program_name,Desain Komunikasi Visual,Sarjana Terapan,,,Sekolah Vokasi/D3 Desain Komunikasi Visual
UHN,0,19,institution + program + education_level + faculty_program_name,Farmasi,Diploma 3,,,Sekolah Vokasi/D3 Farmasi
UHN,0,42,institution + program + education_level + faculty_program_name,Farmasi,Diploma Tiga,,,Sekolah Vokasi/D3 Farmasi
UHN,1,127,institution + program + education_level + faculty_program_name,Farmasi,Diploma Tiga,,,Sekolah Vokasi/D3 Farmasi
UHN,0,11,institution + program + education_level + faculty_program_name,Farmasi,Sarjana,,,Sekolah Vokasi/D3 Farmasi
UHN,0,12,institution + program + education_level + faculty_program_name,Farmasi,Sarjana Terapan,,,Sekolah Vokasi/D3 Farmasi
UHN,0,2,institution + program + education_level + faculty_program_name,Kebidanan,Diploma 3,,,Sekolah Vokasi/D3 Kebidanan
UHN,0,4,institution + program + education_level + faculty_program_name,Kebidanan,Diploma Tiga,,,Sekolah Vokasi/D3 Kebidanan
UHN,1,14,institution + program + education_level + faculty_program_name,Kebidanan,Diploma Tiga,,,Sekolah Vokasi/D3 Kebidanan
UHN,0,2,institution + program + education_level + faculty_program_name,Kebidanan,Sarjana,,,Sekolah Vokasi/D3 Kebidanan
UHN,0,1,institution + program + education_level + faculty_program_name,Kebidanan,Sarjana Terapan,,,Sekolah Vokasi/D3 Kebidanan
UHN,0,3,institution + program + education_level + faculty_program_name,Keperawatan,Diploma 3,,,Sekolah Vokasi/D3 Keperawatan
UHN,0,16,institution + program + education_level + faculty_program_name,Keperawatan,Diploma Tiga,,,Sekolah Vokasi/D3 Keperawatan
UHN,1,46,institution + program + education_level + faculty_program_name,Keperawatan,Diploma Tiga,,,Sekolah Vokasi/D3 Keperawatan
UHN,0,9,institution + program + education_level + faculty_program_name,Keperawatan,Sarjana,,,Sekolah Vokasi/D3 Keperawatan
UHN,0,3,institution + program + education_level + faculty_program_name,Keperawatan,Sarjana Terapan,,,Sekolah Vokasi/D3 Keperawatan
UHN,0,18,institution + program + education_level + faculty_program_name,Manajemen Informatika,Diploma Tiga,,,Sekolah Vokasi/D3 Akuntansi
UHN,0,8,institution + program + education_level + faculty_program_name,Manajemen Informatika,Diploma Tiga,,,Sekolah Vokasi/D3 Desain Komunikasi Visual
UHN,0,24,institution + program + education_level + faculty_program_name,Manajemen Informatika,Diploma Tiga,,,Sekolah Vokasi/D3 Farmasi
UHN,0,1,institution + program + education_level + faculty_program_name,Manajemen Informatika,Diploma Tiga,,,Sekolah Vokasi/D3 Kebidanan
UHN,0,8,institution + program + education_level + faculty_program_name,Manajemen Informatika,Diploma Tiga,,,Sekolah Vokasi/D3 Keperawatan
UHN,0,1,institution + program + education_level + faculty_program_name,Manajemen Informatika,Diploma Tiga,,,Sekolah Vokasi/D3 Perhotelan
UHN,0,1,institution + program + education_level + faculty_program_name,Manajemen Informatika,Diploma Tiga,,,Sekolah Vokasi/D3 Teknik Elektronika
UHN,0,28,institution + program + education_level + faculty_program_name,Manajemen Informatika,Diploma Tiga,,,Sekolah Vokasi/D3 Teknik Komputer
UHN,0,7,institution + program + education_level + faculty_program_name,Manajemen Informatika,Diploma Tiga,,,Sekolah Vokasi/D3 Teknik Mesin
UHN,0,4,institution + program + education_level + faculty_program_name,Manajemen Informatika,Sarjana,,,Fakultas Sains dan Teknologi/S1 Teknik Informatika
UHN,0,3,institution + program + education_level + faculty_program_name,Manajemen Informatika,Sarjana Terapan,,,Sekolah Vokasi/D4 Akuntansi Sektor Publik
UHN,0,15,institution + program + education_level + faculty_program_name,Manajemen Informatika,Sarjana Terapan,,,Sekolah Vokasi/D4 Teknik Informatika
UHN,0,2,institution + program + education_level + faculty_program_name,Perhotelan,Diploma 3,,,Sekolah Vokasi/D3 Perhotelan
UHN,0,3,institution + program + education_level + faculty_program_name,Perhotelan,Diploma Tiga,,,Sekolah Vokasi/D3 Perhotelan
UHN,1,10,institution + program + education_level + faculty_program_name,Perhotelan,Diploma Tiga,,,Sekolah Vokasi/D3 Perhotelan
UHN,0,1,institution + program + education_level + faculty_program_name,Perhotelan,Sarjana,,,Sekolah Vokasi/D3 Perhotelan
UHN,0,1,institution + program + education_level + faculty_program_name,Perhotelan,Sarjana Terapan,,,Sekolah Vokasi/D3 Perhotelan
UHN,0,2,institution + program + education_level + faculty_program_name,Sistem Informasi,Diploma 3,,,Fakultas Sains dan Teknologi/S1 Sistem Informasi
UHN,0,1,institution + program + education_level + faculty_program_name,Sistem Informasi,Diploma Tiga,,,Fakultas Sains dan Teknologi/S1 Sistem Informasi
UHN,0,2,institution + program + education_level + faculty_program_name,Sistem Informasi,Sarjana,,,Fakultas Sains dan Teknologi/S1 Sistem Informasi
UHN,1,7,institution + program + education_level + faculty_program_name,Sistem Informasi,Sarjana,,,Fakultas Sains dan Teknologi/S1 Sistem Informasi
UHN,0,7,institution + program + education_level + faculty_program_name,Teknik Elektronika,Diploma Tiga,,,Sekolah Vokasi/D3 Teknik Elektronika
UHN,1,21,institution + program + education_level + faculty_program_name,Teknik Elektronika,Diploma Tiga,,,Sekolah Vokasi/D3 Teknik Elektronika
UHN,0,4,institution + program + education_level + faculty_program_name,Teknik Elektronika,Sarjana,,,Sekolah Vokasi/D3 Teknik Elektronika
UHN,0,3,institution + program + education_level + faculty_program_name,Teknik Elektronika,Sarjana Terapan,,,Sekolah Vokasi/D3 Teknik Elektronika
UHN,0,6,institution + program + education_level + faculty_program_name,Teknik Informatika,Diploma 3,,,Fakultas Sains dan Teknologi/S1 Teknik Informatika
UHN,0,15,institution + program + education_level + faculty_program_name,Teknik Informatika,Diploma 3,,,Sekolah Vokasi/D4 Teknik Informatika
UHN,0,6,institution + program + education_level + faculty_program_name,Teknik Informatika,Diploma Tiga,,,Fakultas Sains dan Teknologi/S1 Teknik Informatika
UHN,0,13,institution + program + education_level + faculty_program_name,Teknik Informatika,Diploma Tiga,,,Sekolah Vokasi/D4 Teknik Informatika
UHN,0,12,institution + program + education_level + faculty_program_name,Teknik Informatika,Sarjana,,,Fakultas Sains dan Teknologi/S1 Teknik Informatika
UHN,1,36,institution + program + education_level + faculty_program_name,Teknik Informatika,Sarjana,,,Fakultas Sains dan Teknologi/S1 Teknik Informatika
UHN,0,27,institution + program + education_level + faculty_program_name,Teknik Informatika,Sarjana Terapan,,,Sekolah Vokasi/D4 Teknik Informatika
UHN,1,82,institution + program + education_level + faculty_program_name,Teknik Informatika,Sarjana Terapan,,,Sekolah Vokasi/D4 Teknik Informatika
UHN,0,15,institution + program + education_level + faculty_program_name,Teknik Komputer,Diploma 3,,,Sekolah Vokasi/D3 Teknik Komputer
UHN,0,52,institution + program + education_level + faculty_program_name,Teknik Komputer,Diploma Tiga,,,Sekolah Vokasi/D3 Teknik Komputer
UHN,1,156,institution + program + education_level + faculty_program_name,Teknik Komputer,Diploma Tiga,,,Sekolah Vokasi/D3 Teknik Komputer
UHN,0,12,institution + program + education_level + faculty_program_name,Teknik Komputer,Sarjana,,,Sekolah Vokasi/D3 Teknik Komputer
UHN,0,25,institution + program + education_level + faculty_program_name,Teknik Komputer,Sarjana Terapan,,,Sekolah Vokasi/D3 Teknik Komputer
UHN,0,6,institution + program + education_level + faculty_program_name,Teknik Mesin,Diploma 3,,,Sekolah Vokasi/D3 Teknik Mesin
UHN,0,16,institution + program + education_level + faculty_program_name,Teknik Mesin,Diploma Tiga,,,Sekolah Vokasi/D3 Teknik Mesin
UHN,1,47,institution + program + education_level + faculty_program_name,Teknik Mesin,Diploma Tiga,,,Sekolah Vokasi/D3 Teknik Mesin
UHN,0,6,institution + program + education_level + faculty_program_name,Teknik Mesin,Sarjana,,,Sekolah Vokasi/D3 Teknik Mesin
UHN,0,3,institution + program + education_level + faculty_program_name,Teknik Mesin,Sarjana Terapan,,,Sekolah Vokasi/D3 Teknik Mesin
PMKM,0,8,institution + program + accreditation_status + graduation_predicate,Akuntansi,,Baik,__MISSING__,
PMKM,0,1,institution + program + accreditation_status + graduation_predicate,Akuntansi Sektor Publik,,Baik,__MISSING__,
PMKM,0,19,institution + program + accreditation_status + graduation_predicate,Analis Kesehatan,,Baik,__MISSING__,
PMKM,1,58,institution + program + accreditation_status + graduation_predicate,Analis Kesehatan,,Baik,__MISSING__,
PMKM,0,10,institution + program + accreditation_status + graduation_predicate,Analis Kesehatan,,Baik Sekali,__MISSING__,
PMKM,0,10,institution + program + accreditation_status + graduation_predicate,Analis Kesehatan,,Terakreditasi,__MISSING__,
PMKM,0,6,institution + program + accreditation_status + graduation_predicate,Desain Komunikasi Visual,,Baik,__MISSING__,
PMKM,0,15,institution + program + accreditation_status + graduation_predicate,Farmasi,,Baik,__MISSING__,
PMKM,1,46,institution + program + accreditation_status + graduation_predicate,Farmasi,,Baik,__MISSING__,
PMKM,0,8,institution + program + accreditation_status + graduation_predicate,Farmasi,,Baik Sekali,__MISSING__,
PMKM,0,7,institution + program + accreditation_status + graduation_predicate,Farmasi,,Terakreditasi,__MISSING__,
PMKM,0,3,institution + program + accreditation_status + graduation_predicate,Kebidanan,,Baik,__MISSING__,
PMKM,0,2,institution + program + accreditation_status + graduation_predicate,Keperawatan,,Baik,__MISSING__,
PMKM,0,4,institution + program + accreditation_status + graduation_predicate,Manajemen Informatika,,Baik,__MISSING__,
PMKM,1,12,institution + program + accreditation_status + graduation_predicate,Manajemen Informatika,,Baik,__MISSING__,
PMKM,0,3,institution + program + accreditation_status + graduation_predicate,Manajemen Informatika,,Baik Sekali,__MISSING__,
PMKM,0,1,institution + program + accreditation_status + graduation_predicate,Manajemen Informatika,,Terakreditasi,__MISSING__,
PMKM,0,1,institution + program + accreditation_status + graduation_predicate,Perhotelan,,Baik,__MISSING__,
PMKM,0,3,institution + program + accreditation_status + graduation_predicate,Sistem Informasi,,Baik,__MISSING__,
PMKM,0,3,institution + program + accreditation_status + graduation_predicate,Teknik Elektronika,,Baik,__MISSING__,
PMKM,0,6,institution + program + accreditation_status + graduation_predicate,Teknik Informatika,,Baik,__MISSING__,
PMKM,0,4,institution + program + accreditation_status + graduation_predicate,Teknik Komputer,,Baik,__MISSING__,
PMKM,0,2,institution + program + accreditation_status + graduation_predicate,Teknik Mesin,,Baik,__MISSING__,
UHN,0,24,institution + program + accreditation_status + graduation_predicate,Akuntansi,,Baik,Dengan Pujian,
UHN,0,5,institution + program + accreditation_status + graduation_predicate,Akuntansi,,Baik,Sangat Memuaskan,
UHN,0,35,institution + program + accreditation_status + graduation_predicate,Akuntansi,,Baik Sekali,Dengan Pujian,
UHN,1,109,institution + program + accreditation_status + graduation_predicate,Akuntansi,,Baik Sekali,Dengan Pujian,
UHN,0,11,institution + program + accreditation_status + graduation_predicate,Akuntansi,,Baik Sekali,Sangat Memuaskan,
UHN,1,28,institution + program + accreditation_status + graduation_predicate,Akuntansi,,Baik Sekali,Sangat Memuaskan,
UHN,0,10,institution + program + accreditation_status + graduation_predicate,Akuntansi,,Terakreditasi,Dengan Pujian,
UHN,0,7,institution + program + accreditation_status + graduation_predicate,Akuntansi,,Terakreditasi,Sangat Memuaskan,
UHN,0,4,institution + program + accreditation_status + graduation_predicate,Akuntansi Sektor Publik,,Baik,Dengan Pujian,
UHN,1,10,institution + program + accreditation_status + graduation_predicate,Akuntansi Sektor Publik,,Baik,Dengan Pujian,
UHN,1,3,institution + program + accreditation_status + graduation_predicate,Akuntansi Sektor Publik,,Baik,Sangat Memuaskan,
UHN,0,1,institution + program + accreditation_status + graduation_predicate,Akuntansi Sektor Publik,,Baik Sekali,Dengan Pujian,
UHN,0,1,institution + program + accreditation_status + graduation_predicate,Akuntansi Sektor Publik,,Baik Sekali,Sangat Memuaskan,
UHN,0,2,institution + program + accreditation_status + graduation_predicate,Akuntansi Sektor Publik,,Terakreditasi,Dengan Pujian,
UHN,0,1,institution + program + accreditation_status + graduation_predicate,Akuntansi Sektor Publik,,Terakreditasi,Sangat Memuaskan,
UHN,0,17,institution + program + accreditation_status + graduation_predicate,Analis Kesehatan,,Baik,Dengan Pujian,
UHN,0,12,institution + program + accreditation_status + graduation_predicate,Analis Kesehatan,,Baik,Sangat Memuaskan,
UHN,0,68,institution + program + accreditation_status + graduation_predicate,Analis Kesehatan,,Baik Sekali,Dengan Pujian,
UHN,0,27,institution + program + accreditation_status + graduation_predicate,Analis Kesehatan,,Baik Sekali,Sangat Memuaskan,
UHN,0,4,institution + program + accreditation_status + graduation_predicate,Analis Kesehatan,,Terakreditasi,Dengan Pujian,
UHN,0,2,institution + program + accreditation_status + graduation_predicate,Analis Kesehatan,,Terakreditasi,Sangat Memuaskan,
UHN,0,3,institution + program + accreditation_status + graduation_predicate,Desain Komunikasi Visual,,Baik,Dengan Pujian,
UHN,1,12,institution + program + accreditation_status + graduation_predicate,Desain Komunikasi Visual,,Baik,Dengan Pujian,
UHN,1,2,institution + program + accreditation_status + graduation_predicate,Desain Komunikasi Visual,,Baik,Memuaskan,
UHN,0,13,institution + program + accreditation_status + graduation_predicate,Desain Komunikasi Visual,,Baik,Sangat Memuaskan,
UHN,1,36,institution + program + accreditation_status + graduation_predicate,Desain Komunikasi Visual,,Baik,Sangat Memuaskan,
UHN,0,8,institution + program + accreditation_status + graduation_predicate,Desain Komunikasi Visual,,Baik Sekali,Sangat Memuaskan,
UHN,0,2,institution + program + accreditation_status + graduation_predicate,Desain Komunikasi Visual,,Terakreditasi,Dengan Pujian,
UHN,0,2,institution + program + accreditation_status + graduation_predicate,Desain Komunikasi Visual,,Terakreditasi,Memuaskan,
UHN,0,5,institution + program + accreditation_status + graduation_predicate,Desain Komunikasi Visual,,Terakreditasi,Sangat Memuaskan,
UHN,0,11,institution + program + accreditation_status + graduation_predicate,Farmasi,,Baik,Dengan Pujian,
UHN,0,8,institution + program + accreditation_status + graduation_predicate,Farmasi,,Baik,Sangat Memuaskan,
UHN,0,13,institution + program + accreditation_status + graduation_predicate,Farmasi,,Baik Sekali,Dengan Pujian,
UHN,1,47,institution + program + accreditation_status + graduation_predicate,Farmasi,,Baik Sekali,Dengan Pujian,
UHN,0,29,institution + program + accreditation_status + graduation_predicate,Farmasi,,Baik Sekali,Sangat Memuaskan,
UHN,1,80,institution + program + accreditation_status + graduation_predicate,Farmasi,,Baik Sekali,Sangat Memuaskan,
UHN,0,8,institution + program + accreditation_status + graduation_predicate,Farmasi,,Terakreditasi,Dengan Pujian,
UHN,0,15,institution + program + accreditation_status + graduation_predicate,Farmasi,,Terakreditasi,Sangat Memuaskan,
UHN,0,2,institution + program + accreditation_status + graduation_predicate,Kebidanan,,Baik,Dengan Pujian,
UHN,0,1,institution + program + accreditation_status + graduation_predicate,Kebidanan,,Baik,Sangat Memuaskan,
UHN,0,3,institution + program + accreditation_status + graduation_predicate,Kebidanan,,Baik Sekali,Dengan Pujian,
UHN,1,9,institution + program + accreditation_status + graduation_predicate,Kebidanan,,Baik Sekali,Dengan Pujian,
UHN,0,2,institution + program + accreditation_status + graduation_predicate,Kebidanan,,Baik Sekali,Sangat Memuaskan,
UHN,1,5,institution + program + accreditation_status + graduation_predicate,Kebidanan,,Baik Sekali,Sangat Memuaskan,
UHN,0,1,institution + program + accreditation_status + graduation_predicate,Kebidanan,,Terakreditasi,Dengan Pujian,
UHN,0,10,institution + program + accreditation_status + graduation_predicate,Keperawatan,,Baik,Dengan Pujian,
UHN,1,29,institution + program + accreditation_status + graduation_predicate,Keperawatan,,Baik,Dengan Pujian,
UHN,0,5,institution + program + accreditation_status + graduation_predicate,Keperawatan,,Baik,Sangat Memuaskan,
UHN,1,17,institution + program + accreditation_status + graduation_predicate,Keperawatan,,Baik,Sangat Memuaskan,
UHN,0,5,institution + program + accreditation_status + graduation_predicate,Keperawatan,,Baik Sekali,Dengan Pujian,
UHN,0,5,institution + program + accreditation_status + graduation_predicate,Keperawatan,,Baik Sekali,Sangat Memuaskan,
UHN,0,5,institution + program + accreditation_status + graduation_predicate,Keperawatan,,Terakreditasi,Dengan Pujian,
UHN,0,1,institution + program + accreditation_status + graduation_predicate,Keperawatan,,Terakreditasi,Sangat Memuaskan,
UHN,0,17,institution + program + accreditation_status + graduation_predicate,Manajemen Informatika,,Baik,Dengan Pujian,
UHN,0,7,institution + program + accreditation_status + graduation_predicate,Manajemen Informatika,,Baik,Sangat Memuaskan,
UHN,0,55,institution + program + accreditation_status + graduation_predicate,Manajemen Informatika,,Baik Sekali,Dengan Pujian,
UHN,0,38,institution + program + accreditation_status + graduation_predicate,Manajemen Informatika,,Baik Sekali,Sangat Memuaskan,
UHN,0,1,institution + program + accreditation_status + graduation_predicate,Manajemen Informatika,,Terakreditasi,Dengan Pujian,
UHN,0,1,institution + program + accreditation_status + graduation_predicate,Perhotelan,,Baik,Dengan Pujian,
UHN,1,5,institution + program + accreditation_status + graduation_predicate,Perhotelan,,Baik,Dengan Pujian,
UHN,0,3,institution + program + accreditation_status + graduation_predicate,Perhotelan,,Baik,Sangat Memuaskan,
UHN,1,5,institution + program + accreditation_status + graduation_predicate,Perhotelan,,Baik,Sangat Memuaskan,
UHN,0,1,institution + program + accreditation_status + graduation_predicate,Perhotelan,,Baik Sekali,Sangat Memuaskan,
UHN,0,1,institution + program + accreditation_status + graduation_predicate,Perhotelan,,Terakreditasi,Dengan Pujian,
UHN,0,1,institution + program + accreditation_status + graduation_predicate,Perhotelan,,Terakreditasi,Sangat Memuaskan,
UHN,0,3,institution + program + accreditation_status + graduation_predicate,Sistem Informasi,,Baik,Dengan Pujian,
UHN,1,6,institution + program + accreditation_status + graduation_predicate,Sistem Informasi,,Baik,Dengan Pujian,
UHN,1,1,institution + program + accreditation_status + graduation_predicate,Sistem Informasi,,Baik,Sangat Memuaskan,
UHN,0,1,institution + program + accreditation_status + graduation_predicate,Sistem Informasi,,Baik Sekali,Sangat Memuaskan,
UHN,0,1,institution + program + accreditation_status + graduation_predicate,Sistem Informasi,,Terakreditasi,Dengan Pujian,
UHN,0,2,institution + program + accreditation_status + graduation_predicate,Teknik Elektronika,,Baik,Dengan Pujian,
UHN,0,2,institution + program + accreditation_status + graduation_predicate,Teknik Elektronika,,Baik,Sangat Memuaskan,
UHN,0,2,institution + program + accreditation_status + graduation_predicate,Teknik Elektronika,,Baik Sekali,Dengan Pujian,
UHN,0,1,institution + program + accreditation_status + graduation_predicate,Teknik Elektronika,,Baik Sekali,Sangat Memuaskan,
UHN,0,4,institution + program + accreditation_status + graduation_predicate,Teknik Elektronika,,Terakreditasi,Dengan Pujian,
UHN,1,13,institution + program + accreditation_status + graduation_predicate,Teknik Elektronika,,Terakreditasi,Dengan Pujian,
UHN,0,3,institution + program + accreditation_status + graduation_predicate,Teknik Elektronika,,Terakreditasi,Sangat Memuaskan,
UHN,1,8,institution + program + accreditation_status + graduation_predicate,Teknik Elektronika,,Terakreditasi,Sangat Memuaskan,
UHN,0,16,institution + program + accreditation_status + graduation_predicate,Teknik Informatika,,Baik,Dengan Pujian,
UHN,1,29,institution + program + accreditation_status + graduation_predicate,Teknik Informatika,,Baik,Dengan Pujian,
UHN,0,9,institution + program + accreditation_status + graduation_predicate,Teknik Informatika,,Baik,Sangat Memuaskan,
UHN,1,7,institution + program + accreditation_status + graduation_predicate,Teknik Informatika,,Baik,Sangat Memuaskan,
UHN,0,17,institution + program + accreditation_status + graduation_predicate,Teknik Informatika,,Baik Sekali,Dengan Pujian,
UHN,1,49,institution + program + accreditation_status + graduation_predicate,Teknik Informatika,,Baik Sekali,Dengan Pujian,
UHN,0,1,institution + program + accreditation_status + graduation_predicate,Teknik Informatika,,Baik Sekali,Memuaskan,
UHN,1,1,institution + program + accreditation_status + graduation_predicate,Teknik Informatika,,Baik Sekali,Memuaskan,
UHN,0,13,institution + program + accreditation_status + graduation_predicate,Teknik Informatika,,Baik Sekali,Sangat Memuaskan,
UHN,1,32,institution + program + accreditation_status + graduation_predicate,Teknik Informatika,,Baik Sekali,Sangat Memuaskan,
UHN,0,15,institution + program + accreditation_status + graduation_predicate,Teknik Informatika,,Terakreditasi,Dengan Pujian,
UHN,0,8,institution + program + accreditation_status + graduation_predicate,Teknik Informatika,,Terakreditasi,Sangat Memuaskan,
UHN,0,19,institution + program + accreditation_status + graduation_predicate,Teknik Komputer,,Baik,Dengan Pujian,
UHN,0,7,institution + program + accreditation_status + graduation_predicate,Teknik Komputer,,Baik,Sangat Memuaskan,
UHN,0,41,institution + program + accreditation_status + graduation_predicate,Teknik Komputer,,Baik Sekali,Dengan Pujian,
UHN,1,111,institution + program + accreditation_status + graduation_predicate,Teknik Komputer,,Baik Sekali,Dengan Pujian,
UHN,0,11,institution + program + accreditation_status + graduation_predicate,Teknik Komputer,,Baik Sekali,Sangat Memuaskan,
UHN,1,45,institution + program + accreditation_status + graduation_predicate,Teknik Komputer,,Baik Sekali,Sangat Memuaskan,
UHN,0,16,institution + program + accreditation_status + graduation_predicate,Teknik Komputer,,Terakreditasi,Dengan Pujian,
UHN,0,10,institution + program + accreditation_status + graduation_predicate,Teknik Komputer,,Terakreditasi,Sangat Memuaskan,
UHN,0,4,institution + program + accreditation_status + graduation_predicate,Teknik Mesin,,Baik,Dengan Pujian,
UHN,0,2,institution + program + accreditation_status + graduation_predicate,Teknik Mesin,,Baik,Sangat Memuaskan,
UHN,0,5,institution + program + accreditation_status + graduation_predicate,Teknik Mesin,,Baik Sekali,Dengan Pujian,
UHN,1,24,institution + program + accreditation_status + graduation_predicate,Teknik Mesin,,Baik Sekali,Dengan Pujian,
UHN,0,10,institution + program + accreditation_status + graduation_predicate,Teknik Mesin,,Baik Sekali,Sangat Memuaskan,
UHN,1,23,institution + program + accreditation_status + graduation_predicate,Teknik Mesin,,Baik Sekali,Sangat Memuaskan,
UHN,0,5,institution + program + accreditation_status + graduation_predicate,Teknik Mesin,,Terakreditasi,Dengan Pujian,
UHN,0,5,institution + program + accreditation_status + graduation_predicate,Teknik Mesin,,Terakreditasi,Sangat Memuaskan,
PMKM,0,8,institution + program + accreditation_status + faculty_program_name,Akuntansi,,Baik,,__MISSING__
PMKM,0,1,institution + program + accreditation_status + faculty_program_name,Akuntansi Sektor Publik,,Baik,,__MISSING__
PMKM,0,19,institution + program + accreditation_status + faculty_program_name,Analis Kesehatan,,Baik,,__MISSING__
PMKM,1,58,institution + program + accreditation_status + faculty_program_name,Analis Kesehatan,,Baik,,__MISSING__
PMKM,0,10,institution + program + accreditation_status + faculty_program_name,Analis Kesehatan,,Baik Sekali,,__MISSING__
PMKM,0,10,institution + program + accreditation_status + faculty_program_name,Analis Kesehatan,,Terakreditasi,,__MISSING__
PMKM,0,6,institution + program + accreditation_status + faculty_program_name,Desain Komunikasi Visual,,Baik,,__MISSING__
PMKM,0,15,institution + program + accreditation_status + faculty_program_name,Farmasi,,Baik,,__MISSING__
PMKM,1,46,institution + program + accreditation_status + faculty_program_name,Farmasi,,Baik,,__MISSING__
PMKM,0,8,institution + program + accreditation_status + faculty_program_name,Farmasi,,Baik Sekali,,__MISSING__
PMKM,0,7,institution + program + accreditation_status + faculty_program_name,Farmasi,,Terakreditasi,,__MISSING__
PMKM,0,3,institution + program + accreditation_status + faculty_program_name,Kebidanan,,Baik,,__MISSING__
PMKM,0,2,institution + program + accreditation_status + faculty_program_name,Keperawatan,,Baik,,__MISSING__
PMKM,0,4,institution + program + accreditation_status + faculty_program_name,Manajemen Informatika,,Baik,,__MISSING__
PMKM,1,12,institution + program + accreditation_status + faculty_program_name,Manajemen Informatika,,Baik,,__MISSING__
PMKM,0,3,institution + program + accreditation_status + faculty_program_name,Manajemen Informatika,,Baik Sekali,,__MISSING__
PMKM,0,1,institution + program + accreditation_status + faculty_program_name,Manajemen Informatika,,Terakreditasi,,__MISSING__
PMKM,0,1,institution + program + accreditation_status + faculty_program_name,Perhotelan,,Baik,,__MISSING__
PMKM,0,3,institution + program + accreditation_status + faculty_program_name,Sistem Informasi,,Baik,,__MISSING__
PMKM,0,3,institution + program + accreditation_status + faculty_program_name,Teknik Elektronika,,Baik,,__MISSING__
PMKM,0,6,institution + program + accreditation_status + faculty_program_name,Teknik Informatika,,Baik,,__MISSING__
PMKM,0,4,institution + program + accreditation_status + faculty_program_name,Teknik Komputer,,Baik,,__MISSING__
PMKM,0,2,institution + program + accreditation_status + faculty_program_name,Teknik Mesin,,Baik,,__MISSING__
UHN,0,29,institution + program + accreditation_status + faculty_program_name,Akuntansi,,Baik,,Sekolah Vokasi/D3 Akuntansi
UHN,0,46,institution + program + accreditation_status + faculty_program_name,Akuntansi,,Baik Sekali,,Sekolah Vokasi/D3 Akuntansi
UHN,1,137,institution + program + accreditation_status + faculty_program_name,Akuntansi,,Baik Sekali,,Sekolah Vokasi/D3 Akuntansi
UHN,0,17,institution + program + accreditation_status + faculty_program_name,Akuntansi,,Terakreditasi,,Sekolah Vokasi/D3 Akuntansi
UHN,0,4,institution + program + accreditation_status + faculty_program_name,Akuntansi Sektor Publik,,Baik,,Sekolah Vokasi/D4 Akuntansi Sektor Publik
UHN,1,13,institution + program + accreditation_status + faculty_program_name,Akuntansi Sektor Publik,,Baik,,Sekolah Vokasi/D4 Akuntansi Sektor Publik
UHN,0,2,institution + program + accreditation_status + faculty_program_name,Akuntansi Sektor Publik,,Baik Sekali,,Sekolah Vokasi/D4 Akuntansi Sektor Publik
UHN,0,3,institution + program + accreditation_status + faculty_program_name,Akuntansi Sektor Publik,,Terakreditasi,,Sekolah Vokasi/D4 Akuntansi Sektor Publik
UHN,0,2,institution + program + accreditation_status + faculty_program_name,Analis Kesehatan,,Baik,,Fakultas Sains dan Teknologi/S1 Sistem Informasi
UHN,0,8,institution + program + accreditation_status + faculty_program_name,Analis Kesehatan,,Baik,,Fakultas Sains dan Teknologi/S1 Teknik Informatika
UHN,0,9,institution + program + accreditation_status + faculty_program_name,Analis Kesehatan,,Baik,,Sekolah Vokasi/D3 Desain Komunikasi Visual
UHN,0,7,institution + program + accreditation_status + faculty_program_name,Analis Kesehatan,,Baik,,Sekolah Vokasi/D3 Keperawatan
UHN,0,2,institution + program + accreditation_status + faculty_program_name,Analis Kesehatan,,Baik,,Sekolah Vokasi/D3 Perhotelan
UHN,0,1,institution + program + accreditation_status + faculty_program_name,Analis Kesehatan,,Baik,,Sekolah Vokasi/D4 Akuntansi Sektor Publik
UHN,0,27,institution + program + accreditation_status + faculty_program_name,Analis Kesehatan,,Baik Sekali,,Sekolah Vokasi/D3 Akuntansi
UHN,0,19,institution + program + accreditation_status + faculty_program_name,Analis Kesehatan,,Baik Sekali,,Sekolah Vokasi/D3 Farmasi
UHN,0,4,institution + program + accreditation_status + faculty_program_name,Analis Kesehatan,,Baik Sekali,,Sekolah Vokasi/D3 Kebidanan
UHN,0,24,institution + program + accreditation_status + faculty_program_name,Analis Kesehatan,,Baik Sekali,,Sekolah Vokasi/D3 Teknik Komputer
UHN,0,9,institution + program + accreditation_status + faculty_program_name,Analis Kesehatan,,Baik Sekali,,Sekolah Vokasi/D3 Teknik Mesin
UHN,0,12,institution + program + accreditation_status + faculty_program_name,Analis Kesehatan,,Baik Sekali,,Sekolah Vokasi/D4 Teknik Informatika
UHN,0,6,institution + program + accreditation_status + faculty_program_name,Analis Kesehatan,,Terakreditasi,,Sekolah Vokasi/D3 Teknik Elektronika
UHN,0,16,institution + program + accreditation_status + faculty_program_name,Desain Komunikasi Visual,,Baik,,Sekolah Vokasi/D3 Desain Komunikasi Visual
UHN,1,50,institution + program + accreditation_status + faculty_program_name,Desain Komunikasi Visual,,Baik,,Sekolah Vokasi/D3 Desain Komunikasi Visual
UHN,0,8,institution + program + accreditation_status + faculty_program_name,Desain Komunikasi Visual,,Baik Sekali,,Sekolah Vokasi/D3 Desain Komunikasi Visual
UHN,0,9,institution + program + accreditation_status + faculty_program_name,Desain Komunikasi Visual,,Terakreditasi,,Sekolah Vokasi/D3 Desain Komunikasi Visual
UHN,0,19,institution + program + accreditation_status + faculty_program_name,Farmasi,,Baik,,Sekolah Vokasi/D3 Farmasi
UHN,0,42,institution + program + accreditation_status + faculty_program_name,Farmasi,,Baik Sekali,,Sekolah Vokasi/D3 Farmasi
UHN,1,127,institution + program + accreditation_status + faculty_program_name,Farmasi,,Baik Sekali,,Sekolah Vokasi/D3 Farmasi
UHN,0,23,institution + program + accreditation_status + faculty_program_name,Farmasi,,Terakreditasi,,Sekolah Vokasi/D3 Farmasi
UHN,0,3,institution + program + accreditation_status + faculty_program_name,Kebidanan,,Baik,,Sekolah Vokasi/D3 Kebidanan
UHN,0,5,institution + program + accreditation_status + faculty_program_name,Kebidanan,,Baik Sekali,,Sekolah Vokasi/D3 Kebidanan
UHN,1,14,institution + program + accreditation_status + faculty_program_name,Kebidanan,,Baik Sekali,,Sekolah Vokasi/D3 Kebidanan
UHN,0,1,institution + program + accreditation_status + faculty_program_name,Kebidanan,,Terakreditasi,,Sekolah Vokasi/D3 Kebidanan
UHN,0,15,institution + program + accreditation_status + faculty_program_name,Keperawatan,,Baik,,Sekolah Vokasi/D3 Keperawatan
UHN,1,46,institution + program + accreditation_status + faculty_program_name,Keperawatan,,Baik,,Sekolah Vokasi/D3 Keperawatan
UHN,0,10,institution + program + accreditation_status + faculty_program_name,Keperawatan,,Baik Sekali,,Sekolah Vokasi/D3 Keperawatan
UHN,0,6,institution + program + accreditation_status + faculty_program_name,Keperawatan,,Terakreditasi,,Sekolah Vokasi/D3 Keperawatan
UHN,0,4,institution + program + accreditation_status + faculty_program_name,Manajemen Informatika,,Baik,,Fakultas Sains dan Teknologi/S1 Teknik Informatika
UHN,0,8,institution + program + accreditation_status + faculty_program_name,Manajemen Informatika,,Baik,,Sekolah Vokasi/D3 Desain Komunikasi Visual
UHN,0,8,institution + program + accreditation_status + faculty_program_name,Manajemen Informatika,,Baik,,Sekolah Vokasi/D3 Keperawatan
UHN,0,1,institution + program + accreditation_status + faculty_program_name,Manajemen Informatika,,Baik,,Sekolah Vokasi/D3 Perhotelan
UHN,0,3,institution + program + accreditation_status + faculty_program_name,Manajemen Informatika,,Baik,,Sekolah Vokasi/D4 Akuntansi Sektor Publik
UHN,0,18,institution + program + accreditation_status + faculty_program_name,Manajemen Informatika,,Baik Sekali,,Sekolah Vokasi/D3 Akuntansi
UHN,0,24,institution + program + accreditation_status + faculty_program_name,Manajemen Informatika,,Baik Sekali,,Sekolah Vokasi/D3 Farmasi
UHN,0,1,institution + program + accreditation_status + faculty_program_name,Manajemen Informatika,,Baik Sekali,,Sekolah Vokasi/D3 Kebidanan
UHN,0,28,institution + program + accreditation_status + faculty_program_name,Manajemen Informatika,,Baik Sekali,,Sekolah Vokasi/D3 Teknik Komputer
UHN,0,7,institution + program + accreditation_status + faculty_program_name,Manajemen Informatika,,Baik Sekali,,Sekolah Vokasi/D3 Teknik Mesin
UHN,0,15,institution + program + accreditation_status + faculty_program_name,Manajemen Informatika,,Baik Sekali,,Sekolah Vokasi/D4 Teknik Informatika
UHN,0,1,institution + program + accreditation_status + faculty_program_name,Manajemen Informatika,,Terakreditasi,,Sekolah Vokasi/D3 Teknik Elektronika
UHN,0,4,institution + program + accreditation_status + faculty_program_name,Perhotelan,,Baik,,Sekolah Vokasi/D3 Perhotelan
UHN,1,10,institution + program + accreditation_status + faculty_program_name,Perhotelan,,Baik,,Sekolah Vokasi/D3 Perhotelan
UHN,0,1,institution + program + accreditation_status + faculty_program_name,Perhotelan,,Baik Sekali,,Sekolah Vokasi/D3 Perhotelan
UHN,0,2,institution + program + accreditation_status + faculty_program_name,Perhotelan,,Terakreditasi,,Sekolah Vokasi/D3 Perhotelan
UHN,0,3,institution + program + accreditation_status + faculty_program_name,Sistem Informasi,,Baik,,Fakultas Sains dan Teknologi/S1 Sistem Informasi
UHN,1,7,institution + program + accreditation_status + faculty_program_name,Sistem Informasi,,Baik,,Fakultas Sains dan Teknologi/S1 Sistem Informasi
UHN,0,1,institution + program + accreditation_status + faculty_program_name,Sistem Informasi,,Baik Sekali,,Fakultas Sains dan Teknologi/S1 Sistem Informasi
UHN,0,1,institution + program + accreditation_status + faculty_program_name,Sistem Informasi,,Terakreditasi,,Fakultas Sains dan Teknologi/S1 Sistem Informasi
UHN,0,4,institution + program + accreditation_status + faculty_program_name,Teknik Elektronika,,Baik,,Sekolah Vokasi/D3 Teknik Elektronika
UHN,0,3,institution + program + accreditation_status + faculty_program_name,Teknik Elektronika,,Baik Sekali,,Sekolah Vokasi/D3 Teknik Elektronika
UHN,0,7,institution + program + accreditation_status + faculty_program_name,Teknik Elektronika,,Terakreditasi,,Sekolah Vokasi/D3 Teknik Elektronika
UHN,1,21,institution + program + accreditation_status + faculty_program_name,Teknik Elektronika,,Terakreditasi,,Sekolah Vokasi/D3 Teknik Elektronika
UHN,0,12,institution + program + accreditation_status + faculty_program_name,Teknik Informatika,,Baik,,Fakultas Sains dan Teknologi/S1 Teknik Informatika
UHN,1,36,institution + program + accreditation_status + faculty_program_name,Teknik Informatika,,Baik,,Fakultas Sains dan Teknologi/S1 Teknik Informatika
UHN,0,13,institution + program + accreditation_status + faculty_program_name,Teknik Informatika,,Baik,,Sekolah Vokasi/D4 Teknik Informatika
UHN,0,3,institution + program + accreditation_status + faculty_program_name,Teknik Informatika,,Baik Sekali,,Fakultas Sains dan Teknologi/S1 Teknik Informatika
UHN,0,28,institution + program + accreditation_status + faculty_program_name,Teknik Informatika,,Baik Sekali,,Sekolah Vokasi/D4 Teknik Informatika
UHN,1,82,institution + program + accreditation_status + faculty_program_name,Teknik Informatika,,Baik Sekali,,Sekolah Vokasi/D4 Teknik Informatika
UHN,0,9,institution + program + accreditation_status + faculty_program_name,Teknik Informatika,,Terakreditasi,,Fakultas Sains dan Teknologi/S1 Teknik Informatika
UHN,0,14,institution + program + accreditation_status + faculty_program_name,Teknik Informatika,,Terakreditasi,,Sekolah Vokasi/D4 Teknik Informatika
UHN,0,26,institution + program + accreditation_status + faculty_program_name,Teknik Komputer,,Baik,,Sekolah Vokasi/D3 Teknik Komputer
UHN,0,52,institution + program + accreditation_status + faculty_program_name,Teknik Komputer,,Baik Sekali,,Sekolah Vokasi/D3 Teknik Komputer
UHN,1,156,institution + program + accreditation_status + faculty_program_name,Teknik Komputer,,Baik Sekali,,Sekolah Vokasi/D3 Teknik Komputer
UHN,0,26,institution + program + accreditation_status + faculty_program_name,Teknik Komputer,,Terakreditasi,,Sekolah Vokasi/D3 Teknik Komputer
UHN,0,6,institution + program + accreditation_status + faculty_program_name,Teknik Mesin,,Baik,,Sekolah Vokasi/D3 Teknik Mesin
UHN,0,15,institution + program + accreditation_status + faculty_program_name,Teknik Mesin,,Baik Sekali,,Sekolah Vokasi/D3 Teknik Mesin
UHN,1,47,institution + program + accreditation_status + faculty_program_name,Teknik Mesin,,Baik Sekali,,Sekolah Vokasi/D3 Teknik Mesin
UHN,0,10,institution + program + accreditation_status + faculty_program_name,Teknik Mesin,,Terakreditasi,,Sekolah Vokasi/D3 Teknik Mesin
PMKM,0,8,institution + program + graduation_predicate + faculty_program_name,Akuntansi,,,__MISSING__,__MISSING__
PMKM,0,1,institution + program + graduation_predicate + faculty_program_name,Akuntansi Sektor Publik,,,__MISSING__,__MISSING__
PMKM,0,39,institution + program + graduation_predicate + faculty_program_name,Analis Kesehatan,,,__MISSING__,__MISSING__
PMKM,1,58,institution + program + graduation_predicate + faculty_program_name,Analis Kesehatan,,,__MISSING__,__MISSING__
PMKM,0,6,institution + program + graduation_predicate + faculty_program_name,Desain Komunikasi Visual,,,__MISSING__,__MISSING__
PMKM,0,30,institution + program + graduation_predicate + faculty_program_name,Farmasi,,,__MISSING__,__MISSING__
PMKM,1,46,institution + program + graduation_predicate + faculty_program_name,Farmasi,,,__MISSING__,__MISSING__
PMKM,0,3,institution + program + graduation_predicate + faculty_program_name,Kebidanan,,,__MISSING__,__MISSING__
PMKM,0,2,institution + program + graduation_predicate + faculty_program_name,Keperawatan,,,__MISSING__,__MISSING__
PMKM,0,8,institution + program + graduation_predicate + faculty_program_name,Manajemen Informatika,,,__MISSING__,__MISSING__
PMKM,1,12,institution + program + graduation_predicate + faculty_program_name,Manajemen Informatika,,,__MISSING__,__MISSING__
PMKM,0,1,institution + program + graduation_predicate + faculty_program_name,Perhotelan,,,__MISSING__,__MISSING__
PMKM,0,3,institution + program + graduation_predicate + faculty_program_name,Sistem Informasi,,,__MISSING__,__MISSING__
PMKM,0,3,institution + program + graduation_predicate + faculty_program_name,Teknik Elektronika,,,__MISSING__,__MISSING__
PMKM,0,6,institution + program + graduation_predicate + faculty_program_name,Teknik Informatika,,,__MISSING__,__MISSING__
PMKM,0,4,institution + program + graduation_predicate + faculty_program_name,Teknik Komputer,,,__MISSING__,__MISSING__
PMKM,0,2,institution + program + graduation_predicate + faculty_program_name,Teknik Mesin,,,__MISSING__,__MISSING__
UHN,0,69,institution + program + graduation_predicate + faculty_program_name,Akuntansi,,,Dengan Pujian,Sekolah Vokasi/D3 Akuntansi
UHN,1,109,institution + program + graduation_predicate + faculty_program_name,Akuntansi,,,Dengan Pujian,Sekolah Vokasi/D3 Akuntansi
UHN,0,23,institution + program + graduation_predicate + faculty_program_name,Akuntansi,,,Sangat Memuaskan,Sekolah Vokasi/D3 Akuntansi
UHN,1,28,institution + program + graduation_predicate + faculty_program_name,Akuntansi,,,Sangat Memuaskan,Sekolah Vokasi/D3 Akuntansi
UHN,0,7,institution + program + graduation_predicate + faculty_program_name,Akuntansi Sektor Publik,,,Dengan Pujian,Sekolah Vokasi/D4 Akuntansi Sektor Publik
UHN,1,10,institution + program + graduation_predicate + faculty_program_name,Akuntansi Sektor Publik,,,Dengan Pujian,Sekolah Vokasi/D4 Akuntansi Sektor Publik
UHN,0,2,institution + program + graduation_predicate + faculty_program_name,Akuntansi Sektor Publik,,,Sangat Memuaskan,Sekolah Vokasi/D4 Akuntansi Sektor Publik
UHN,1,3,institution + program + graduation_predicate + faculty_program_name,Akuntansi Sektor Publik,,,Sangat Memuaskan,Sekolah Vokasi/D4 Akuntansi Sektor Publik
UHN,0,2,institution + program + graduation_predicate + faculty_program_name,Analis Kesehatan,,,Dengan Pujian,Fakultas Sains dan Teknologi/S1 Sistem Informasi
UHN,0,6,institution + program + graduation_predicate + faculty_program_name,Analis Kesehatan,,,Dengan Pujian,Fakultas Sains dan Teknologi/S1 Teknik Informatika
UHN,0,25,institution + program + graduation_predicate + faculty_program_name,Analis Kesehatan,,,Dengan Pujian,Sekolah Vokasi/D3 Akuntansi
UHN,0,3,institution + program + graduation_predicate + faculty_program_name,Analis Kesehatan,,,Dengan Pujian,Sekolah Vokasi/D3 Desain Komunikasi Visual
UHN,0,6,institution + program + graduation_predicate + faculty_program_name,Analis Kesehatan,,,Dengan Pujian,Sekolah Vokasi/D3 Farmasi
UHN,0,3,institution + program + graduation_predicate + faculty_program_name,Analis Kesehatan,,,Dengan Pujian,Sekolah Vokasi/D3 Kebidanan
UHN,0,4,institution + program + graduation_predicate + faculty_program_name,Analis Kesehatan,,,Dengan Pujian,Sekolah Vokasi/D3 Keperawatan
UHN,0,2,institution + program + graduation_predicate + faculty_program_name,Analis Kesehatan,,,Dengan Pujian,Sekolah Vokasi/D3 Perhotelan
UHN,0,4,institution + program + graduation_predicate + faculty_program_name,Analis Kesehatan,,,Dengan Pujian,Sekolah Vokasi/D3 Teknik Elektronika
UHN,0,18,institution + program + graduation_predicate + faculty_program_name,Analis Kesehatan,,,Dengan Pujian,Sekolah Vokasi/D3 Teknik Komputer
UHN,0,7,institution + program + graduation_predicate + faculty_program_name,Analis Kesehatan,,,Dengan Pujian,Sekolah Vokasi/D3 Teknik Mesin
UHN,0,9,institution + program + graduation_predicate + faculty_program_name,Analis Kesehatan,,,Dengan Pujian,Sekolah Vokasi/D4 Teknik Informatika
UHN,0,2,institution + program + graduation_predicate + faculty_program_name,Analis Kesehatan,,,Sangat Memuaskan,Fakultas Sains dan Teknologi/S1 Teknik Informatika
UHN,0,2,institution + program + graduation_predicate + faculty_program_name,Analis Kesehatan,,,Sangat Memuaskan,Sekolah Vokasi/D3 Akuntansi
UHN,0,6,institution + program + graduation_predicate + faculty_program_name,Analis Kesehatan,,,Sangat Memuaskan,Sekolah Vokasi/D3 Desain Komunikasi Visual
UHN,0,13,institution + program + graduation_predicate + faculty_program_name,Analis Kesehatan,,,Sangat Memuaskan,Sekolah Vokasi/D3 Farmasi
UHN,0,1,institution + program + graduation_predicate + faculty_program_name,Analis Kesehatan,,,Sangat Memuaskan,Sekolah Vokasi/D3 Kebidanan
UHN,0,3,institution + program + graduation_predicate + faculty_program_name,Analis Kesehatan,,,Sangat Memuaskan,Sekolah Vokasi/D3 Keperawatan
UHN,0,2,institution + program + graduation_predicate + faculty_program_name,Analis Kesehatan,,,Sangat Memuaskan,Sekolah Vokasi/D3 Teknik Elektronika
UHN,0,6,institution + program + graduation_predicate + faculty_program_name,Analis Kesehatan,,,Sangat Memuaskan,Sekolah Vokasi/D3 Teknik Komputer
UHN,0,2,institution + program + graduation_predicate + faculty_program_name,Analis Kesehatan,,,Sangat Memuaskan,Sekolah Vokasi/D3 Teknik Mesin
UHN,0,1,institution + program + graduation_predicate + faculty_program_name,Analis Kesehatan,,,Sangat Memuaskan,Sekolah Vokasi/D4 Akuntansi Sektor Publik
UHN,0,3,institution + program + graduation_predicate + faculty_program_name,Analis Kesehatan,,,Sangat Memuaskan,Sekolah Vokasi/D4 Teknik Informatika
UHN,0,5,institution + program + graduation_predicate + faculty_program_name,Desain Komunikasi Visual,,,Dengan Pujian,Sekolah Vokasi/D3 Desain Komunikasi Visual
UHN,1,12,institution + program + graduation_predicate + faculty_program_name,Desain Komunikasi Visual,,,Dengan Pujian,Sekolah Vokasi/D3 Desain Komunikasi Visual
UHN,0,2,institution + program + graduation_predicate + faculty_program_name,Desain Komunikasi Visual,,,Memuaskan,Sekolah Vokasi/D3 Desain Komunikasi Visual
UHN,1,2,institution + program + graduation_predicate + faculty_program_name,Desain Komunikasi Visual,,,Memuaskan,Sekolah Vokasi/D3 Desain Komunikasi Visual
UHN,0,26,institution + program + graduation_predicate + faculty_program_name,Desain Komunikasi Visual,,,Sangat Memuaskan,Sekolah Vokasi/D3 Desain Komunikasi Visual
UHN,1,36,institution + program + graduation_predicate + faculty_program_name,Desain Komunikasi Visual,,,Sangat Memuaskan,Sekolah Vokasi/D3 Desain Komunikasi Visual
UHN,0,32,institution + program + graduation_predicate + faculty_program_name,Farmasi,,,Dengan Pujian,Sekolah Vokasi/D3 Farmasi
UHN,1,47,institution + program + graduation_predicate + faculty_program_name,Farmasi,,,Dengan Pujian,Sekolah Vokasi/D3 Farmasi
UHN,0,52,institution + program + graduation_predicate + faculty_program_name,Farmasi,,,Sangat Memuaskan,Sekolah Vokasi/D3 Farmasi
UHN,1,80,institution + program + graduation_predicate + faculty_program_name,Farmasi,,,Sangat Memuaskan,Sekolah Vokasi/D3 Farmasi
UHN,0,6,institution + program + graduation_predicate + faculty_program_name,Kebidanan,,,Dengan Pujian,Sekolah Vokasi/D3 Kebidanan
UHN,1,9,institution + program + graduation_predicate + faculty_program_name,Kebidanan,,,Dengan Pujian,Sekolah Vokasi/D3 Kebidanan
UHN,0,3,institution + program + graduation_predicate + faculty_program_name,Kebidanan,,,Sangat Memuaskan,Sekolah Vokasi/D3 Kebidanan
UHN,1,5,institution + program + graduation_predicate + faculty_program_name,Kebidanan,,,Sangat Memuaskan,Sekolah Vokasi/D3 Kebidanan
UHN,0,20,institution + program + graduation_predicate + faculty_program_name,Keperawatan,,,Dengan Pujian,Sekolah Vokasi/D3 Keperawatan
UHN,1,29,institution + program + graduation_predicate + faculty_program_name,Keperawatan,,,Dengan Pujian,Sekolah Vokasi/D3 Keperawatan
UHN,0,11,institution + program + graduation_predicate + faculty_program_name,Keperawatan,,,Sangat Memuaskan,Sekolah Vokasi/D3 Keperawatan
UHN,1,17,institution + program + graduation_predicate + faculty_program_name,Keperawatan,,,Sangat Memuaskan,Sekolah Vokasi/D3 Keperawatan
UHN,0,4,institution + program + graduation_predicate + faculty_program_name,Manajemen Informatika,,,Dengan Pujian,Fakultas Sains dan Teknologi/S1 Teknik Informatika
UHN,0,15,institution + program + graduation_predicate + faculty_program_name,Manajemen Informatika,,,Dengan Pujian,Sekolah Vokasi/D3 Akuntansi
UHN,0,4,institution + program + graduation_predicate + faculty_program_name,Manajemen Informatika,,,Dengan Pujian,Sekolah Vokasi/D3 Desain Komunikasi Visual
UHN,0,9,institution + program + graduation_predicate + faculty_program_name,Manajemen Informatika,,,Dengan Pujian,Sekolah Vokasi/D3 Farmasi
UHN,0,5,institution + program + graduation_predicate + faculty_program_name,Manajemen Informatika,,,Dengan Pujian,Sekolah Vokasi/D3 Keperawatan
UHN,0,1,institution + program + graduation_predicate + faculty_program_name,Manajemen Informatika,,,Dengan Pujian,Sekolah Vokasi/D3 Perhotelan
UHN,0,1,institution + program + graduation_predicate + faculty_program_name,Manajemen Informatika,,,Dengan Pujian,Sekolah Vokasi/D3 Teknik Elektronika
UHN,0,17,institution + program + graduation_predicate + faculty_program_name,Manajemen Informatika,,,Dengan Pujian,Sekolah Vokasi/D3 Teknik Komputer
UHN,0,3,institution + program + graduation_predicate + faculty_program_name,Manajemen Informatika,,,Dengan Pujian,Sekolah Vokasi/D3 Teknik Mesin
UHN,0,3,institution + program + graduation_predicate + faculty_program_name,Manajemen Informatika,,,Dengan Pujian,Sekolah Vokasi/D4 Akuntansi Sektor Publik
UHN,0,11,institution + program + graduation_predicate + faculty_program_name,Manajemen Informatika,,,Dengan Pujian,Sekolah Vokasi/D4 Teknik Informatika
UHN,0,3,institution + program + graduation_predicate + faculty_program_name,Manajemen Informatika,,,Sangat Memuaskan,Sekolah Vokasi/D3 Akuntansi
UHN,0,4,institution + program + graduation_predicate + faculty_program_name,Manajemen Informatika,,,Sangat Memuaskan,Sekolah Vokasi/D3 Desain Komunikasi Visual
UHN,0,15,institution + program + graduation_predicate + faculty_program_name,Manajemen Informatika,,,Sangat Memuaskan,Sekolah Vokasi/D3 Farmasi
UHN,0,1,institution + program + graduation_predicate + faculty_program_name,Manajemen Informatika,,,Sangat Memuaskan,Sekolah Vokasi/D3 Kebidanan
UHN,0,3,institution + program + graduation_predicate + faculty_program_name,Manajemen Informatika,,,Sangat Memuaskan,Sekolah Vokasi/D3 Keperawatan
UHN,0,11,institution + program + graduation_predicate + faculty_program_name,Manajemen Informatika,,,Sangat Memuaskan,Sekolah Vokasi/D3 Teknik Komputer
UHN,0,4,institution + program + graduation_predicate + faculty_program_name,Manajemen Informatika,,,Sangat Memuaskan,Sekolah Vokasi/D3 Teknik Mesin
UHN,0,4,institution + program + graduation_predicate + faculty_program_name,Manajemen Informatika,,,Sangat Memuaskan,Sekolah Vokasi/D4 Teknik Informatika
UHN,0,2,institution + program + graduation_predicate + faculty_program_name,Perhotelan,,,Dengan Pujian,Sekolah Vokasi/D3 Perhotelan
UHN,1,5,institution + program + graduation_predicate + faculty_program_name,Perhotelan,,,Dengan Pujian,Sekolah Vokasi/D3 Perhotelan
UHN,0,5,institution + program + graduation_predicate + faculty_program_name,Perhotelan,,,Sangat Memuaskan,Sekolah Vokasi/D3 Perhotelan
UHN,1,5,institution + program + graduation_predicate + faculty_program_name,Perhotelan,,,Sangat Memuaskan,Sekolah Vokasi/D3 Perhotelan
UHN,0,4,institution + program + graduation_predicate + faculty_program_name,Sistem Informasi,,,Dengan Pujian,Fakultas Sains dan Teknologi/S1 Sistem Informasi
UHN,1,6,institution + program + graduation_predicate + faculty_program_name,Sistem Informasi,,,Dengan Pujian,Fakultas Sains dan Teknologi/S1 Sistem Informasi
UHN,0,1,institution + program + graduation_predicate + faculty_program_name,Sistem Informasi,,,Sangat Memuaskan,Fakultas Sains dan Teknologi/S1 Sistem Informasi
UHN,1,1,institution + program + graduation_predicate + faculty_program_name,Sistem Informasi,,,Sangat Memuaskan,Fakultas Sains dan Teknologi/S1 Sistem Informasi
UHN,0,8,institution + program + graduation_predicate + faculty_program_name,Teknik Elektronika,,,Dengan Pujian,Sekolah Vokasi/D3 Teknik Elektronika
UHN,1,13,institution + program + graduation_predicate + faculty_program_name,Teknik Elektronika,,,Dengan Pujian,Sekolah Vokasi/D3 Teknik Elektronika
UHN,0,6,institution + program + graduation_predicate + faculty_program_name,Teknik Elektronika,,,Sangat Memuaskan,Sekolah Vokasi/D3 Teknik Elektronika
UHN,1,8,institution + program + graduation_predicate + faculty_program_name,Teknik Elektronika,,,Sangat Memuaskan,Sekolah Vokasi/D3 Teknik Elektronika
UHN,0,19,institution + program + graduation_predicate + faculty_program_name,Teknik Informatika,,,Dengan Pujian,Fakultas Sains dan Teknologi/S1 Teknik Informatika
UHN,1,29,institution + program + graduation_predicate + faculty_program_name,Teknik Informatika,,,Dengan Pujian,Fakultas Sains dan Teknologi/S1 Teknik Informatika
UHN,0,29,institution + program + graduation_predicate + faculty_program_name,Teknik Informatika,,,Dengan Pujian,Sekolah Vokasi/D4 Teknik Informatika
UHN,1,49,institution + program + graduation_predicate + faculty_program_name,Teknik Informatika,,,Dengan Pujian,Sekolah Vokasi/D4 Teknik Informatika
UHN,0,1,institution + program + graduation_predicate + faculty_program_name,Teknik Informatika,,,Memuaskan,Sekolah Vokasi/D4 Teknik Informatika
UHN,1,1,institution + program + graduation_predicate + faculty_program_name,Teknik Informatika,,,Memuaskan,Sekolah Vokasi/D4 Teknik Informatika
UHN,0,5,institution + program + graduation_predicate + faculty_program_name,Teknik Informatika,,,Sangat Memuaskan,Fakultas Sains dan Teknologi/S1 Teknik Informatika
UHN,1,7,institution + program + graduation_predicate + faculty_program_name,Teknik Informatika,,,Sangat Memuaskan,Fakultas Sains dan Teknologi/S1 Teknik Informatika
UHN,0,25,institution + program + graduation_predicate + faculty_program_name,Teknik Informatika,,,Sangat Memuaskan,Sekolah Vokasi/D4 Teknik Informatika
UHN,1,32,institution + program + graduation_predicate + faculty_program_name,Teknik Informatika,,,Sangat Memuaskan,Sekolah Vokasi/D4 Teknik Informatika
UHN,0,76,institution + program + graduation_predicate + faculty_program_name,Teknik Komputer,,,Dengan Pujian,Sekolah Vokasi/D3 Teknik Komputer
UHN,1,111,institution + program + graduation_predicate + faculty_program_name,Teknik Komputer,,,Dengan Pujian,Sekolah Vokasi/D3 Teknik Komputer
UHN,0,28,institution + program + graduation_predicate + faculty_program_name,Teknik Komputer,,,Sangat Memuaskan,Sekolah Vokasi/D3 Teknik Komputer
UHN,1,45,institution + program + graduation_predicate + faculty_program_name,Teknik Komputer,,,Sangat Memuaskan,Sekolah Vokasi/D3 Teknik Komputer
UHN,0,14,institution + program + graduation_predicate + faculty_program_name,Teknik Mesin,,,Dengan Pujian,Sekolah Vokasi/D3 Teknik Mesin
UHN,1,24,institution + program + graduation_predicate + faculty_program_name,Teknik Mesin,,,Dengan Pujian,Sekolah Vokasi/D3 Teknik Mesin
UHN,0,17,institution + program + graduation_predicate + faculty_program_name,Teknik Mesin,,,Sangat Memuaskan,Sekolah Vokasi/D3 Teknik Mesin
UHN,1,23,institution + program + graduation_predicate + faculty_program_name,Teknik Mesin,,,Sangat Memuaskan,Sekolah Vokasi/D3 Teknik Mesin
PMKM,0,39,institution + education_level + accreditation_status + graduation_predicate,,Diploma 3,Baik,__MISSING__,
PMKM,1,116,institution + education_level + accreditation_status + graduation_predicate,,Diploma 3,Baik,__MISSING__,
PMKM,0,21,institution + education_level + accreditation_status + graduation_predicate,,Diploma 3,Baik Sekali,__MISSING__,
PMKM,0,18,institution + education_level + accreditation_status + graduation_predicate,,Diploma 3,Terakreditasi,__MISSING__,
PMKM,0,9,institution + education_level + accreditation_status + graduation_predicate,,Diploma Tiga,Baik,__MISSING__,
PMKM,0,16,institution + education_level + accreditation_status + graduation_predicate,,Sarjana,Baik,__MISSING__,
PMKM,0,13,institution + education_level + accreditation_status + graduation_predicate,,Sarjana Terapan,Baik,__MISSING__,
UHN,0,10,institution + education_level + accreditation_status + graduation_predicate,,Diploma 3,Baik,Dengan Pujian,
UHN,0,14,institution + education_level + accreditation_status + graduation_predicate,,Diploma 3,Baik,Sangat Memuaskan,
UHN,0,39,institution + education_level + accreditation_status + graduation_predicate,,Diploma 3,Baik Sekali,Dengan Pujian,
UHN,0,32,institution + education_level + accreditation_status + graduation_predicate,,Diploma 3,Baik Sekali,Sangat Memuaskan,
UHN,0,88,institution + education_level + accreditation_status + graduation_predicate,,Diploma Tiga,Baik,Dengan Pujian,
UHN,1,46,institution + education_level + accreditation_status + graduation_predicate,,Diploma Tiga,Baik,Dengan Pujian,
UHN,1,2,institution + education_level + accreditation_status + graduation_predicate,,Diploma Tiga,Baik,Memuaskan,
UHN,0,42,institution + education_level + accreditation_status + graduation_predicate,,Diploma Tiga,Baik,Sangat Memuaskan,
UHN,1,58,institution + education_level + accreditation_status + graduation_predicate,,Diploma Tiga,Baik,Sangat Memuaskan,
UHN,0,117,institution + education_level + accreditation_status + graduation_predicate,,Diploma Tiga,Baik Sekali,Dengan Pujian,
UHN,1,300,institution + education_level + accreditation_status + graduation_predicate,,Diploma Tiga,Baik Sekali,Dengan Pujian,
UHN,0,1,institution + education_level + accreditation_status + graduation_predicate,,Diploma Tiga,Baik Sekali,Memuaskan,
UHN,0,78,institution + education_level + accreditation_status + graduation_predicate,,Diploma Tiga,Baik Sekali,Sangat Memuaskan,
UHN,1,181,institution + education_level + accreditation_status + graduation_predicate,,Diploma Tiga,Baik Sekali,Sangat Memuaskan,
UHN,0,53,institution + education_level + accreditation_status + graduation_predicate,,Diploma Tiga,Terakreditasi,Dengan Pujian,
UHN,1,13,institution + education_level + accreditation_status + graduation_predicate,,Diploma Tiga,Terakreditasi,Dengan Pujian,
UHN,0,2,institution + education_level + accreditation_status + graduation_predicate,,Diploma Tiga,Terakreditasi,Memuaskan,
UHN,0,46,institution + education_level + accreditation_status + graduation_predicate,,Diploma Tiga,Terakreditasi,Sangat Memuaskan,
UHN,1,8,institution + education_level + accreditation_status + graduation_predicate,,Diploma Tiga,Terakreditasi,Sangat Memuaskan,
UHN,0,21,institution + education_level + accreditation_status + graduation_predicate,,Sarjana,Baik,Dengan Pujian,
UHN,1,35,institution + education_level + accreditation_status + graduation_predicate,,Sarjana,Baik,Dengan Pujian,
UHN,0,8,institution + education_level + accreditation_status + graduation_predicate,,Sarjana,Baik,Sangat Memuaskan,
UHN,1,8,institution + education_level + accreditation_status + graduation_predicate,,Sarjana,Baik,Sangat Memuaskan,
UHN,0,30,institution + education_level + accreditation_status + graduation_predicate,,Sarjana,Baik Sekali,Dengan Pujian,
UHN,0,20,institution + education_level + accreditation_status + graduation_predicate,,Sarjana,Baik Sekali,Sangat Memuaskan,
UHN,0,11,institution + education_level + accreditation_status + graduation_predicate,,Sarjana,Terakreditasi,Dengan Pujian,
UHN,0,3,institution + education_level + accreditation_status + graduation_predicate,,Sarjana,Terakreditasi,Sangat Memuaskan,
UHN,0,14,institution + education_level + accreditation_status + graduation_predicate,,Sarjana Terapan,Baik,Dengan Pujian,
UHN,1,10,institution + education_level + accreditation_status + graduation_predicate,,Sarjana Terapan,Baik,Dengan Pujian,
UHN,0,10,institution + education_level + accreditation_status + graduation_predicate,,Sarjana Terapan,Baik,Sangat Memuaskan,
UHN,1,3,institution + education_level + accreditation_status + graduation_predicate,,Sarjana Terapan,Baik,Sangat Memuaskan,
UHN,0,59,institution + education_level + accreditation_status + graduation_predicate,,Sarjana Terapan,Baik Sekali,Dengan Pujian,
UHN,1,49,institution + education_level + accreditation_status + graduation_predicate,,Sarjana Terapan,Baik Sekali,Dengan Pujian,
UHN,1,1,institution + education_level + accreditation_status + graduation_predicate,,Sarjana Terapan,Baik Sekali,Memuaskan,
UHN,0,28,institution + education_level + accreditation_status + graduation_predicate,,Sarjana Terapan,Baik Sekali,Sangat Memuaskan,
UHN,1,32,institution + education_level + accreditation_status + graduation_predicate,,Sarjana Terapan,Baik Sekali,Sangat Memuaskan,
UHN,0,11,institution + education_level + accreditation_status + graduation_predicate,,Sarjana Terapan,Terakreditasi,Dengan Pujian,
UHN,0,9,institution + education_level + accreditation_status + graduation_predicate,,Sarjana Terapan,Terakreditasi,Sangat Memuaskan,
PMKM,0,39,institution + education_level + accreditation_status + faculty_program_name,,Diploma 3,Baik,,__MISSING__
PMKM,1,116,institution + education_level + accreditation_status + faculty_program_name,,Diploma 3,Baik,,__MISSING__
PMKM,0,21,institution + education_level + accreditation_status + faculty_program_name,,Diploma 3,Baik Sekali,,__MISSING__
PMKM,0,18,institution + education_level + accreditation_status + faculty_program_name,,Diploma 3,Terakreditasi,,__MISSING__
PMKM,0,9,institution + education_level + accreditation_status + faculty_program_name,,Diploma Tiga,Baik,,__MISSING__
PMKM,0,16,institution + education_level + accreditation_status + faculty_program_name,,Sarjana,Baik,,__MISSING__
PMKM,0,13,institution + education_level + accreditation_status + faculty_program_name,,Sarjana Terapan,Baik,,__MISSING__
UHN,0,2,institution + education_level + accreditation_status + faculty_program_name,,Diploma 3,Baik,,Fakultas Sains dan Teknologi/S1 Sistem Informasi
UHN,0,6,institution + education_level + accreditation_status + faculty_program_name,,Diploma 3,Baik,,Fakultas Sains dan Teknologi/S1 Teknik Informatika
UHN,0,10,institution + education_level + accreditation_status + faculty_program_name,,Diploma 3,Baik,,Sekolah Vokasi/D3 Desain Komunikasi Visual
UHN,0,3,institution + education_level + accreditation_status + faculty_program_name,,Diploma 3,Baik,,Sekolah Vokasi/D3 Keperawatan
UHN,0,2,institution + education_level + accreditation_status + faculty_program_name,,Diploma 3,Baik,,Sekolah Vokasi/D3 Perhotelan
UHN,0,1,institution + education_level + accreditation_status + faculty_program_name,,Diploma 3,Baik,,Sekolah Vokasi/D4 Akuntansi Sektor Publik
UHN,0,14,institution + education_level + accreditation_status + faculty_program_name,,Diploma 3,Baik Sekali,,Sekolah Vokasi/D3 Akuntansi
UHN,0,19,institution + education_level + accreditation_status + faculty_program_name,,Diploma 3,Baik Sekali,,Sekolah Vokasi/D3 Farmasi
UHN,0,2,institution + education_level + accreditation_status + faculty_program_name,,Diploma 3,Baik Sekali,,Sekolah Vokasi/D3 Kebidanan
UHN,0,15,institution + education_level + accreditation_status + faculty_program_name,,Diploma 3,Baik Sekali,,Sekolah Vokasi/D3 Teknik Komputer
UHN,0,6,institution + education_level + accreditation_status + faculty_program_name,,Diploma 3,Baik Sekali,,Sekolah Vokasi/D3 Teknik Mesin
UHN,0,15,institution + education_level + accreditation_status + faculty_program_name,,Diploma 3,Baik Sekali,,Sekolah Vokasi/D4 Teknik Informatika
UHN,0,1,institution + education_level + accreditation_status + faculty_program_name,,Diploma Tiga,Baik,,Fakultas Sains dan Teknologi/S1 Sistem Informasi
UHN,0,6,institution + education_level + accreditation_status + faculty_program_name,,Diploma Tiga,Baik,,Fakultas Sains dan Teknologi/S1 Teknik Informatika
UHN,0,29,institution + education_level + accreditation_status + faculty_program_name,,Diploma Tiga,Baik,,Sekolah Vokasi/D3 Akuntansi
UHN,0,17,institution + education_level + accreditation_status + faculty_program_name,,Diploma Tiga,Baik,,Sekolah Vokasi/D3 Desain Komunikasi Visual
UHN,1,50,institution + education_level + accreditation_status + faculty_program_name,,Diploma Tiga,Baik,,Sekolah Vokasi/D3 Desain Komunikasi Visual
UHN,0,19,institution + education_level + accreditation_status + faculty_program_name,,Diploma Tiga,Baik,,Sekolah Vokasi/D3 Farmasi
UHN,0,3,institution + education_level + accreditation_status + faculty_program_name,,Diploma Tiga,Baik,,Sekolah Vokasi/D3 Kebidanan
UHN,0,15,institution + education_level + accreditation_status + faculty_program_name,,Diploma Tiga,Baik,,Sekolah Vokasi/D3 Keperawatan
UHN,1,46,institution + education_level + accreditation_status + faculty_program_name,,Diploma Tiga,Baik,,Sekolah Vokasi/D3 Keperawatan
UHN,0,3,institution + education_level + accreditation_status + faculty_program_name,,Diploma Tiga,Baik,,Sekolah Vokasi/D3 Perhotelan
UHN,1,10,institution + education_level + accreditation_status + faculty_program_name,,Diploma Tiga,Baik,,Sekolah Vokasi/D3 Perhotelan
UHN,0,4,institution + education_level + accreditation_status + faculty_program_name,,Diploma Tiga,Baik,,Sekolah Vokasi/D3 Teknik Elektronika
UHN,0,26,institution + education_level + accreditation_status + faculty_program_name,,Diploma Tiga,Baik,,Sekolah Vokasi/D3 Teknik Komputer
UHN,0,6,institution + education_level + accreditation_status + faculty_program_name,,Diploma Tiga,Baik,,Sekolah Vokasi/D3 Teknik Mesin
UHN,0,1,institution + education_level + accreditation_status + faculty_program_name,,Diploma Tiga,Baik,,Sekolah Vokasi/D4 Akuntansi Sektor Publik
UHN,0,45,institution + education_level + accreditation_status + faculty_program_name,,Diploma Tiga,Baik Sekali,,Sekolah Vokasi/D3 Akuntansi
UHN,1,137,institution + education_level + accreditation_status + faculty_program_name,,Diploma Tiga,Baik Sekali,,Sekolah Vokasi/D3 Akuntansi
UHN,0,8,institution + education_level + accreditation_status + faculty_program_name,,Diploma Tiga,Baik Sekali,,Sekolah Vokasi/D3 Desain Komunikasi Visual
UHN,0,43,institution + education_level + accreditation_status + faculty_program_name,,Diploma Tiga,Baik Sekali,,Sekolah Vokasi/D3 Farmasi
UHN,1,127,institution + education_level + accreditation_status + faculty_program_name,,Diploma Tiga,Baik Sekali,,Sekolah Vokasi/D3 Farmasi
UHN,0,5,institution + education_level + accreditation_status + faculty_program_name,,Diploma Tiga,Baik Sekali,,Sekolah Vokasi/D3 Kebidanan
UHN,1,14,institution + education_level + accreditation_status + faculty_program_name,,Diploma Tiga,Baik Sekali,,Sekolah Vokasi/D3 Kebidanan
UHN,0,10,institution + education_level + accreditation_status + faculty_program_name,,Diploma Tiga,Baik Sekali,,Sekolah Vokasi/D3 Keperawatan
UHN,0,1,institution + education_level + accreditation_status + faculty_program_name,,Diploma Tiga,Baik Sekali,,Sekolah Vokasi/D3 Perhotelan
UHN,0,3,institution + education_level + accreditation_status + faculty_program_name,,Diploma Tiga,Baik Sekali,,Sekolah Vokasi/D3 Teknik Elektronika
UHN,0,52,institution + education_level + accreditation_status + faculty_program_name,,Diploma Tiga,Baik Sekali,,Sekolah Vokasi/D3 Teknik Komputer
UHN,1,156,institution + education_level + accreditation_status + faculty_program_name,,Diploma Tiga,Baik Sekali,,Sekolah Vokasi/D3 Teknik Komputer
UHN,0,16,institution + education_level + accreditation_status + faculty_program_name,,Diploma Tiga,Baik Sekali,,Sekolah Vokasi/D3 Teknik Mesin
UHN,1,47,institution + education_level + accreditation_status + faculty_program_name,,Diploma Tiga,Baik Sekali,,Sekolah Vokasi/D3 Teknik Mesin
UHN,0,13,institution + education_level + accreditation_status + faculty_program_name,,Diploma Tiga,Baik Sekali,,Sekolah Vokasi/D4 Teknik Informatika
UHN,0,17,institution + education_level + accreditation_status + faculty_program_name,,Diploma Tiga,Terakreditasi,,Sekolah Vokasi/D3 Akuntansi
UHN,0,9,institution + education_level + accreditation_status + faculty_program_name,,Diploma Tiga,Terakreditasi,,Sekolah Vokasi/D3 Desain Komunikasi Visual
UHN,0,23,institution + education_level + accreditation_status + faculty_program_name,,Diploma Tiga,Terakreditasi,,Sekolah Vokasi/D3 Farmasi
UHN,0,1,institution + education_level + accreditation_status + faculty_program_name,,Diploma Tiga,Terakreditasi,,Sekolah Vokasi/D3 Kebidanan
UHN,0,6,institution + education_level + accreditation_status + faculty_program_name,,Diploma Tiga,Terakreditasi,,Sekolah Vokasi/D3 Keperawatan
UHN,0,2,institution + education_level + accreditation_status + faculty_program_name,,Diploma Tiga,Terakreditasi,,Sekolah Vokasi/D3 Perhotelan
UHN,0,7,institution + education_level + accreditation_status + faculty_program_name,,Diploma Tiga,Terakreditasi,,Sekolah Vokasi/D3 Teknik Elektronika
UHN,1,21,institution + education_level + accreditation_status + faculty_program_name,,Diploma Tiga,Terakreditasi,,Sekolah Vokasi/D3 Teknik Elektronika
UHN,0,26,institution + education_level + accreditation_status + faculty_program_name,,Diploma Tiga,Terakreditasi,,Sekolah Vokasi/D3 Teknik Komputer
UHN,0,10,institution + education_level + accreditation_status + faculty_program_name,,Diploma Tiga,Terakreditasi,,Sekolah Vokasi/D3 Teknik Mesin
UHN,0,2,institution + education_level + accreditation_status + faculty_program_name,,Sarjana,Baik,,Fakultas Sains dan Teknologi/S1 Sistem Informasi
UHN,1,7,institution + education_level + accreditation_status + faculty_program_name,,Sarjana,Baik,,Fakultas Sains dan Teknologi/S1 Sistem Informasi
UHN,0,12,institution + education_level + accreditation_status + faculty_program_name,,Sarjana,Baik,,Fakultas Sains dan Teknologi/S1 Teknik Informatika
UHN,1,36,institution + education_level + accreditation_status + faculty_program_name,,Sarjana,Baik,,Fakultas Sains dan Teknologi/S1 Teknik Informatika
UHN,0,3,institution + education_level + accreditation_status + faculty_program_name,,Sarjana,Baik,,Sekolah Vokasi/D3 Desain Komunikasi Visual
UHN,0,9,institution + education_level + accreditation_status + faculty_program_name,,Sarjana,Baik,,Sekolah Vokasi/D3 Keperawatan
UHN,0,1,institution + education_level + accreditation_status + faculty_program_name,,Sarjana,Baik,,Sekolah Vokasi/D3 Perhotelan
UHN,0,2,institution + education_level + accreditation_status + faculty_program_name,,Sarjana,Baik,,Sekolah Vokasi/D4 Akuntansi Sektor Publik
UHN,0,1,institution + education_level + accreditation_status + faculty_program_name,,Sarjana,Baik Sekali,,Fakultas Sains dan Teknologi/S1 Sistem Informasi
UHN,0,3,institution + education_level + accreditation_status + faculty_program_name,,Sarjana,Baik Sekali,,Fakultas Sains dan Teknologi/S1 Teknik Informatika
UHN,0,15,institution + education_level + accreditation_status + faculty_program_name,,Sarjana,Baik Sekali,,Sekolah Vokasi/D3 Akuntansi
UHN,0,11,institution + education_level + accreditation_status + faculty_program_name,,Sarjana,Baik Sekali,,Sekolah Vokasi/D3 Farmasi
UHN,0,2,institution + education_level + accreditation_status + faculty_program_name,,Sarjana,Baik Sekali,,Sekolah Vokasi/D3 Kebidanan
UHN,0,12,institution + education_level + accreditation_status + faculty_program_name,,Sarjana,Baik Sekali,,Sekolah Vokasi/D3 Teknik Komputer
UHN,0,6,institution + education_level + accreditation_status + faculty_program_name,,Sarjana,Baik Sekali,,Sekolah Vokasi/D3 Teknik Mesin
UHN,0,1,institution + education_level + accreditation_status + faculty_program_name,,Sarjana,Terakreditasi,,Fakultas Sains dan Teknologi/S1 Sistem Informasi
UHN,0,9,institution + education_level + accreditation_status + faculty_program_name,,Sarjana,Terakreditasi,,Fakultas Sains dan Teknologi/S1 Teknik Informatika
UHN,0,4,institution + education_level + accreditation_status + faculty_program_name,,Sarjana,Terakreditasi,,Sekolah Vokasi/D3 Teknik Elektronika
UHN,0,3,institution + education_level + accreditation_status + faculty_program_name,,Sarjana Terapan,Baik,,Sekolah Vokasi/D3 Desain Komunikasi Visual
UHN,0,3,institution + education_level + accreditation_status + faculty_program_name,,Sarjana Terapan,Baik,,Sekolah Vokasi/D3 Keperawatan
UHN,0,1,institution + education_level + accreditation_status + faculty_program_name,,Sarjana Terapan,Baik,,Sekolah Vokasi/D3 Perhotelan
UHN,0,4,institution + education_level + accreditation_status + faculty_program_name,,Sarjana Terapan,Baik,,Sekolah Vokasi/D4 Akuntansi Sektor Publik
UHN,1,13,institution + education_level + accreditation_status + faculty_program_name,,Sarjana Terapan,Baik,,Sekolah Vokasi/D4 Akuntansi Sektor Publik
UHN,0,13,institution + education_level + accreditation_status + faculty_program_name,,Sarjana Terapan,Baik,,Sekolah Vokasi/D4 Teknik Informatika
UHN,0,17,institution + education_level + accreditation_status + faculty_program_name,,Sarjana Terapan,Baik Sekali,,Sekolah Vokasi/D3 Akuntansi
UHN,0,12,institution + education_level + accreditation_status + faculty_program_name,,Sarjana Terapan,Baik Sekali,,Sekolah Vokasi/D3 Farmasi
UHN,0,1,institution + education_level + accreditation_status + faculty_program_name,,Sarjana Terapan,Baik Sekali,,Sekolah Vokasi/D3 Kebidanan
UHN,0,25,institution + education_level + accreditation_status + faculty_program_name,,Sarjana Terapan,Baik Sekali,,Sekolah Vokasi/D3 Teknik Komputer
UHN,0,3,institution + education_level + accreditation_status + faculty_program_name,,Sarjana Terapan,Baik Sekali,,Sekolah Vokasi/D3 Teknik Mesin
UHN,0,2,institution + education_level + accreditation_status + faculty_program_name,,Sarjana Terapan,Baik Sekali,,Sekolah Vokasi/D4 Akuntansi Sektor Publik
UHN,0,27,institution + education_level + accreditation_status + faculty_program_name,,Sarjana Terapan,Baik Sekali,,Sekolah Vokasi/D4 Teknik Informatika
UHN,1,82,institution + education_level + accreditation_status + faculty_program_name,,Sarjana Terapan,Baik Sekali,,Sekolah Vokasi/D4 Teknik Informatika
UHN,0,3,institution + education_level + accreditation_status + faculty_program_name,,Sarjana Terapan,Terakreditasi,,Sekolah Vokasi/D3 Teknik Elektronika
UHN,0,3,institution + education_level + accreditation_status + faculty_program_name,,Sarjana Terapan,Terakreditasi,,Sekolah Vokasi/D4 Akuntansi Sektor Publik
UHN,0,14,institution + education_level + accreditation_status + faculty_program_name,,Sarjana Terapan,Terakreditasi,,Sekolah Vokasi/D4 Teknik Informatika
PMKM,0,78,institution + education_level + graduation_predicate + faculty_program_name,,Diploma 3,,__MISSING__,__MISSING__
PMKM,1,116,institution + education_level + graduation_predicate + faculty_program_name,,Diploma 3,,__MISSING__,__MISSING__
PMKM,0,9,institution + education_level + graduation_predicate + faculty_program_name,,Diploma Tiga,,__MISSING__,__MISSING__
PMKM,0,16,institution + education_level + graduation_predicate + faculty_program_name,,Sarjana,,__MISSING__,__MISSING__
PMKM,0,13,institution + education_level + graduation_predicate + faculty_program_name,,Sarjana Terapan,,__MISSING__,__MISSING__
UHN,0,2,institution + education_level + graduation_predicate + faculty_program_name,,Diploma 3,,Dengan Pujian,Fakultas Sains dan Teknologi/S1 Sistem Informasi
UHN,0,4,institution + education_level + graduation_predicate + faculty_program_name,,Diploma 3,,Dengan Pujian,Fakultas Sains dan Teknologi/S1 Teknik Informatika
UHN,0,11,institution + education_level + graduation_predicate + faculty_program_name,,Diploma 3,,Dengan Pujian,Sekolah Vokasi/D3 Akuntansi
UHN,0,1,institution + education_level + graduation_predicate + faculty_program_name,,Diploma 3,,Dengan Pujian,Sekolah Vokasi/D3 Desain Komunikasi Visual
UHN,0,6,institution + education_level + graduation_predicate + faculty_program_name,,Diploma 3,,Dengan Pujian,Sekolah Vokasi/D3 Farmasi
UHN,0,1,institution + education_level + graduation_predicate + faculty_program_name,,Diploma 3,,Dengan Pujian,Sekolah Vokasi/D3 Kebidanan
UHN,0,1,institution + education_level + graduation_predicate + faculty_program_name,,Diploma 3,,Dengan Pujian,Sekolah Vokasi/D3 Keperawatan
UHN,0,1,institution + education_level + graduation_predicate + faculty_program_name,,Diploma 3,,Dengan Pujian,Sekolah Vokasi/D3 Perhotelan
UHN,0,13,institution + education_level + graduation_predicate + faculty_program_name,,Diploma 3,,Dengan Pujian,Sekolah Vokasi/D3 Teknik Komputer
UHN,0,1,institution + education_level + graduation_predicate + faculty_program_name,,Diploma 3,,Dengan Pujian,Sekolah Vokasi/D3 Teknik Mesin
UHN,0,1,institution + education_level + graduation_predicate + faculty_program_name,,Diploma 3,,Dengan Pujian,Sekolah Vokasi/D4 Akuntansi Sektor Publik
UHN,0,7,institution + education_level + graduation_predicate + faculty_program_name,,Diploma 3,,Dengan Pujian,Sekolah Vokasi/D4 Teknik Informatika
UHN,0,2,institution + education_level + graduation_predicate + faculty_program_name,,Diploma 3,,Sangat Memuaskan,Fakultas Sains dan Teknologi/S1 Teknik Informatika
UHN,0,3,institution + education_level + graduation_predicate + faculty_program_name,,Diploma 3,,Sangat Memuaskan,Sekolah Vokasi/D3 Akuntansi
UHN,0,9,institution + education_level + graduation_predicate + faculty_program_name,,Diploma 3,,Sangat Memuaskan,Sekolah Vokasi/D3 Desain Komunikasi Visual
UHN,0,13,institution + education_level + graduation_predicate + faculty_program_name,,Diploma 3,,Sangat Memuaskan,Sekolah Vokasi/D3 Farmasi
UHN,0,1,institution + education_level + graduation_predicate + faculty_program_name,,Diploma 3,,Sangat Memuaskan,Sekolah Vokasi/D3 Kebidanan
UHN,0,2,institution + education_level + graduation_predicate + faculty_program_name,,Diploma 3,,Sangat Memuaskan,Sekolah Vokasi/D3 Keperawatan
UHN,0,1,institution + education_level + graduation_predicate + faculty_program_name,,Diploma 3,,Sangat Memuaskan,Sekolah Vokasi/D3 Perhotelan
UHN,0,2,institution + education_level + graduation_predicate + faculty_program_name,,Diploma 3,,Sangat Memuaskan,Sekolah Vokasi/D3 Teknik Komputer
UHN,0,5,institution + education_level + graduation_predicate + faculty_program_name,,Diploma 3,,Sangat Memuaskan,Sekolah Vokasi/D3 Teknik Mesin
UHN,0,8,institution + education_level + graduation_predicate + faculty_program_name,,Diploma 3,,Sangat Memuaskan,Sekolah Vokasi/D4 Teknik Informatika
UHN,0,1,institution + education_level + graduation_predicate + faculty_program_name,,Diploma Tiga,,Dengan Pujian,Fakultas Sains dan Teknologi/S1 Sistem Informasi
UHN,0,5,institution + education_level + graduation_predicate + faculty_program_name,,Diploma Tiga,,Dengan Pujian,Fakultas Sains dan Teknologi/S1 Teknik Informatika
UHN,0,74,institution + education_level + graduation_predicate + faculty_program_name,,Diploma Tiga,,Dengan Pujian,Sekolah Vokasi/D3 Akuntansi
UHN,1,109,institution + education_level + graduation_predicate + faculty_program_name,,Diploma Tiga,,Dengan Pujian,Sekolah Vokasi/D3 Akuntansi
UHN,0,9,institution + education_level + graduation_predicate + faculty_program_name,,Diploma Tiga,,Dengan Pujian,Sekolah Vokasi/D3 Desain Komunikasi Visual
UHN,1,12,institution + education_level + graduation_predicate + faculty_program_name,,Diploma Tiga,,Dengan Pujian,Sekolah Vokasi/D3 Desain Komunikasi Visual
UHN,0,34,institution + education_level + graduation_predicate + faculty_program_name,,Diploma Tiga,,Dengan Pujian,Sekolah Vokasi/D3 Farmasi
UHN,1,47,institution + education_level + graduation_predicate + faculty_program_name,,Diploma Tiga,,Dengan Pujian,Sekolah Vokasi/D3 Farmasi
UHN,0,6,institution + education_level + graduation_predicate + faculty_program_name,,Diploma Tiga,,Dengan Pujian,Sekolah Vokasi/D3 Kebidanan
UHN,1,9,institution + education_level + graduation_predicate + faculty_program_name,,Diploma Tiga,,Dengan Pujian,Sekolah Vokasi/D3 Kebidanan
UHN,0,19,institution + education_level + graduation_predicate + faculty_program_name,,Diploma Tiga,,Dengan Pujian,Sekolah Vokasi/D3 Keperawatan
UHN,1,29,institution + education_level + graduation_predicate + faculty_program_name,,Diploma Tiga,,Dengan Pujian,Sekolah Vokasi/D3 Keperawatan
UHN,0,4,institution + education_level + graduation_predicate + faculty_program_name,,Diploma Tiga,,Dengan Pujian,Sekolah Vokasi/D3 Perhotelan
UHN,1,5,institution + education_level + graduation_predicate + faculty_program_name,,Diploma Tiga,,Dengan Pujian,Sekolah Vokasi/D3 Perhotelan
UHN,0,9,institution + education_level + graduation_predicate + faculty_program_name,,Diploma Tiga,,Dengan Pujian,Sekolah Vokasi/D3 Teknik Elektronika
UHN,1,13,institution + education_level + graduation_predicate + faculty_program_name,,Diploma Tiga,,Dengan Pujian,Sekolah Vokasi/D3 Teknik Elektronika
UHN,0,70,institution + education_level + graduation_predicate + faculty_program_name,,Diploma Tiga,,Dengan Pujian,Sekolah Vokasi/D3 Teknik Komputer
UHN,1,111,institution + education_level + graduation_predicate + faculty_program_name,,Diploma Tiga,,Dengan Pujian,Sekolah Vokasi/D3 Teknik Komputer
UHN,0,19,institution + education_level + graduation_predicate + faculty_program_name,,Diploma Tiga,,Dengan Pujian,Sekolah Vokasi/D3 Teknik Mesin
UHN,1,24,institution + education_level + graduation_predicate + faculty_program_name,,Diploma Tiga,,Dengan Pujian,Sekolah Vokasi/D3 Teknik Mesin
UHN,0,1,institution + education_level + graduation_predicate + faculty_program_name,,Diploma Tiga,,Dengan Pujian,Sekolah Vokasi/D4 Akuntansi Sektor Publik
UHN,0,7,institution + education_level + graduation_predicate + faculty_program_name,,Diploma Tiga,,Dengan Pujian,Sekolah Vokasi/D4 Teknik Informatika
UHN,0,2,institution + education_level + graduation_predicate + faculty_program_name,,Diploma Tiga,,Memuaskan,Sekolah Vokasi/D3 Desain Komunikasi Visual
UHN,1,2,institution + education_level + graduation_predicate + faculty_program_name,,Diploma Tiga,,Memuaskan,Sekolah Vokasi/D3 Desain Komunikasi Visual
UHN,0,1,institution + education_level + graduation_predicate + faculty_program_name,,Diploma Tiga,,Memuaskan,Sekolah Vokasi/D4 Teknik Informatika
UHN,0,1,institution + education_level + graduation_predicate + faculty_program_name,,Diploma Tiga,,Sangat Memuaskan,Fakultas Sains dan Teknologi/S1 Teknik Informatika
UHN,0,17,institution + education_level + graduation_predicate + faculty_program_name,,Diploma Tiga,,Sangat Memuaskan,Sekolah Vokasi/D3 Akuntansi
UHN,1,28,institution + education_level + graduation_predicate + faculty_program_name,,Diploma Tiga,,Sangat Memuaskan,Sekolah Vokasi/D3 Akuntansi
UHN,0,23,institution + education_level + graduation_predicate + faculty_program_name,,Diploma Tiga,,Sangat Memuaskan,Sekolah Vokasi/D3 Desain Komunikasi Visual
UHN,1,36,institution + education_level + graduation_predicate + faculty_program_name,,Diploma Tiga,,Sangat Memuaskan,Sekolah Vokasi/D3 Desain Komunikasi Visual
UHN,0,51,institution + education_level + graduation_predicate + faculty_program_name,,Diploma Tiga,,Sangat Memuaskan,Sekolah Vokasi/D3 Farmasi
UHN,1,80,institution + education_level + graduation_predicate + faculty_program_name,,Diploma Tiga,,Sangat Memuaskan,Sekolah Vokasi/D3 Farmasi
UHN,0,3,institution + education_level + graduation_predicate + faculty_program_name,,Diploma Tiga,,Sangat Memuaskan,Sekolah Vokasi/D3 Kebidanan
UHN,1,5,institution + education_level + graduation_predicate + faculty_program_name,,Diploma Tiga,,Sangat Memuaskan,Sekolah Vokasi/D3 Kebidanan
UHN,0,12,institution + education_level + graduation_predicate + faculty_program_name,,Diploma Tiga,,Sangat Memuaskan,Sekolah Vokasi/D3 Keperawatan
UHN,1,17,institution + education_level + graduation_predicate + faculty_program_name,,Diploma Tiga,,Sangat Memuaskan,Sekolah Vokasi/D3 Keperawatan
UHN,0,2,institution + education_level + graduation_predicate + faculty_program_name,,Diploma Tiga,,Sangat Memuaskan,Sekolah Vokasi/D3 Perhotelan
UHN,1,5,institution + education_level + graduation_predicate + faculty_program_name,,Diploma Tiga,,Sangat Memuaskan,Sekolah Vokasi/D3 Perhotelan
UHN,0,5,institution + education_level + graduation_predicate + faculty_program_name,,Diploma Tiga,,Sangat Memuaskan,Sekolah Vokasi/D3 Teknik Elektronika
UHN,1,8,institution + education_level + graduation_predicate + faculty_program_name,,Diploma Tiga,,Sangat Memuaskan,Sekolah Vokasi/D3 Teknik Elektronika
UHN,0,34,institution + education_level + graduation_predicate + faculty_program_name,,Diploma Tiga,,Sangat Memuaskan,Sekolah Vokasi/D3 Teknik Komputer
UHN,1,45,institution + education_level + graduation_predicate + faculty_program_name,,Diploma Tiga,,Sangat Memuaskan,Sekolah Vokasi/D3 Teknik Komputer
UHN,0,13,institution + education_level + graduation_predicate + faculty_program_name,,Diploma Tiga,,Sangat Memuaskan,Sekolah Vokasi/D3 Teknik Mesin
UHN,1,23,institution + education_level + graduation_predicate + faculty_program_name,,Diploma Tiga,,Sangat Memuaskan,Sekolah Vokasi/D3 Teknik Mesin
UHN,0,5,institution + education_level + graduation_predicate + faculty_program_name,,Diploma Tiga,,Sangat Memuaskan,Sekolah Vokasi/D4 Teknik Informatika
UHN,0,3,institution + education_level + graduation_predicate + faculty_program_name,,Sarjana,,Dengan Pujian,Fakultas Sains dan Teknologi/S1 Sistem Informasi
UHN,1,6,institution + education_level + graduation_predicate + faculty_program_name,,Sarjana,,Dengan Pujian,Fakultas Sains dan Teknologi/S1 Sistem Informasi
UHN,0,20,institution + education_level + graduation_predicate + faculty_program_name,,Sarjana,,Dengan Pujian,Fakultas Sains dan Teknologi/S1 Teknik Informatika
UHN,1,29,institution + education_level + graduation_predicate + faculty_program_name,,Sarjana,,Dengan Pujian,Fakultas Sains dan Teknologi/S1 Teknik Informatika
UHN,0,12,institution + education_level + graduation_predicate + faculty_program_name,,Sarjana,,Dengan Pujian,Sekolah Vokasi/D3 Akuntansi
UHN,0,1,institution + education_level + graduation_predicate + faculty_program_name,,Sarjana,,Dengan Pujian,Sekolah Vokasi/D3 Desain Komunikasi Visual
UHN,0,4,institution + education_level + graduation_predicate + faculty_program_name,,Sarjana,,Dengan Pujian,Sekolah Vokasi/D3 Farmasi
UHN,0,1,institution + education_level + graduation_predicate + faculty_program_name,,Sarjana,,Dengan Pujian,Sekolah Vokasi/D3 Kebidanan
UHN,0,6,institution + education_level + graduation_predicate + faculty_program_name,,Sarjana,,Dengan Pujian,Sekolah Vokasi/D3 Keperawatan
UHN,0,3,institution + education_level + graduation_predicate + faculty_program_name,,Sarjana,,Dengan Pujian,Sekolah Vokasi/D3 Teknik Elektronika
UHN,0,8,institution + education_level + graduation_predicate + faculty_program_name,,Sarjana,,Dengan Pujian,Sekolah Vokasi/D3 Teknik Komputer
UHN,0,2,institution + education_level + graduation_predicate + faculty_program_name,,Sarjana,,Dengan Pujian,Sekolah Vokasi/D3 Teknik Mesin
UHN,0,2,institution + education_level + graduation_predicate + faculty_program_name,,Sarjana,,Dengan Pujian,Sekolah Vokasi/D4 Akuntansi Sektor Publik
UHN,0,1,institution + education_level + graduation_predicate + faculty_program_name,,Sarjana,,Sangat Memuaskan,Fakultas Sains dan Teknologi/S1 Sistem Informasi
UHN,1,1,institution + education_level + graduation_predicate + faculty_program_name,,Sarjana,,Sangat Memuaskan,Fakultas Sains dan Teknologi/S1 Sistem Informasi
UHN,0,4,institution + education_level + graduation_predicate + faculty_program_name,,Sarjana,,Sangat Memuaskan,Fakultas Sains dan Teknologi/S1 Teknik Informatika
UHN,1,7,institution + education_level + graduation_predicate + faculty_program_name,,Sarjana,,Sangat Memuaskan,Fakultas Sains dan Teknologi/S1 Teknik Informatika
UHN,0,3,institution + education_level + graduation_predicate + faculty_program_name,,Sarjana,,Sangat Memuaskan,Sekolah Vokasi/D3 Akuntansi
UHN,0,2,institution + education_level + graduation_predicate + faculty_program_name,,Sarjana,,Sangat Memuaskan,Sekolah Vokasi/D3 Desain Komunikasi Visual
UHN,0,7,institution + education_level + graduation_predicate + faculty_program_name,,Sarjana,,Sangat Memuaskan,Sekolah Vokasi/D3 Farmasi
UHN,0,1,institution + education_level + graduation_predicate + faculty_program_name,,Sarjana,,Sangat Memuaskan,Sekolah Vokasi/D3 Kebidanan
UHN,0,3,institution + education_level + graduation_predicate + faculty_program_name,,Sarjana,,Sangat Memuaskan,Sekolah Vokasi/D3 Keperawatan
UHN,0,1,institution + education_level + graduation_predicate + faculty_program_name,,Sarjana,,Sangat Memuaskan,Sekolah Vokasi/D3 Perhotelan
UHN,0,1,institution + education_level + graduation_predicate + faculty_program_name,,Sarjana,,Sangat Memuaskan,Sekolah Vokasi/D3 Teknik Elektronika
UHN,0,4,institution + education_level + graduation_predicate + faculty_program_name,,Sarjana,,Sangat Memuaskan,Sekolah Vokasi/D3 Teknik Komputer
UHN,0,4,institution + education_level + graduation_predicate + faculty_program_name,,Sarjana,,Sangat Memuaskan,Sekolah Vokasi/D3 Teknik Mesin
UHN,0,12,institution + education_level + graduation_predicate + faculty_program_name,,Sarjana Terapan,,Dengan Pujian,Sekolah Vokasi/D3 Akuntansi
UHN,0,1,institution + education_level + graduation_predicate + faculty_program_name,,Sarjana Terapan,,Dengan Pujian,Sekolah Vokasi/D3 Desain Komunikasi Visual
UHN,0,3,institution + education_level + graduation_predicate + faculty_program_name,,Sarjana Terapan,,Dengan Pujian,Sekolah Vokasi/D3 Farmasi
UHN,0,1,institution + education_level + graduation_predicate + faculty_program_name,,Sarjana Terapan,,Dengan Pujian,Sekolah Vokasi/D3 Kebidanan
UHN,0,3,institution + education_level + graduation_predicate + faculty_program_name,,Sarjana Terapan,,Dengan Pujian,Sekolah Vokasi/D3 Keperawatan
UHN,0,1,institution + education_level + graduation_predicate + faculty_program_name,,Sarjana Terapan,,Dengan Pujian,Sekolah Vokasi/D3 Teknik Elektronika
UHN,0,20,institution + education_level + graduation_predicate + faculty_program_name,,Sarjana Terapan,,Dengan Pujian,Sekolah Vokasi/D3 Teknik Komputer
UHN,0,2,institution + education_level + graduation_predicate + faculty_program_name,,Sarjana Terapan,,Dengan Pujian,Sekolah Vokasi/D3 Teknik Mesin
UHN,0,6,institution + education_level + graduation_predicate + faculty_program_name,,Sarjana Terapan,,Dengan Pujian,Sekolah Vokasi/D4 Akuntansi Sektor Publik
UHN,1,10,institution + education_level + graduation_predicate + faculty_program_name,,Sarjana Terapan,,Dengan Pujian,Sekolah Vokasi/D4 Akuntansi Sektor Publik
UHN,0,35,institution + education_level + graduation_predicate + faculty_program_name,,Sarjana Terapan,,Dengan Pujian,Sekolah Vokasi/D4 Teknik Informatika
UHN,1,49,institution + education_level + graduation_predicate + faculty_program_name,,Sarjana Terapan,,Dengan Pujian,Sekolah Vokasi/D4 Teknik Informatika
UHN,1,1,institution + education_level + graduation_predicate + faculty_program_name,,Sarjana Terapan,,Memuaskan,Sekolah Vokasi/D4 Teknik Informatika
UHN,0,5,institution + education_level + graduation_predicate + faculty_program_name,,Sarjana Terapan,,Sangat Memuaskan,Sekolah Vokasi/D3 Akuntansi
UHN,0,2,institution + education_level + graduation_predicate + faculty_program_name,,Sarjana Terapan,,Sangat Memuaskan,Sekolah Vokasi/D3 Desain Komunikasi Visual
UHN,0,9,institution + education_level + graduation_predicate + faculty_program_name,,Sarjana Terapan,,Sangat Memuaskan,Sekolah Vokasi/D3 Farmasi
UHN,0,1,institution + education_level + graduation_predicate + faculty_program_name,,Sarjana Terapan,,Sangat Memuaskan,Sekolah Vokasi/D3 Perhotelan
UHN,0,2,institution + education_level + graduation_predicate + faculty_program_name,,Sarjana Terapan,,Sangat Memuaskan,Sekolah Vokasi/D3 Teknik Elektronika
UHN,0,5,institution + education_level + graduation_predicate + faculty_program_name,,Sarjana Terapan,,Sangat Memuaskan,Sekolah Vokasi/D3 Teknik Komputer
UHN,0,1,institution + education_level + graduation_predicate + faculty_program_name,,Sarjana Terapan,,Sangat Memuaskan,Sekolah Vokasi/D3 Teknik Mesin
UHN,0,3,institution + education_level + graduation_predicate + faculty_program_name,,Sarjana Terapan,,Sangat Memuaskan,Sekolah Vokasi/D4 Akuntansi Sektor Publik
UHN,1,3,institution + education_level + graduation_predicate + faculty_program_name,,Sarjana Terapan,,Sangat Memuaskan,Sekolah Vokasi/D4 Akuntansi Sektor Publik
UHN,0,19,institution + education_level + graduation_predicate + faculty_program_name,,Sarjana Terapan,,Sangat Memuaskan,Sekolah Vokasi/D4 Teknik Informatika
UHN,1,32,institution + education_level + graduation_predicate + faculty_program_name,,Sarjana Terapan,,Sangat Memuaskan,Sekolah Vokasi/D4 Teknik Informatika
PMKM,0,77,institution + accreditation_status + graduation_predicate + faculty_program_name,,,Baik,__MISSING__,__MISSING__
PMKM,1,116,institution + accreditation_status + graduation_predicate + faculty_program_name,,,Baik,__MISSING__,__MISSING__
PMKM,0,21,institution + accreditation_status + graduation_predicate + faculty_program_name,,,Baik Sekali,__MISSING__,__MISSING__
PMKM,0,18,institution + accreditation_status + graduation_predicate + faculty_program_name,,,Terakreditasi,__MISSING__,__MISSING__
UHN,0,5,institution + accreditation_status + graduation_predicate + faculty_program_name,,,Baik,Dengan Pujian,Fakultas Sains dan Teknologi/S1 Sistem Informasi
UHN,1,6,institution + accreditation_status + graduation_predicate + faculty_program_name,,,Baik,Dengan Pujian,Fakultas Sains dan Teknologi/S1 Sistem Informasi
UHN,0,19,institution + accreditation_status + graduation_predicate + faculty_program_name,,,Baik,Dengan Pujian,Fakultas Sains dan Teknologi/S1 Teknik Informatika
UHN,1,29,institution + accreditation_status + graduation_predicate + faculty_program_name,,,Baik,Dengan Pujian,Fakultas Sains dan Teknologi/S1 Teknik Informatika
UHN,0,24,institution + accreditation_status + graduation_predicate + faculty_program_name,,,Baik,Dengan Pujian,Sekolah Vokasi/D3 Akuntansi
UHN,0,10,institution + accreditation_status + graduation_predicate + faculty_program_name,,,Baik,Dengan Pujian,Sekolah Vokasi/D3 Desain Komunikasi Visual
UHN,1,12,institution + accreditation_status + graduation_predicate + faculty_program_name,,,Baik,Dengan Pujian,Sekolah Vokasi/D3 Desain Komunikasi Visual
UHN,0,11,institution + accreditation_status + graduation_predicate + faculty_program_name,,,Baik,Dengan Pujian,Sekolah Vokasi/D3 Farmasi
UHN,0,2,institution + accreditation_status + graduation_predicate + faculty_program_name,,,Baik,Dengan Pujian,Sekolah Vokasi/D3 Kebidanan
UHN,0,19,institution + accreditation_status + graduation_predicate + faculty_program_name,,,Baik,Dengan Pujian,Sekolah Vokasi/D3 Keperawatan
UHN,1,29,institution + accreditation_status + graduation_predicate + faculty_program_name,,,Baik,Dengan Pujian,Sekolah Vokasi/D3 Keperawatan
UHN,0,4,institution + accreditation_status + graduation_predicate + faculty_program_name,,,Baik,Dengan Pujian,Sekolah Vokasi/D3 Perhotelan
UHN,1,5,institution + accreditation_status + graduation_predicate + faculty_program_name,,,Baik,Dengan Pujian,Sekolah Vokasi/D3 Perhotelan
UHN,0,2,institution + accreditation_status + graduation_predicate + faculty_program_name,,,Baik,Dengan Pujian,Sekolah Vokasi/D3 Teknik Elektronika
UHN,0,19,institution + accreditation_status + graduation_predicate + faculty_program_name,,,Baik,Dengan Pujian,Sekolah Vokasi/D3 Teknik Komputer
UHN,0,4,institution + accreditation_status + graduation_predicate + faculty_program_name,,,Baik,Dengan Pujian,Sekolah Vokasi/D3 Teknik Mesin
UHN,0,7,institution + accreditation_status + graduation_predicate + faculty_program_name,,,Baik,Dengan Pujian,Sekolah Vokasi/D4 Akuntansi Sektor Publik
UHN,1,10,institution + accreditation_status + graduation_predicate + faculty_program_name,,,Baik,Dengan Pujian,Sekolah Vokasi/D4 Akuntansi Sektor Publik
UHN,0,7,institution + accreditation_status + graduation_predicate + faculty_program_name,,,Baik,Dengan Pujian,Sekolah Vokasi/D4 Teknik Informatika
UHN,1,2,institution + accreditation_status + graduation_predicate + faculty_program_name,,,Baik,Memuaskan,Sekolah Vokasi/D3 Desain Komunikasi Visual
UHN,1,1,institution + accreditation_status + graduation_predicate + faculty_program_name,,,Baik,Sangat Memuaskan,Fakultas Sains dan Teknologi/S1 Sistem Informasi
UHN,0,5,institution + accreditation_status + graduation_predicate + faculty_program_name,,,Baik,Sangat Memuaskan,Fakultas Sains dan Teknologi/S1 Teknik Informatika
UHN,1,7,institution + accreditation_status + graduation_predicate + faculty_program_name,,,Baik,Sangat Memuaskan,Fakultas Sains dan Teknologi/S1 Teknik Informatika
UHN,0,5,institution + accreditation_status + graduation_predicate + faculty_program_name,,,Baik,Sangat Memuaskan,Sekolah Vokasi/D3 Akuntansi
UHN,0,23,institution + accreditation_status + graduation_predicate + faculty_program_name,,,Baik,Sangat Memuaskan,Sekolah Vokasi/D3 Desain Komunikasi Visual
UHN,1,36,institution + accreditation_status + graduation_predicate + faculty_program_name,,,Baik,Sangat Memuaskan,Sekolah Vokasi/D3 Desain Komunikasi Visual
UHN,0,8,institution + accreditation_status + graduation_predicate + faculty_program_name,,,Baik,Sangat Memuaskan,Sekolah Vokasi/D3 Farmasi
UHN,0,1,institution + accreditation_status + graduation_predicate + faculty_program_name,,,Baik,Sangat Memuaskan,Sekolah Vokasi/D3 Kebidanan
UHN,0,11,institution + accreditation_status + graduation_predicate + faculty_program_name,,,Baik,Sangat Memuaskan,Sekolah Vokasi/D3 Keperawatan
UHN,1,17,institution + accreditation_status + graduation_predicate + faculty_program_name,,,Baik,Sangat Memuaskan,Sekolah Vokasi/D3 Keperawatan
UHN,0,3,institution + accreditation_status + graduation_predicate + faculty_program_name,,,Baik,Sangat Memuaskan,Sekolah Vokasi/D3 Perhotelan
UHN,1,5,institution + accreditation_status + graduation_predicate + faculty_program_name,,,Baik,Sangat Memuaskan,Sekolah Vokasi/D3 Perhotelan
UHN,0,2,institution + accreditation_status + graduation_predicate + faculty_program_name,,,Baik,Sangat Memuaskan,Sekolah Vokasi/D3 Teknik Elektronika
UHN,0,7,institution + accreditation_status + graduation_predicate + faculty_program_name,,,Baik,Sangat Memuaskan,Sekolah Vokasi/D3 Teknik Komputer
UHN,0,2,institution + accreditation_status + graduation_predicate + faculty_program_name,,,Baik,Sangat Memuaskan,Sekolah Vokasi/D3 Teknik Mesin
UHN,0,1,institution + accreditation_status + graduation_predicate + faculty_program_name,,,Baik,Sangat Memuaskan,Sekolah Vokasi/D4 Akuntansi Sektor Publik
UHN,1,3,institution + accreditation_status + graduation_predicate + faculty_program_name,,,Baik,Sangat Memuaskan,Sekolah Vokasi/D4 Akuntansi Sektor Publik
UHN,0,6,institution + accreditation_status + graduation_predicate + faculty_program_name,,,Baik,Sangat Memuaskan,Sekolah Vokasi/D4 Teknik Informatika
UHN,0,3,institution + accreditation_status + graduation_predicate + faculty_program_name,,,Baik Sekali,Dengan Pujian,Fakultas Sains dan Teknologi/S1 Teknik Informatika
UHN,0,75,institution + accreditation_status + graduation_predicate + faculty_program_name,,,Baik Sekali,Dengan Pujian,Sekolah Vokasi/D3 Akuntansi
UHN,1,109,institution + accreditation_status + graduation_predicate + faculty_program_name,,,Baik Sekali,Dengan Pujian,Sekolah Vokasi/D3 Akuntansi
UHN,0,28,institution + accreditation_status + graduation_predicate + faculty_program_name,,,Baik Sekali,Dengan Pujian,Sekolah Vokasi/D3 Farmasi
UHN,1,47,institution + accreditation_status + graduation_predicate + faculty_program_name,,,Baik Sekali,Dengan Pujian,Sekolah Vokasi/D3 Farmasi
UHN,0,6,institution + accreditation_status + graduation_predicate + faculty_program_name,,,Baik Sekali,Dengan Pujian,Sekolah Vokasi/D3 Kebidanan
UHN,1,9,institution + accreditation_status + graduation_predicate + faculty_program_name,,,Baik Sekali,Dengan Pujian,Sekolah Vokasi/D3 Kebidanan
UHN,0,5,institution + accreditation_status + graduation_predicate + faculty_program_name,,,Baik Sekali,Dengan Pujian,Sekolah Vokasi/D3 Keperawatan
UHN,0,2,institution + accreditation_status + graduation_predicate + faculty_program_name,,,Baik Sekali,Dengan Pujian,Sekolah Vokasi/D3 Teknik Elektronika
UHN,0,76,institution + accreditation_status + graduation_predicate + faculty_program_name,,,Baik Sekali,Dengan Pujian,Sekolah Vokasi/D3 Teknik Komputer
UHN,1,111,institution + accreditation_status + graduation_predicate + faculty_program_name,,,Baik Sekali,Dengan Pujian,Sekolah Vokasi/D3 Teknik Komputer
UHN,0,15,institution + accreditation_status + graduation_predicate + faculty_program_name,,,Baik Sekali,Dengan Pujian,Sekolah Vokasi/D3 Teknik Mesin
UHN,1,24,institution + accreditation_status + graduation_predicate + faculty_program_name,,,Baik Sekali,Dengan Pujian,Sekolah Vokasi/D3 Teknik Mesin
UHN,0,1,institution + accreditation_status + graduation_predicate + faculty_program_name,,,Baik Sekali,Dengan Pujian,Sekolah Vokasi/D4 Akuntansi Sektor Publik
UHN,0,34,institution + accreditation_status + graduation_predicate + faculty_program_name,,,Baik Sekali,Dengan Pujian,Sekolah Vokasi/D4 Teknik Informatika
UHN,1,49,institution + accreditation_status + graduation_predicate + faculty_program_name,,,Baik Sekali,Dengan Pujian,Sekolah Vokasi/D4 Teknik Informatika
UHN,0,1,institution + accreditation_status + graduation_predicate + faculty_program_name,,,Baik Sekali,Memuaskan,Sekolah Vokasi/D4 Teknik Informatika
UHN,1,1,institution + accreditation_status + graduation_predicate + faculty_program_name,,,Baik Sekali,Memuaskan,Sekolah Vokasi/D4 Teknik Informatika
UHN,0,1,institution + accreditation_status + graduation_predicate + faculty_program_name,,,Baik Sekali,Sangat Memuaskan,Fakultas Sains dan Teknologi/S1 Sistem Informasi
UHN,0,16,institution + accreditation_status + graduation_predicate + faculty_program_name,,,Baik Sekali,Sangat Memuaskan,Sekolah Vokasi/D3 Akuntansi
UHN,1,28,institution + accreditation_status + graduation_predicate + faculty_program_name,,,Baik Sekali,Sangat Memuaskan,Sekolah Vokasi/D3 Akuntansi
UHN,0,8,institution + accreditation_status + graduation_predicate + faculty_program_name,,,Baik Sekali,Sangat Memuaskan,Sekolah Vokasi/D3 Desain Komunikasi Visual
UHN,0,57,institution + accreditation_status + graduation_predicate + faculty_program_name,,,Baik Sekali,Sangat Memuaskan,Sekolah Vokasi/D3 Farmasi
UHN,1,80,institution + accreditation_status + graduation_predicate + faculty_program_name,,,Baik Sekali,Sangat Memuaskan,Sekolah Vokasi/D3 Farmasi
UHN,0,4,institution + accreditation_status + graduation_predicate + faculty_program_name,,,Baik Sekali,Sangat Memuaskan,Sekolah Vokasi/D3 Kebidanan
UHN,1,5,institution + accreditation_status + graduation_predicate + faculty_program_name,,,Baik Sekali,Sangat Memuaskan,Sekolah Vokasi/D3 Kebidanan
UHN,0,5,institution + accreditation_status + graduation_predicate + faculty_program_name,,,Baik Sekali,Sangat Memuaskan,Sekolah Vokasi/D3 Keperawatan
UHN,0,1,institution + accreditation_status + graduation_predicate + faculty_program_name,,,Baik Sekali,Sangat Memuaskan,Sekolah Vokasi/D3 Perhotelan
UHN,0,1,institution + accreditation_status + graduation_predicate + faculty_program_name,,,Baik Sekali,Sangat Memuaskan,Sekolah Vokasi/D3 Teknik Elektronika
UHN,0,28,institution + accreditation_status + graduation_predicate + faculty_program_name,,,Baik Sekali,Sangat Memuaskan,Sekolah Vokasi/D3 Teknik Komputer
UHN,1,45,institution + accreditation_status + graduation_predicate + faculty_program_name,,,Baik Sekali,Sangat Memuaskan,Sekolah Vokasi/D3 Teknik Komputer
UHN,0,16,institution + accreditation_status + graduation_predicate + faculty_program_name,,,Baik Sekali,Sangat Memuaskan,Sekolah Vokasi/D3 Teknik Mesin
UHN,1,23,institution + accreditation_status + graduation_predicate + faculty_program_name,,,Baik Sekali,Sangat Memuaskan,Sekolah Vokasi/D3 Teknik Mesin
UHN,0,1,institution + accreditation_status + graduation_predicate + faculty_program_name,,,Baik Sekali,Sangat Memuaskan,Sekolah Vokasi/D4 Akuntansi Sektor Publik
UHN,0,20,institution + accreditation_status + graduation_predicate + faculty_program_name,,,Baik Sekali,Sangat Memuaskan,Sekolah Vokasi/D4 Teknik Informatika
UHN,1,32,institution + accreditation_status + graduation_predicate + faculty_program_name,,,Baik Sekali,Sangat Memuaskan,Sekolah Vokasi/D4 Teknik Informatika
UHN,0,1,institution + accreditation_status + graduation_predicate + faculty_program_name,,,Terakreditasi,Dengan Pujian,Fakultas Sains dan Teknologi/S1 Sistem Informasi
UHN,0,7,institution + accreditation_status + graduation_predicate + faculty_program_name,,,Terakreditasi,Dengan Pujian,Fakultas Sains dan Teknologi/S1 Teknik Informatika
UHN,0,10,institution + accreditation_status + graduation_predicate + faculty_program_name,,,Terakreditasi,Dengan Pujian,Sekolah Vokasi/D3 Akuntansi
UHN,0,2,institution + accreditation_status + graduation_predicate + faculty_program_name,,,Terakreditasi,Dengan Pujian,Sekolah Vokasi/D3 Desain Komunikasi Visual
UHN,0,8,institution + accreditation_status + graduation_predicate + faculty_program_name,,,Terakreditasi,Dengan Pujian,Sekolah Vokasi/D3 Farmasi
UHN,0,1,institution + accreditation_status + graduation_predicate + faculty_program_name,,,Terakreditasi,Dengan Pujian,Sekolah Vokasi/D3 Kebidanan
UHN,0,5,institution + accreditation_status + graduation_predicate + faculty_program_name,,,Terakreditasi,Dengan Pujian,Sekolah Vokasi/D3 Keperawatan
UHN,0,1,institution + accreditation_status + graduation_predicate + faculty_program_name,,,Terakreditasi,Dengan Pujian,Sekolah Vokasi/D3 Perhotelan
UHN,0,9,institution + accreditation_status + graduation_predicate + faculty_program_name,,,Terakreditasi,Dengan Pujian,Sekolah Vokasi/D3 Teknik Elektronika
UHN,1,13,institution + accreditation_status + graduation_predicate + faculty_program_name,,,Terakreditasi,Dengan Pujian,Sekolah Vokasi/D3 Teknik Elektronika
UHN,0,16,institution + accreditation_status + graduation_predicate + faculty_program_name,,,Terakreditasi,Dengan Pujian,Sekolah Vokasi/D3 Teknik Komputer
UHN,0,5,institution + accreditation_status + graduation_predicate + faculty_program_name,,,Terakreditasi,Dengan Pujian,Sekolah Vokasi/D3 Teknik Mesin
UHN,0,2,institution + accreditation_status + graduation_predicate + faculty_program_name,,,Terakreditasi,Dengan Pujian,Sekolah Vokasi/D4 Akuntansi Sektor Publik
UHN,0,8,institution + accreditation_status + graduation_predicate + faculty_program_name,,,Terakreditasi,Dengan Pujian,Sekolah Vokasi/D4 Teknik Informatika
UHN,0,2,institution + accreditation_status + graduation_predicate + faculty_program_name,,,Terakreditasi,Memuaskan,Sekolah Vokasi/D3 Desain Komunikasi Visual
UHN,0,2,institution + accreditation_status + graduation_predicate + faculty_program_name,,,Terakreditasi,Sangat Memuaskan,Fakultas Sains dan Teknologi/S1 Teknik Informatika
UHN,0,7,institution + accreditation_status + graduation_predicate + faculty_program_name,,,Terakreditasi,Sangat Memuaskan,Sekolah Vokasi/D3 Akuntansi
UHN,0,5,institution + accreditation_status + graduation_predicate + faculty_program_name,,,Terakreditasi,Sangat Memuaskan,Sekolah Vokasi/D3 Desain Komunikasi Visual
UHN,0,15,institution + accreditation_status + graduation_predicate + faculty_program_name,,,Terakreditasi,Sangat Memuaskan,Sekolah Vokasi/D3 Farmasi
UHN,0,1,institution + accreditation_status + graduation_predicate + faculty_program_name,,,Terakreditasi,Sangat Memuaskan,Sekolah Vokasi/D3 Keperawatan
UHN,0,1,institution + accreditation_status + graduation_predicate + faculty_program_name,,,Terakreditasi,Sangat Memuaskan,Sekolah Vokasi/D3 Perhotelan
UHN,0,5,institution + accreditation_status + graduation_predicate + faculty_program_name,,,Terakreditasi,Sangat Memuaskan,Sekolah Vokasi/D3 Teknik Elektronika
UHN,1,8,institution + accreditation_status + graduation_predicate + faculty_program_name,,,Terakreditasi,Sangat Memuaskan,Sekolah Vokasi/D3 Teknik Elektronika
UHN,0,10,institution + accreditation_status + graduation_predicate + faculty_program_name,,,Terakreditasi,Sangat Memuaskan,Sekolah Vokasi/D3 Teknik Komputer
UHN,0,5,institution + accreditation_status + graduation_predicate + faculty_program_name,,,Terakreditasi,Sangat Memuaskan,Sekolah Vokasi/D3 Teknik Mesin
UHN,0,1,institution + accreditation_status + graduation_predicate + faculty_program_name,,,Terakreditasi,Sangat Memuaskan,Sekolah Vokasi/D4 Akuntansi Sektor Publik
UHN,0,6,institution + accreditation_status + graduation_predicate + faculty_program_name,,,Terakreditasi,Sangat Memuaskan,Sekolah Vokasi/D4 Teknik Informatika
,0,8,program + education_level + accreditation_status + graduation_predicate,Akuntansi,Diploma 3,Baik,__MISSING__,
,0,11,program + education_level + accreditation_status + graduation_predicate,Akuntansi,Diploma 3,Baik Sekali,Dengan Pujian,
,0,3,program + education_level + accreditation_status + graduation_predicate,Akuntansi,Diploma 3,Baik Sekali,Sangat Memuaskan,
,0,24,program + education_level + accreditation_status + graduation_predicate,Akuntansi,Diploma Tiga,Baik,Dengan Pujian,
,0,5,program + education_level + accreditation_status + graduation_predicate,Akuntansi,Diploma Tiga,Baik,Sangat Memuaskan,
,1,109,program + education_level + accreditation_status + graduation_predicate,Akuntansi,Diploma Tiga,Baik Sekali,Dengan Pujian,
,1,28,program + education_level + accreditation_status + graduation_predicate,Akuntansi,Diploma Tiga,Baik Sekali,Sangat Memuaskan,
,0,10,program + education_level + accreditation_status + graduation_predicate,Akuntansi,Diploma Tiga,Terakreditasi,Dengan Pujian,
,0,7,program + education_level + accreditation_status + graduation_predicate,Akuntansi,Diploma Tiga,Terakreditasi,Sangat Memuaskan,
,0,12,program + education_level + accreditation_status + graduation_predicate,Akuntansi,Sarjana,Baik Sekali,Dengan Pujian,
,0,3,program + education_level + accreditation_status + graduation_predicate,Akuntansi,Sarjana,Baik Sekali,Sangat Memuaskan,
,0,12,program + education_level + accreditation_status + graduation_predicate,Akuntansi,Sarjana Terapan,Baik Sekali,Dengan Pujian,
,0,5,program + education_level + accreditation_status + graduation_predicate,Akuntansi,Sarjana Terapan,Baik Sekali,Sangat Memuaskan,
,0,1,program + education_level + accreditation_status + graduation_predicate,Akuntansi Sektor Publik,Diploma 3,Baik,Dengan Pujian,
,0,1,program + education_level + accreditation_status + graduation_predicate,Akuntansi Sektor Publik,Diploma 3,Baik,__MISSING__,
,0,1,program + education_level + accreditation_status + graduation_predicate,Akuntansi Sektor Publik,Diploma Tiga,Baik,Dengan Pujian,
,0,2,program + education_level + accreditation_status + graduation_predicate,Akuntansi Sektor Publik,Sarjana,Baik,Dengan Pujian,
,1,10,program + education_level + accreditation_status + graduation_predicate,Akuntansi Sektor Publik,Sarjana Terapan,Baik,Dengan Pujian,
,1,3,program + education_level + accreditation_status + graduation_predicate,Akuntansi Sektor Publik,Sarjana Terapan,Baik,Sangat Memuaskan,
,0,1,program + education_level + accreditation_status + graduation_predicate,Akuntansi Sektor Publik,Sarjana Terapan,Baik Sekali,Dengan Pujian,
,0,1,program + education_level + accreditation_status + graduation_predicate,Akuntansi Sektor Publik,Sarjana Terapan,Baik Sekali,Sangat Memuaskan,
,0,2,program + education_level + accreditation_status + graduation_predicate,Akuntansi Sektor Publik,Sarjana Terapan,Terakreditasi,Dengan Pujian,
,0,1,program + education_level + accreditation_status + graduation_predicate,Akuntansi Sektor Publik,Sarjana Terapan,Terakreditasi,Sangat Memuaskan,
,1,58,program + education_level + accreditation_status + graduation_predicate,Analis Kesehatan,Diploma 3,Baik,__MISSING__,
,0,10,program + education_level + accreditation_status + graduation_predicate,Analis Kesehatan,Diploma 3,Baik Sekali,__MISSING__,
,0,10,program + education_level + accreditation_status + graduation_predicate,Analis Kesehatan,Diploma 3,Terakreditasi,__MISSING__,
,0,9,program + education_level + accreditation_status + graduation_predicate,Analis Kesehatan,Diploma Tiga,Baik,Dengan Pujian,
,0,9,program + education_level + accreditation_status + graduation_predicate,Analis Kesehatan,Diploma Tiga,Baik,Sangat Memuaskan,
,0,4,program + education_level + accreditation_status + graduation_predicate,Analis Kesehatan,Diploma Tiga,Baik,__MISSING__,
,0,59,program + education_level + accreditation_status + graduation_predicate,Analis Kesehatan,Diploma Tiga,Baik Sekali,Dengan Pujian,
,0,24,program + education_level + accreditation_status + graduation_predicate,Analis Kesehatan,Diploma Tiga,Baik Sekali,Sangat Memuaskan,
,0,4,program + education_level + accreditation_status + graduation_predicate,Analis Kesehatan,Diploma Tiga,Terakreditasi,Dengan Pujian,
,0,2,program + education_level + accreditation_status + graduation_predicate,Analis Kesehatan,Diploma Tiga,Terakreditasi,Sangat Memuaskan,
,0,8,program + education_level + accreditation_status + graduation_predicate,Analis Kesehatan,Sarjana,Baik,Dengan Pujian,
,0,2,program + education_level + accreditation_status + graduation_predicate,Analis Kesehatan,Sarjana,Baik,Sangat Memuaskan,
,0,10,program + education_level + accreditation_status + graduation_predicate,Analis Kesehatan,Sarjana,Baik,__MISSING__,
,0,1,program + education_level + accreditation_status + graduation_predicate,Analis Kesehatan,Sarjana Terapan,Baik,Sangat Memuaskan,
,0,5,program + education_level + accreditation_status + graduation_predicate,Analis Kesehatan,Sarjana Terapan,Baik,__MISSING__,
,0,9,program + education_level + accreditation_status + graduation_predicate,Analis Kesehatan,Sarjana Terapan,Baik Sekali,Dengan Pujian,
,0,3,program + education_level + accreditation_status + graduation_predicate,Analis Kesehatan,Sarjana Terapan,Baik Sekali,Sangat Memuaskan,
,0,1,program + education_level + accreditation_status + graduation_predicate,Desain Komunikasi Visual,Diploma 3,Baik,Dengan Pujian,
,0,9,program + education_level + accreditation_status + graduation_predicate,Desain Komunikasi Visual,Diploma 3,Baik,Sangat Memuaskan,
,0,6,program + education_level + accreditation_status + graduation_predicate,Desain Komunikasi Visual,Diploma 3,Baik,__MISSING__,
,1,12,program + education_level + accreditation_status + graduation_predicate,Desain Komunikasi Visual,Diploma Tiga,Baik,Dengan Pujian,
,1,2,program + education_level + accreditation_status + graduation_predicate,Desain Komunikasi Visual,Diploma Tiga,Baik,Memuaskan,
,1,36,program + education_level + accreditation_status + graduation_predicate,Desain Komunikasi Visual,Diploma Tiga,Baik,Sangat Memuaskan,
,0,8,program + education_level + accreditation_status + graduation_predicate,Desain Komunikasi Visual,Diploma Tiga,Baik Sekali,Sangat Memuaskan,
,0,2,program + education_level + accreditation_status + graduation_predicate,Desain Komunikasi Visual,Diploma Tiga,Terakreditasi,Dengan Pujian,
,0,2,program + education_level + accreditation_status + graduation_predicate,Desain Komunikasi Visual,Diploma Tiga,Terakreditasi,Memuaskan,
,0,5,program + education_level + accreditation_status + graduation_predicate,Desain Komunikasi Visual,Diploma Tiga,Terakreditasi,Sangat Memuaskan,
,0,1,program + education_level + accreditation_status + graduation_predicate,Desain Komunikasi Visual,Sarjana,Baik,Dengan Pujian,
,0,2,program + education_level + accreditation_status + graduation_predicate,Desain Komunikasi Visual,Sarjana,Baik,Sangat Memuaskan,
,0,1,program + education_level + accreditation_status + graduation_predicate,Desain Komunikasi Visual,Sarjana Terapan,Baik,Dengan Pujian,
,0,2,program + education_level + accreditation_status + graduation_predicate,Desain Komunikasi Visual,Sarjana Terapan,Baik,Sangat Memuaskan,
,1,46,program + education_level + accreditation_status + graduation_predicate,Farmasi,Diploma 3,Baik,__MISSING__,
,0,6,program + education_level + accreditation_status + graduation_predicate,Farmasi,Diploma 3,Baik Sekali,Dengan Pujian,
,0,13,program + education_level + accreditation_status + graduation_predicate,Farmasi,Diploma 3,Baik Sekali,Sangat Memuaskan,
,0,8,program + education_level + accreditation_status + graduation_predicate,Farmasi,Diploma 3,Baik Sekali,__MISSING__,
,0,7,program + education_level + accreditation_status + graduation_predicate,Farmasi,Diploma 3,Terakreditasi,__MISSING__,
,0,11,program + education_level + accreditation_status + graduation_predicate,Farmasi,Diploma Tiga,Baik,Dengan Pujian,
,0,8,program + education_level + accreditation_status + graduation_predicate,Farmasi,Diploma Tiga,Baik,Sangat Memuaskan,
,0,3,program + education_level + accreditation_status + graduation_predicate,Farmasi,Diploma Tiga,Baik,__MISSING__,
,1,47,program + education_level + accreditation_status + graduation_predicate,Farmasi,Diploma Tiga,Baik Sekali,Dengan Pujian,
,1,80,program + education_level + accreditation_status + graduation_predicate,Farmasi,Diploma Tiga,Baik Sekali,Sangat Memuaskan,
,0,8,program + education_level + accreditation_status + graduation_predicate,Farmasi,Diploma Tiga,Terakreditasi,Dengan Pujian,
,0,15,program + education_level + accreditation_status + graduation_predicate,Farmasi,Diploma Tiga,Terakreditasi,Sangat Memuaskan,
,0,6,program + education_level + accreditation_status + graduation_predicate,Farmasi,Sarjana,Baik,__MISSING__,
,0,4,program + education_level + accreditation_status + graduation_predicate,Farmasi,Sarjana,Baik Sekali,Dengan Pujian,
,0,7,program + education_level + accreditation_status + graduation_predicate,Farmasi,Sarjana,Baik Sekali,Sangat Memuaskan,
,0,6,program + education_level + accreditation_status + graduation_predicate,Farmasi,Sarjana Terapan,Baik,__MISSING__,
,0,3,program + education_level + accreditation_status + graduation_predicate,Farmasi,Sarjana Terapan,Baik Sekali,Dengan Pujian,
,0,9,program + education_level + accreditation_status + graduation_predicate,Farmasi,Sarjana Terapan,Baik Sekali,Sangat Memuaskan,
,0,3,program + education_level + accreditation_status + graduation_predicate,Kebidanan,Diploma 3,Baik,__MISSING__,
,0,1,program + education_level + accreditation_status + graduation_predicate,Kebidanan,Diploma 3,Baik Sekali,Dengan Pujian,
,0,1,program + education_level + accreditation_status + graduation_predicate,Kebidanan,Diploma 3,Baik Sekali,Sangat Memuaskan,
,0,2,program + education_level + accreditation_status + graduation_predicate,Kebidanan,Diploma Tiga,Baik,Dengan Pujian,
,0,1,program + education_level + accreditation_status + graduation_predicate,Kebidanan,Diploma Tiga,Baik,Sangat Memuaskan,
,1,9,program + education_level + accreditation_status + graduation_predicate,Kebidanan,Diploma Tiga,Baik Sekali,Dengan Pujian,
,1,5,program + education_level + accreditation_status + graduation_predicate,Kebidanan,Diploma Tiga,Baik Sekali,Sangat Memuaskan,
,0,1,program + education_level + accreditation_status + graduation_predicate,Kebidanan,Diploma Tiga,Terakreditasi,Dengan Pujian,
,0,1,program + education_level + accreditation_status + graduation_predicate,Kebidanan,Sarjana,Baik Sekali,Dengan Pujian,
,0,1,program + education_level + accreditation_status + graduation_predicate,Kebidanan,Sarjana,Baik Sekali,Sangat Memuaskan,
,0,1,program + education_level + accreditation_status + graduation_predicate,Kebidanan,Sarjana Terapan,Baik Sekali,Dengan Pujian,
,0,1,program + education_level + accreditation_status + graduation_predicate,Keperawatan,Diploma 3,Baik,Dengan Pujian,
,0,2,program + education_level + accreditation_status + graduation_predicate,Keperawatan,Diploma 3,Baik,Sangat Memuaskan,
,0,2,program + education_level + accreditation_status + graduation_predicate,Keperawatan,Diploma 3,Baik,__MISSING__,
,1,29,program + education_level + accreditation_status + graduation_predicate,Keperawatan,Diploma Tiga,Baik,Dengan Pujian,
,1,17,program + education_level + accreditation_status + graduation_predicate,Keperawatan,Diploma Tiga,Baik,Sangat Memuaskan,
,0,5,program + education_level + accreditation_status + graduation_predicate,Keperawatan,Diploma Tiga,Baik Sekali,Dengan Pujian,
,0,5,program + education_level + accreditation_status + graduation_predicate,Keperawatan,Diploma Tiga,Baik Sekali,Sangat Memuaskan,
,0,5,program + education_level + accreditation_status + graduation_predicate,Keperawatan,Diploma Tiga,Terakreditasi,Dengan Pujian,
,0,1,program + education_level + accreditation_status + graduation_predicate,Keperawatan,Diploma Tiga,Terakreditasi,Sangat Memuaskan,
,0,6,program + education_level + accreditation_status + graduation_predicate,Keperawatan,Sarjana,Baik,Dengan Pujian,
,0,3,program + education_level + accreditation_status + graduation_predicate,Keperawatan,Sarjana,Baik,Sangat Memuaskan,
,0,3,program + education_level + accreditation_status + graduation_predicate,Keperawatan,Sarjana Terapan,Baik,Dengan Pujian,
,1,12,program + education_level + accreditation_status + graduation_predicate,Manajemen Informatika,Diploma 3,Baik,__MISSING__,
,0,3,program + education_level + accreditation_status + graduation_predicate,Manajemen Informatika,Diploma 3,Baik Sekali,__MISSING__,
,0,1,program + education_level + accreditation_status + graduation_predicate,Manajemen Informatika,Diploma 3,Terakreditasi,__MISSING__,
,0,10,program + education_level + accreditation_status + graduation_predicate,Manajemen Informatika,Diploma Tiga,Baik,Dengan Pujian,
,0,7,program + education_level + accreditation_status + graduation_predicate,Manajemen Informatika,Diploma Tiga,Baik,Sangat Memuaskan,
,0,2,program + education_level + accreditation_status + graduation_predicate,Manajemen Informatika,Diploma Tiga,Baik,__MISSING__,
,0,44,program + education_level + accreditation_status + graduation_predicate,Manajemen Informatika,Diploma Tiga,Baik Sekali,Dengan Pujian,
,0,34,program + education_level + accreditation_status + graduation_predicate,Manajemen Informatika,Diploma Tiga,Baik Sekali,Sangat Memuaskan,
,0,1,program + education_level + accreditation_status + graduation_predicate,Manajemen Informatika,Diploma Tiga,Terakreditasi,Dengan Pujian,
,0,4,program + education_level + accreditation_status + graduation_predicate,Manajemen Informatika,Sarjana,Baik,Dengan Pujian,
,0,3,program + education_level + accreditation_status + graduation_predicate,Manajemen Informatika,Sarjana Terapan,Baik,Dengan Pujian,
,0,2,program + education_level + accreditation_status + graduation_predicate,Manajemen Informatika,Sarjana Terapan,Baik,__MISSING__,
,0,11,program + education_level + accreditation_status + graduation_predicate,Manajemen Informatika,Sarjana Terapan,Baik Sekali,Dengan Pujian,
,0,4,program + education_level + accreditation_status + graduation_predicate,Manajemen Informatika,Sarjana Terapan,Baik Sekali,Sangat Memuaskan,
,0,1,program + education_level + accreditation_status + graduation_predicate,Perhotelan,Diploma 3,Baik,Dengan Pujian,
,0,1,program + education_level + accreditation_status + graduation_predicate,Perhotelan,Diploma 3,Baik,Sangat Memuaskan,
,0,1,program + education_level + accreditation_status + graduation_predicate,Perhotelan,Diploma 3,Baik,__MISSING__,
,1,5,program + education_level + accreditation_status + graduation_predicate,Perhotelan,Diploma Tiga,Baik,Dengan Pujian,
,1,5,program + education_level + accreditation_status + graduation_predicate,Perhotelan,Diploma Tiga,Baik,Sangat Memuaskan,
,0,1,program + education_level + accreditation_status + graduation_predicate,Perhotelan,Diploma Tiga,Baik Sekali,Sangat Memuaskan,
,0,1,program + education_level + accreditation_status + graduation_predicate,Perhotelan,Diploma Tiga,Terakreditasi,Dengan Pujian,
,0,1,program + education_level + accreditation_status + graduation_predicate,Perhotelan,Diploma Tiga,Terakreditasi,Sangat Memuaskan,
,0,1,program + education_level + accreditation_status + graduation_predicate,Perhotelan,Sarjana,Baik,Sangat Memuaskan,
,0,1,program + education_level + accreditation_status + graduation_predicate,Perhotelan,Sarjana Terapan,Baik,Sangat Memuaskan,
,0,2,program + education_level + accreditation_status + graduation_predicate,Sistem Informasi,Diploma 3,Baik,Dengan Pujian,
,0,3,program + education_level + accreditation_status + graduation_predicate,Sistem Informasi,Diploma 3,Baik,__MISSING__,
,0,1,program + education_level + accreditation_status + graduation_predicate,Sistem Informasi,Diploma Tiga,Baik,Dengan Pujian,
,1,6,program + education_level + accreditation_status + graduation_predicate,Sistem Informasi,Sarjana,Baik,Dengan Pujian,
,1,1,program + education_level + accreditation_status + graduation_predicate,Sistem Informasi,Sarjana,Baik,Sangat Memuaskan,
,0,1,program + education_level + accreditation_status + graduation_predicate,Sistem Informasi,Sarjana,Baik Sekali,Sangat Memuaskan,
,0,1,program + education_level + accreditation_status + graduation_predicate,Sistem Informasi,Sarjana,Terakreditasi,Dengan Pujian,
,0,3,program + education_level + accreditation_status + graduation_predicate,Teknik Elektronika,Diploma 3,Baik,__MISSING__,
,0,2,program + education_level + accreditation_status + graduation_predicate,Teknik Elektronika,Diploma Tiga,Baik,Dengan Pujian,
,0,2,program + education_level + accreditation_status + graduation_predicate,Teknik Elektronika,Diploma Tiga,Baik,Sangat Memuaskan,
,0,2,program + education_level + accreditation_status + graduation_predicate,Teknik Elektronika,Diploma Tiga,Baik Sekali,Dengan Pujian,
,0,1,program + education_level + accreditation_status + graduation_predicate,Teknik Elektronika,Diploma Tiga,Baik Sekali,Sangat Memuaskan,
,1,13,program + education_level + accreditation_status + graduation_predicate,Teknik Elektronika,Diploma Tiga,Terakreditasi,Dengan Pujian,
,1,8,program + education_level + accreditation_status + graduation_predicate,Teknik Elektronika,Diploma Tiga,Terakreditasi,Sangat Memuaskan,
,0,3,program + education_level + accreditation_status + graduation_predicate,Teknik Elektronika,Sarjana,Terakreditasi,Dengan Pujian,
,0,1,program + education_level + accreditation_status + graduation_predicate,Teknik Elektronika,Sarjana,Terakreditasi,Sangat Memuaskan,
,0,1,program + education_level + accreditation_status + graduation_predicate,Teknik Elektronika,Sarjana Terapan,Terakreditasi,Dengan Pujian,
,0,2,program + education_level + accreditation_status + graduation_predicate,Teknik Elektronika,Sarjana Terapan,Terakreditasi,Sangat Memuaskan,
,0,4,program + education_level + accreditation_status + graduation_predicate,Teknik Informatika,Diploma 3,Baik,Dengan Pujian,
,0,2,program + education_level + accreditation_status + graduation_predicate,Teknik Informatika,Diploma 3,Baik,Sangat Memuaskan,
,0,6,program + education_level + accreditation_status + graduation_predicate,Teknik Informatika,Diploma 3,Baik,__MISSING__,
,0,7,program + education_level + accreditation_status + graduation_predicate,Teknik Informatika,Diploma 3,Baik Sekali,Dengan Pujian,
,0,8,program + education_level + accreditation_status + graduation_predicate,Teknik Informatika,Diploma 3,Baik Sekali,Sangat Memuaskan,
,0,5,program + education_level + accreditation_status + graduation_predicate,Teknik Informatika,Diploma Tiga,Baik,Dengan Pujian,
,0,1,program + education_level + accreditation_status + graduation_predicate,Teknik Informatika,Diploma Tiga,Baik,Sangat Memuaskan,
,0,7,program + education_level + accreditation_status + graduation_predicate,Teknik Informatika,Diploma Tiga,Baik Sekali,Dengan Pujian,
,0,1,program + education_level + accreditation_status + graduation_predicate,Teknik Informatika,Diploma Tiga,Baik Sekali,Memuaskan,
,0,5,program + education_level + accreditation_status + graduation_predicate,Teknik Informatika,Diploma Tiga,Baik Sekali,Sangat Memuaskan,
,1,29,program + education_level + accreditation_status + graduation_predicate,Teknik Informatika,Sarjana,Baik,Dengan Pujian,
,1,7,program + education_level + accreditation_status + graduation_predicate,Teknik Informatika,Sarjana,Baik,Sangat Memuaskan,
,0,3,program + education_level + accreditation_status + graduation_predicate,Teknik Informatika,Sarjana,Baik Sekali,Dengan Pujian,
,0,7,program + education_level + accreditation_status + graduation_predicate,Teknik Informatika,Sarjana,Terakreditasi,Dengan Pujian,
,0,2,program + education_level + accreditation_status + graduation_predicate,Teknik Informatika,Sarjana,Terakreditasi,Sangat Memuaskan,
,0,7,program + education_level + accreditation_status + graduation_predicate,Teknik Informatika,Sarjana Terapan,Baik,Dengan Pujian,
,0,6,program + education_level + accreditation_status + graduation_predicate,Teknik Informatika,Sarjana Terapan,Baik,Sangat Memuaskan,
,1,49,program + education_level + accreditation_status + graduation_predicate,Teknik Informatika,Sarjana Terapan,Baik Sekali,Dengan Pujian,
,1,1,program + education_level + accreditation_status + graduation_predicate,Teknik Informatika,Sarjana Terapan,Baik Sekali,Memuaskan,
,1,32,program + education_level + accreditation_status + graduation_predicate,Teknik Informatika,Sarjana Terapan,Baik Sekali,Sangat Memuaskan,
,0,8,program + education_level + accreditation_status + graduation_predicate,Teknik Informatika,Sarjana Terapan,Terakreditasi,Dengan Pujian,
,0,6,program + education_level + accreditation_status + graduation_predicate,Teknik Informatika,Sarjana Terapan,Terakreditasi,Sangat Memuaskan,
,0,4,program + education_level + accreditation_status + graduation_predicate,Teknik Komputer,Diploma 3,Baik,__MISSING__,
,0,13,program + education_level + accreditation_status + graduation_predicate,Teknik Komputer,Diploma 3,Baik Sekali,Dengan Pujian,
,0,2,program + education_level + accreditation_status + graduation_predicate,Teknik Komputer,Diploma 3,Baik Sekali,Sangat Memuaskan,
,0,19,program + education_level + accreditation_status + graduation_predicate,Teknik Komputer,Diploma Tiga,Baik,Dengan Pujian,
,0,7,program + education_level + accreditation_status + graduation_predicate,Teknik Komputer,Diploma Tiga,Baik,Sangat Memuaskan,
,1,111,program + education_level + accreditation_status + graduation_predicate,Teknik Komputer,Diploma Tiga,Baik Sekali,Dengan Pujian,
,1,45,program + education_level + accreditation_status + graduation_predicate,Teknik Komputer,Diploma Tiga,Baik Sekali,Sangat Memuaskan,
,0,16,program + education_level + accreditation_status + graduation_predicate,Teknik Komputer,Diploma Tiga,Terakreditasi,Dengan Pujian,
,0,10,program + education_level + accreditation_status + graduation_predicate,Teknik Komputer,Diploma Tiga,Terakreditasi,Sangat Memuaskan,
,0,8,program + education_level + accreditation_status + graduation_predicate,Teknik Komputer,Sarjana,Baik Sekali,Dengan Pujian,
,0,4,program + education_level + accreditation_status + graduation_predicate,Teknik Komputer,Sarjana,Baik Sekali,Sangat Memuaskan,
,0,20,program + education_level + accreditation_status + graduation_predicate,Teknik Komputer,Sarjana Terapan,Baik Sekali,Dengan Pujian,
,0,5,program + education_level + accreditation_status + graduation_predicate,Teknik Komputer,Sarjana Terapan,Baik Sekali,Sangat Memuaskan,
,0,2,program + education_level + accreditation_status + graduation_predicate,Teknik Mesin,Diploma 3,Baik,__MISSING__,
,0,1,program + education_level + accreditation_status + graduation_predicate,Teknik Mesin,Diploma 3,Baik Sekali,Dengan Pujian,
,0,5,program + education_level + accreditation_status + graduation_predicate,Teknik Mesin,Diploma 3,Baik Sekali,Sangat Memuaskan,
,0,4,program + education_level + accreditation_status + graduation_predicate,Teknik Mesin,Diploma Tiga,Baik,Dengan Pujian,
,0,2,program + education_level + accreditation_status + graduation_predicate,Teknik Mesin,Diploma Tiga,Baik,Sangat Memuaskan,
,1,24,program + education_level + accreditation_status + graduation_predicate,Teknik Mesin,Diploma Tiga,Baik Sekali,Dengan Pujian,
,1,23,program + education_level + accreditation_status + graduation_predicate,Teknik Mesin,Diploma Tiga,Baik Sekali,Sangat Memuaskan,
,0,5,program + education_level + accreditation_status + graduation_predicate,Teknik Mesin,Diploma Tiga,Terakreditasi,Dengan Pujian,
,0,5,program + education_level + accreditation_status + graduation_predicate,Teknik Mesin,Diploma Tiga,Terakreditasi,Sangat Memuaskan,
,0,2,program + education_level + accreditation_status + graduation_predicate,Teknik Mesin,Sarjana,Baik Sekali,Dengan Pujian,
,0,4,program + education_level + accreditation_status + graduation_predicate,Teknik Mesin,Sarjana,Baik Sekali,Sangat Memuaskan,
,0,2,program + education_level + accreditation_status + graduation_predicate,Teknik Mesin,Sarjana Terapan,Baik Sekali,Dengan Pujian,
,0,1,program + education_level + accreditation_status + graduation_predicate,Teknik Mesin,Sarjana Terapan,Baik Sekali,Sangat Memuaskan,
,0,8,program + education_level + accreditation_status + faculty_program_name,Akuntansi,Diploma 3,Baik,,__MISSING__
,0,14,program + education_level + accreditation_status + faculty_program_name,Akuntansi,Diploma 3,Baik Sekali,,Sekolah Vokasi/D3 Akuntansi
,0,29,program + education_level + accreditation_status + faculty_program_name,Akuntansi,Diploma Tiga,Baik,,Sekolah Vokasi/D3 Akuntansi
,1,137,program + education_level + accreditation_status + faculty_program_name,Akuntansi,Diploma Tiga,Baik Sekali,,Sekolah Vokasi/D3 Akuntansi
,0,17,program + education_level + accreditation_status + faculty_program_name,Akuntansi,Diploma Tiga,Terakreditasi,,Sekolah Vokasi/D3 Akuntansi
,0,15,program + education_level + accreditation_status + faculty_program_name,Akuntansi,Sarjana,Baik Sekali,,Sekolah Vokasi/D3 Akuntansi
,0,17,program + education_level + accreditation_status + faculty_program_name,Akuntansi,Sarjana Terapan,Baik Sekali,,Sekolah Vokasi/D3 Akuntansi
,0,1,program + education_level + accreditation_status + faculty_program_name,Akuntansi Sektor Publik,Diploma 3,Baik,,Sekolah Vokasi/D4 Akuntansi Sektor Publik
,0,1,program + education_level + accreditation_status + faculty_program_name,Akuntansi Sektor Publik,Diploma 3,Baik,,__MISSING__
,0,1,program + education_level + accreditation_status + faculty_program_name,Akuntansi Sektor Publik,Diploma Tiga,Baik,,Sekolah Vokasi/D4 Akuntansi Sektor Publik
,0,2,program + education_level + accreditation_status + faculty_program_name,Akuntansi Sektor Publik,Sarjana,Baik,,Sekolah Vokasi/D4 Akuntansi Sektor Publik
,1,13,program + education_level + accreditation_status + faculty_program_name,Akuntansi Sektor Publik,Sarjana Terapan,Baik,,Sekolah Vokasi/D4 Akuntansi Sektor Publik
,0,2,program + education_level + accreditation_status + faculty_program_name,Akuntansi Sektor Publik,Sarjana Terapan,Baik Sekali,,Sekolah Vokasi/D4 Akuntansi Sektor Publik
,0,3,program + education_level + accreditation_status + faculty_program_name,Akuntansi Sektor Publik,Sarjana Terapan,Terakreditasi,,Sekolah Vokasi/D4 Akuntansi Sektor Publik
,1,58,program + education_level + accreditation_status + faculty_program_name,Analis Kesehatan,Diploma 3,Baik,,__MISSING__
,0,10,program + education_level + accreditation_status + faculty_program_name,Analis Kesehatan,Diploma 3,Baik Sekali,,__MISSING__
,0,10,program + education_level + accreditation_status + faculty_program_name,Analis Kesehatan,Diploma 3,Terakreditasi,,__MISSING__
,0,9,program + education_level + accreditation_status + faculty_program_name,Analis Kesehatan,Diploma Tiga,Baik,,Sekolah Vokasi/D3 Desain Komunikasi Visual
,0,7,program + education_level + accreditation_status + faculty_program_name,Analis Kesehatan,Diploma Tiga,Baik,,Sekolah Vokasi/D3 Keperawatan
,0,2,program + education_level + accreditation_status + faculty_program_name,Analis Kesehatan,Diploma Tiga,Baik,,Sekolah Vokasi/D3 Perhotelan
,0,4,program + education_level + accreditation_status + faculty_program_name,Analis Kesehatan,Diploma Tiga,Baik,,__MISSING__
,0,27,program + education_level + accreditation_status + faculty_program_name,Analis Kesehatan,Diploma Tiga,Baik Sekali,,Sekolah Vokasi/D3 Akuntansi
,0,19,program + education_level + accreditation_status + faculty_program_name,Analis Kesehatan,Diploma Tiga,Baik Sekali,,Sekolah Vokasi/D3 Farmasi
,0,4,program + education_level + accreditation_status + faculty_program_name,Analis Kesehatan,Diploma Tiga,Baik Sekali,,Sekolah Vokasi/D3 Kebidanan
,0,24,program + education_level + accreditation_status + faculty_program_name,Analis Kesehatan,Diploma Tiga,Baik Sekali,,Sekolah Vokasi/D3 Teknik Komputer
,0,9,program + education_level + accreditation_status + faculty_program_name,Analis Kesehatan,Diploma Tiga,Baik Sekali,,Sekolah Vokasi/D3 Teknik Mesin
,0,6,program + education_level + accreditation_status + faculty_program_name,Analis Kesehatan,Diploma Tiga,Terakreditasi,,Sekolah Vokasi/D3 Teknik Elektronika
,0,2,program + education_level + accreditation_status + faculty_program_name,Analis Kesehatan,Sarjana,Baik,,Fakultas Sains dan Teknologi/S1 Sistem Informasi
,0,8,program + education_level + accreditation_status + faculty_program_name,Analis Kesehatan,Sarjana,Baik,,Fakultas Sains dan Teknologi/S1 Teknik Informatika
,0,10,program + education_level + accreditation_status + faculty_program_name,Analis Kesehatan,Sarjana,Baik,,__MISSING__
,0,1,program + education_level + accreditation_status + faculty_program_name,Analis Kesehatan,Sarjana Terapan,Baik,,Sekolah Vokasi/D4 Akuntansi Sektor Publik
,0,5,program + education_level + accreditation_status + faculty_program_name,Analis Kesehatan,Sarjana Terapan,Baik,,__MISSING__
,0,12,program + education_level + accreditation_status + faculty_program_name,Analis Kesehatan,Sarjana Terapan,Baik Sekali,,Sekolah Vokasi/D4 Teknik Informatika
,0,10,program + education_level + accreditation_status + faculty_program_name,Desain Komunikasi Visual,Diploma 3,Baik,,Sekolah Vokasi/D3 Desain Komunikasi Visual
,0,6,program + education_level + accreditation_status + faculty_program_name,Desain Komunikasi Visual,Diploma 3,Baik,,__MISSING__
,1,50,program + education_level + accreditation_status + faculty_program_name,Desain Komunikasi Visual,Diploma Tiga,Baik,,Sekolah Vokasi/D3 Desain Komunikasi Visual
,0,8,program + education_level + accreditation_status + faculty_program_name,Desain Komunikasi Visual,Diploma Tiga,Baik Sekali,,Sekolah Vokasi/D3 Desain Komunikasi Visual
,0,9,program + education_level + accreditation_status + faculty_program_name,Desain Komunikasi Visual,Diploma Tiga,Terakreditasi,,Sekolah Vokasi/D3 Desain Komunikasi Visual
,0,3,program + education_level + accreditation_status + faculty_program_name,Desain Komunikasi Visual,Sarjana,Baik,,Sekolah Vokasi/D3 Desain Komunikasi Visual
,0,3,program + education_level + accreditation_status + faculty_program_name,Desain Komunikasi Visual,Sarjana Terapan,Baik,,Sekolah Vokasi/D3 Desain Komunikasi Visual
,1,46,program + education_level + accreditation_status + faculty_program_name,Farmasi,Diploma 3,Baik,,__MISSING__
,0,19,program + education_level + accreditation_status + faculty_program_name,Farmasi,Diploma 3,Baik Sekali,,Sekolah Vokasi/D3 Farmasi
,0,8,program + education_level + accreditation_status + faculty_program_name,Farmasi,Diploma 3,Baik Sekali,,__MISSING__
,0,7,program + education_level + accreditation_status + faculty_program_name,Farmasi,Diploma 3,Terakreditasi,,__MISSING__
,0,19,program + education_level + accreditation_status + faculty_program_name,Farmasi,Diploma Tiga,Baik,,Sekolah Vokasi/D3 Farmasi
,0,3,program + education_level + accreditation_status + faculty_program_name,Farmasi,Diploma Tiga,Baik,,__MISSING__
,1,127,program + education_level + accreditation_status + faculty_program_name,Farmasi,Diploma Tiga,Baik Sekali,,Sekolah Vokasi/D3 Farmasi
,0,23,program + education_level + accreditation_status + faculty_program_name,Farmasi,Diploma Tiga,Terakreditasi,,Sekolah Vokasi/D3 Farmasi
,0,6,program + education_level + accreditation_status + faculty_program_name,Farmasi,Sarjana,Baik,,__MISSING__
,0,11,program + education_level + accreditation_status + faculty_program_name,Farmasi,Sarjana,Baik Sekali,,Sekolah Vokasi/D3 Farmasi
,0,6,program + education_level + accreditation_status + faculty_program_name,Farmasi,Sarjana Terapan,Baik,,__MISSING__
,0,12,program + education_level + accreditation_status + faculty_program_name,Farmasi,Sarjana Terapan,Baik Sekali,,Sekolah Vokasi/D3 Farmasi
,0,3,program + education_level + accreditation_status + faculty_program_name,Kebidanan,Diploma 3,Baik,,__MISSING__
,0,2,program + education_level + accreditation_status + faculty_program_name,Kebidanan,Diploma 3,Baik Sekali,,Sekolah Vokasi/D3 Kebidanan
,0,3,program + education_level + accreditation_status + faculty_program_name,Kebidanan,Diploma Tiga,Baik,,Sekolah Vokasi/D3 Kebidanan
,1,14,program + education_level + accreditation_status + faculty_program_name,Kebidanan,Diploma Tiga,Baik Sekali,,Sekolah Vokasi/D3 Kebidanan
,0,1,program + education_level + accreditation_status + faculty_program_name,Kebidanan,Diploma Tiga,Terakreditasi,,Sekolah Vokasi/D3 Kebidanan
,0,2,program + education_level + accreditation_status + faculty_program_name,Kebidanan,Sarjana,Baik Sekali,,Sekolah Vokasi/D3 Kebidanan
,0,1,program + education_level + accreditation_status + faculty_program_name,Kebidanan,Sarjana Terapan,Baik Sekali,,Sekolah Vokasi/D3 Kebidanan
,0,3,program + education_level + accreditation_status + faculty_program_name,Keperawatan,Diploma 3,Baik,,Sekolah Vokasi/D3 Keperawatan
,0,2,program + education_level + accreditation_status + faculty_program_name,Keperawatan,Diploma 3,Baik,,__MISSING__
,1,46,program + education_level + accreditation_status + faculty_program_name,Keperawatan,Diploma Tiga,Baik,,Sekolah Vokasi/D3 Keperawatan
,0,10,program + education_level + accreditation_status + faculty_program_name,Keperawatan,Diploma Tiga,Baik Sekali,,Sekolah Vokasi/D3 Keperawatan
,0,6,program + education_level + accreditation_status + faculty_program_name,Keperawatan,Diploma Tiga,Terakreditasi,,Sekolah Vokasi/D3 Keperawatan
,0,9,program + education_level + accreditation_status + faculty_program_name,Keperawatan,Sarjana,Baik,,Sekolah Vokasi/D3 Keperawatan
,0,3,program + education_level + accreditation_status + faculty_program_name,Keperawatan,Sarjana Terapan,Baik,,Sekolah Vokasi/D3 Keperawatan
,1,12,program + education_level + accreditation_status + faculty_program_name,Manajemen Informatika,Diploma 3,Baik,,__MISSING__
,0,3,program + education_level + accreditation_status + faculty_program_name,Manajemen Informatika,Diploma 3,Baik Sekali,,__MISSING__
,0,1,program + education_level + accreditation_status + faculty_program_name,Manajemen Informatika,Diploma 3,Terakreditasi,,__MISSING__
,0,8,program + education_level + accreditation_status + faculty_program_name,Manajemen Informatika,Diploma Tiga,Baik,,Sekolah Vokasi/D3 Desain Komunikasi Visual
,0,8,program + education_level + accreditation_status + faculty_program_name,Manajemen Informatika,Diploma Tiga,Baik,,Sekolah Vokasi/D3 Keperawatan
,0,1,program + education_level + accreditation_status + faculty_program_name,Manajemen Informatika,Diploma Tiga,Baik,,Sekolah Vokasi/D3 Perhotelan
,0,2,program + education_level + accreditation_status + faculty_program_name,Manajemen Informatika,Diploma Tiga,Baik,,__MISSING__
,0,18,program + education_level + accreditation_status + faculty_program_name,Manajemen Informatika,Diploma Tiga,Baik Sekali,,Sekolah Vokasi/D3 Akuntansi
,0,24,program + education_level + accreditation_status + faculty_program_name,Manajemen Informatika,Diploma Tiga,Baik Sekali,,Sekolah Vokasi/D3 Farmasi
,0,1,program + education_level + accreditation_status + faculty_program_name,Manajemen Informatika,Diploma Tiga,Baik Sekali,,Sekolah Vokasi/D3 Kebidanan
,0,28,program + education_level + accreditation_status + faculty_program_name,Manajemen Informatika,Diploma Tiga,Baik Sekali,,Sekolah Vokasi/D3 Teknik Komputer
,0,7,program + education_level + accreditation_status + faculty_program_name,Manajemen Informatika,Diploma Tiga,Baik Sekali,,Sekolah Vokasi/D3 Teknik Mesin
,0,1,program + education_level + accreditation_status + faculty_program_name,Manajemen Informatika,Diploma Tiga,Terakreditasi,,Sekolah Vokasi/D3 Teknik Elektronika
,0,4,program + education_level + accreditation_status + faculty_program_name,Manajemen Informatika,Sarjana,Baik,,Fakultas Sains dan Teknologi/S1 Teknik Informatika
,0,3,program + education_level + accreditation_status + faculty_program_name,Manajemen Informatika,Sarjana Terapan,Baik,,Sekolah Vokasi/D4 Akuntansi Sektor Publik
,0,2,program + education_level + accreditation_status + faculty_program_name,Manajemen Informatika,Sarjana Terapan,Baik,,__MISSING__
,0,15,program + education_level + accreditation_status + faculty_program_name,Manajemen Informatika,Sarjana Terapan,Baik Sekali,,Sekolah Vokasi/D4 Teknik Informatika
,0,2,program + education_level + accreditation_status + faculty_program_name,Perhotelan,Diploma 3,Baik,,Sekolah Vokasi/D3 Perhotelan
,0,1,program + education_level + accreditation_status + faculty_program_name,Perhotelan,Diploma 3,Baik,,__MISSING__
,1,10,program + education_level + accreditation_status + faculty_program_name,Perhotelan,Diploma Tiga,Baik,,Sekolah Vokasi/D3 Perhotelan
,0,1,program + education_level + accreditation_status + faculty_program_name,Perhotelan,Diploma Tiga,Baik Sekali,,Sekolah Vokasi/D3 Perhotelan
,0,2,program + education_level + accreditation_status + faculty_program_name,Perhotelan,Diploma Tiga,Terakreditasi,,Sekolah Vokasi/D3 Perhotelan
,0,1,program + education_level + accreditation_status + faculty_program_name,Perhotelan,Sarjana,Baik,,Sekolah Vokasi/D3 Perhotelan
,0,1,program + education_level + accreditation_status + faculty_program_name,Perhotelan,Sarjana Terapan,Baik,,Sekolah Vokasi/D3 Perhotelan
,0,2,program + education_level + accreditation_status + faculty_program_name,Sistem Informasi,Diploma 3,Baik,,Fakultas Sains dan Teknologi/S1 Sistem Informasi
,0,3,program + education_level + accreditation_status + faculty_program_name,Sistem Informasi,Diploma 3,Baik,,__MISSING__
,0,1,program + education_level + accreditation_status + faculty_program_name,Sistem Informasi,Diploma Tiga,Baik,,Fakultas Sains dan Teknologi/S1 Sistem Informasi
,1,7,program + education_level + accreditation_status + faculty_program_name,Sistem Informasi,Sarjana,Baik,,Fakultas Sains dan Teknologi/S1 Sistem Informasi
,0,1,program + education_level + accreditation_status + faculty_program_name,Sistem Informasi,Sarjana,Baik Sekali,,Fakultas Sains dan Teknologi/S1 Sistem Informasi
,0,1,program + education_level + accreditation_status + faculty_program_name,Sistem Informasi,Sarjana,Terakreditasi,,Fakultas Sains dan Teknologi/S1 Sistem Informasi
,0,3,program + education_level + accreditation_status + faculty_program_name,Teknik Elektronika,Diploma 3,Baik,,__MISSING__
,0,4,program + education_level + accreditation_status + faculty_program_name,Teknik Elektronika,Diploma Tiga,Baik,,Sekolah Vokasi/D3 Teknik Elektronika
,0,3,program + education_level + accreditation_status + faculty_program_name,Teknik Elektronika,Diploma Tiga,Baik Sekali,,Sekolah Vokasi/D3 Teknik Elektronika
,1,21,program + education_level + accreditation_status + faculty_program_name,Teknik Elektronika,Diploma Tiga,Terakreditasi,,Sekolah Vokasi/D3 Teknik Elektronika
,0,4,program + education_level + accreditation_status + faculty_program_name,Teknik Elektronika,Sarjana,Terakreditasi,,Sekolah Vokasi/D3 Teknik Elektronika
,0,3,program + education_level + accreditation_status + faculty_program_name,Teknik Elektronika,Sarjana Terapan,Terakreditasi,,Sekolah Vokasi/D3 Teknik Elektronika
,0,6,program + education_level + accreditation_status + faculty_program_name,Teknik Informatika,Diploma 3,Baik,,Fakultas Sains dan Teknologi/S1 Teknik Informatika
,0,6,program + education_level + accreditation_status + faculty_program_name,Teknik Informatika,Diploma 3,Baik,,__MISSING__
,0,15,program + education_level + accreditation_status + faculty_program_name,Teknik Informatika,Diploma 3,Baik Sekali,,Sekolah Vokasi/D4 Teknik Informatika
,0,6,program + education_level + accreditation_status + faculty_program_name,Teknik Informatika,Diploma Tiga,Baik,,Fakultas Sains dan Teknologi/S1 Teknik Informatika
,0,13,program + education_level + accreditation_status + faculty_program_name,Teknik Informatika,Diploma Tiga,Baik Sekali,,Sekolah Vokasi/D4 Teknik Informatika
,1,36,program + education_level + accreditation_status + faculty_program_name,Teknik Informatika,Sarjana,Baik,,Fakultas Sains dan Teknologi/S1 Teknik Informatika
,0,3,program + education_level + accreditation_status + faculty_program_name,Teknik Informatika,Sarjana,Baik Sekali,,Fakultas Sains dan Teknologi/S1 Teknik Informatika
,0,9,program + education_level + accreditation_status + faculty_program_name,Teknik Informatika,Sarjana,Terakreditasi,,Fakultas Sains dan Teknologi/S1 Teknik Informatika
,0,13,program + education_level + accreditation_status + faculty_program_name,Teknik Informatika,Sarjana Terapan,Baik,,Sekolah Vokasi/D4 Teknik Informatika
,1,82,program + education_level + accreditation_status + faculty_program_name,Teknik Informatika,Sarjana Terapan,Baik Sekali,,Sekolah Vokasi/D4 Teknik Informatika
,0,14,program + education_level + accreditation_status + faculty_program_name,Teknik Informatika,Sarjana Terapan,Terakreditasi,,Sekolah Vokasi/D4 Teknik Informatika
,0,4,program + education_level + accreditation_status + faculty_program_name,Teknik Komputer,Diploma 3,Baik,,__MISSING__
,0,15,program + education_level + accreditation_status + faculty_program_name,Teknik Komputer,Diploma 3,Baik Sekali,,Sekolah Vokasi/D3 Teknik Komputer
,0,26,program + education_level + accreditation_status + faculty_program_name,Teknik Komputer,Diploma Tiga,Baik,,Sekolah Vokasi/D3 Teknik Komputer
,1,156,program + education_level + accreditation_status + faculty_program_name,Teknik Komputer,Diploma Tiga,Baik Sekali,,Sekolah Vokasi/D3 Teknik Komputer
,0,26,program + education_level + accreditation_status + faculty_program_name,Teknik Komputer,Diploma Tiga,Terakreditasi,,Sekolah Vokasi/D3 Teknik Komputer
,0,12,program + education_level + accreditation_status + faculty_program_name,Teknik Komputer,Sarjana,Baik Sekali,,Sekolah Vokasi/D3 Teknik Komputer
,0,25,program + education_level + accreditation_status + faculty_program_name,Teknik Komputer,Sarjana Terapan,Baik Sekali,,Sekolah Vokasi/D3 Teknik Komputer
,0,2,program + education_level + accreditation_status + faculty_program_name,Teknik Mesin,Diploma 3,Baik,,__MISSING__
,0,6,program + education_level + accreditation_status + faculty_program_name,Teknik Mesin,Diploma 3,Baik Sekali,,Sekolah Vokasi/D3 Teknik Mesin
,0,6,program + education_level + accreditation_status + faculty_program_name,Teknik Mesin,Diploma Tiga,Baik,,Sekolah Vokasi/D3 Teknik Mesin
,1,47,program + education_level + accreditation_status + faculty_program_name,Teknik Mesin,Diploma Tiga,Baik Sekali,,Sekolah Vokasi/D3 Teknik Mesin
,0,10,program + education_level + accreditation_status + faculty_program_name,Teknik Mesin,Diploma Tiga,Terakreditasi,,Sekolah Vokasi/D3 Teknik Mesin
,0,6,program + education_level + accreditation_status + faculty_program_name,Teknik Mesin,Sarjana,Baik Sekali,,Sekolah Vokasi/D3 Teknik Mesin
,0,3,program + education_level + accreditation_status + faculty_program_name,Teknik Mesin,Sarjana Terapan,Baik Sekali,,Sekolah Vokasi/D3 Teknik Mesin
,0,11,program + education_level + graduation_predicate + faculty_program_name,Akuntansi,Diploma 3,,Dengan Pujian,Sekolah Vokasi/D3 Akuntansi
,0,3,program + education_level + graduation_predicate + faculty_program_name,Akuntansi,Diploma 3,,Sangat Memuaskan,Sekolah Vokasi/D3 Akuntansi
,0,8,program + education_level + graduation_predicate + faculty_program_name,Akuntansi,Diploma 3,,__MISSING__,__MISSING__
,0,34,program + education_level + graduation_predicate + faculty_program_name,Akuntansi,Diploma Tiga,,Dengan Pujian,Sekolah Vokasi/D3 Akuntansi
,1,109,program + education_level + graduation_predicate + faculty_program_name,Akuntansi,Diploma Tiga,,Dengan Pujian,Sekolah Vokasi/D3 Akuntansi
,0,12,program + education_level + graduation_predicate + faculty_program_name,Akuntansi,Diploma Tiga,,Sangat Memuaskan,Sekolah Vokasi/D3 Akuntansi
,1,28,program + education_level + graduation_predicate + faculty_program_name,Akuntansi,Diploma Tiga,,Sangat Memuaskan,Sekolah Vokasi/D3 Akuntansi
,0,12,program + education_level + graduation_predicate + faculty_program_name,Akuntansi,Sarjana,,Dengan Pujian,Sekolah Vokasi/D3 Akuntansi
,0,3,program + education_level + graduation_predicate + faculty_program_name,Akuntansi,Sarjana,,Sangat Memuaskan,Sekolah Vokasi/D3 Akuntansi
,0,12,program + education_level + graduation_predicate + faculty_program_name,Akuntansi,Sarjana Terapan,,Dengan Pujian,Sekolah Vokasi/D3 Akuntansi
,0,5,program + education_level + graduation_predicate + faculty_program_name,Akuntansi,Sarjana Terapan,,Sangat Memuaskan,Sekolah Vokasi/D3 Akuntansi
,0,1,program + education_level + graduation_predicate + faculty_program_name,Akuntansi Sektor Publik,Diploma 3,,Dengan Pujian,Sekolah Vokasi/D4 Akuntansi Sektor Publik
,0,1,program + education_level + graduation_predicate + faculty_program_name,Akuntansi Sektor Publik,Diploma 3,,__MISSING__,__MISSING__
,0,1,program + education_level + graduation_predicate + faculty_program_name,Akuntansi Sektor Publik,Diploma Tiga,,Dengan Pujian,Sekolah Vokasi/D4 Akuntansi Sektor Publik
,0,2,program + education_level + graduation_predicate + faculty_program_name,Akuntansi Sektor Publik,Sarjana,,Dengan Pujian,Sekolah Vokasi/D4 Akuntansi Sektor Publik
,0,3,program + education_level + graduation_predicate + faculty_program_name,Akuntansi Sektor Publik,Sarjana Terapan,,Dengan Pujian,Sekolah Vokasi/D4 Akuntansi Sektor Publik
,1,10,program + education_level + graduation_predicate + faculty_program_name,Akuntansi Sektor Publik,Sarjana Terapan,,Dengan Pujian,Sekolah Vokasi/D4 Akuntansi Sektor Publik
,0,2,program + education_level + graduation_predicate + faculty_program_name,Akuntansi Sektor Publik,Sarjana Terapan,,Sangat Memuaskan,Sekolah Vokasi/D4 Akuntansi Sektor Publik
,1,3,program + education_level + graduation_predicate + faculty_program_name,Akuntansi Sektor Publik,Sarjana Terapan,,Sangat Memuaskan,Sekolah Vokasi/D4 Akuntansi Sektor Publik
,0,20,program + education_level + graduation_predicate + faculty_program_name,Analis Kesehatan,Diploma 3,,__MISSING__,__MISSING__
,1,58,program + education_level + graduation_predicate + faculty_program_name,Analis Kesehatan,Diploma 3,,__MISSING__,__MISSING__
,0,25,program + education_level + graduation_predicate + faculty_program_name,Analis Kesehatan,Diploma Tiga,,Dengan Pujian,Sekolah Vokasi/D3 Akuntansi
,0,3,program + education_level + graduation_predicate + faculty_program_name,Analis Kesehatan,Diploma Tiga,,Dengan Pujian,Sekolah Vokasi/D3 Desain Komunikasi Visual
,0,6,program + education_level + graduation_predicate + faculty_program_name,Analis Kesehatan,Diploma Tiga,,Dengan Pujian,Sekolah Vokasi/D3 Farmasi
,0,3,program + education_level + graduation_predicate + faculty_program_name,Analis Kesehatan,Diploma Tiga,,Dengan Pujian,Sekolah Vokasi/D3 Kebidanan
,0,4,program + education_level + graduation_predicate + faculty_program_name,Analis Kesehatan,Diploma Tiga,,Dengan Pujian,Sekolah Vokasi/D3 Keperawatan
,0,2,program + education_level + graduation_predicate + faculty_program_name,Analis Kesehatan,Diploma Tiga,,Dengan Pujian,Sekolah Vokasi/D3 Perhotelan
,0,4,program + education_level + graduation_predicate + faculty_program_name,Analis Kesehatan,Diploma Tiga,,Dengan Pujian,Sekolah Vokasi/D3 Teknik Elektronika
,0,18,program + education_level + graduation_predicate + faculty_program_name,Analis Kesehatan,Diploma Tiga,,Dengan Pujian,Sekolah Vokasi/D3 Teknik Komputer
,0,7,program + education_level + graduation_predicate + faculty_program_name,Analis Kesehatan,Diploma Tiga,,Dengan Pujian,Sekolah Vokasi/D3 Teknik Mesin
,0,2,program + education_level + graduation_predicate + faculty_program_name,Analis Kesehatan,Diploma Tiga,,Sangat Memuaskan,Sekolah Vokasi/D3 Akuntansi
,0,6,program + education_level + graduation_predicate + faculty_program_name,Analis Kesehatan,Diploma Tiga,,Sangat Memuaskan,Sekolah Vokasi/D3 Desain Komunikasi Visual
,0,13,program + education_level + graduation_predicate + faculty_program_name,Analis Kesehatan,Diploma Tiga,,Sangat Memuaskan,Sekolah Vokasi/D3 Farmasi
,0,1,program + education_level + graduation_predicate + faculty_program_name,Analis Kesehatan,Diploma Tiga,,Sangat Memuaskan,Sekolah Vokasi/D3 Kebidanan
,0,3,program + education_level + graduation_predicate + faculty_program_name,Analis Kesehatan,Diploma Tiga,,Sangat Memuaskan,Sekolah Vokasi/D3 Keperawatan
,0,2,program + education_level + graduation_predicate + faculty_program_name,Analis Kesehatan,Diploma Tiga,,Sangat Memuaskan,Sekolah Vokasi/D3 Teknik Elektronika
,0,6,program + education_level + graduation_predicate + faculty_program_name,Analis Kesehatan,Diploma Tiga,,Sangat Memuaskan,Sekolah Vokasi/D3 Teknik Komputer
,0,2,program + education_level + graduation_predicate + faculty_program_name,Analis Kesehatan,Diploma Tiga,,Sangat Memuaskan,Sekolah Vokasi/D3 Teknik Mesin
,0,4,program + education_level + graduation_predicate + faculty_program_name,Analis Kesehatan,Diploma Tiga,,__MISSING__,__MISSING__
,0,2,program + education_level + graduation_predicate + faculty_program_name,Analis Kesehatan,Sarjana,,Dengan Pujian,Fakultas Sains dan Teknologi/S1 Sistem Informasi
,0,6,program + education_level + graduation_predicate + faculty_program_name,Analis Kesehatan,Sarjana,,Dengan Pujian,Fakultas Sains dan Teknologi/S1 Teknik Informatika
,0,2,program + education_level + graduation_predicate + faculty_program_name,Analis Kesehatan,Sarjana,,Sangat Memuaskan,Fakultas Sains dan Teknologi/S1 Teknik Informatika
,0,10,program + education_level + graduation_predicate + faculty_program_name,Analis Kesehatan,Sarjana,,__MISSING__,__MISSING__
,0,9,program + education_level + graduation_predicate + faculty_program_name,Analis Kesehatan,Sarjana Terapan,,Dengan Pujian,Sekolah Vokasi/D4 Teknik Informatika
,0,1,program + education_level + graduation_predicate + faculty_program_name,Analis Kesehatan,Sarjana Terapan,,Sangat Memuaskan,Sekolah Vokasi/D4 Akuntansi Sektor Publik
,0,3,program + education_level + graduation_predicate + faculty_program_name,Analis Kesehatan,Sarjana Terapan,,Sangat Memuaskan,Sekolah Vokasi/D4 Teknik Informatika
,0,5,program + education_level + graduation_predicate + faculty_program_name,Analis Kesehatan,Sarjana Terapan,,__MISSING__,__MISSING__
,0,1,program + education_level + graduation_predicate + faculty_program_name,Desain Komunikasi Visual,Diploma 3,,Dengan Pujian,Sekolah Vokasi/D3 Desain Komunikasi Visual
,0,9,program + education_level + graduation_predicate + faculty_program_name,Desain Komunikasi Visual,Diploma 3,,Sangat Memuaskan,Sekolah Vokasi/D3 Desain Komunikasi Visual
,0,6,program + education_level + graduation_predicate + faculty_program_name,Desain Komunikasi Visual,Diploma 3,,__MISSING__,__MISSING__
,0,2,program + education_level + graduation_predicate + faculty_program_name,Desain Komunikasi Visual,Diploma Tiga,,Dengan Pujian,Sekolah Vokasi/D3 Desain Komunikasi Visual
,1,12,program + education_level + graduation_predicate + faculty_program_name,Desain Komunikasi Visual,Diploma Tiga,,Dengan Pujian,Sekolah Vokasi/D3 Desain Komunikasi Visual
,0,2,program + education_level + graduation_predicate + faculty_program_name,Desain Komunikasi Visual,Diploma Tiga,,Memuaskan,Sekolah Vokasi/D3 Desain Komunikasi Visual
,1,2,program + education_level + graduation_predicate + faculty_program_name,Desain Komunikasi Visual,Diploma Tiga,,Memuaskan,Sekolah Vokasi/D3 Desain Komunikasi Visual
,0,13,program + education_level + graduation_predicate + faculty_program_name,Desain Komunikasi Visual,Diploma Tiga,,Sangat Memuaskan,Sekolah Vokasi/D3 Desain Komunikasi Visual
,1,36,program + education_level + graduation_predicate + faculty_program_name,Desain Komunikasi Visual,Diploma Tiga,,Sangat Memuaskan,Sekolah Vokasi/D3 Desain Komunikasi Visual
,0,1,program + education_level + graduation_predicate + faculty_program_name,Desain Komunikasi Visual,Sarjana,,Dengan Pujian,Sekolah Vokasi/D3 Desain Komunikasi Visual
,0,2,program + education_level + graduation_predicate + faculty_program_name,Desain Komunikasi Visual,Sarjana,,Sangat Memuaskan,Sekolah Vokasi/D3 Desain Komunikasi Visual
,0,1,program + education_level + graduation_predicate + faculty_program_name,Desain Komunikasi Visual,Sarjana Terapan,,Dengan Pujian,Sekolah Vokasi/D3 Desain Komunikasi Visual
,0,2,program + education_level + graduation_predicate + faculty_program_name,Desain Komunikasi Visual,Sarjana Terapan,,Sangat Memuaskan,Sekolah Vokasi/D3 Desain Komunikasi Visual
,0,6,program + education_level + graduation_predicate + faculty_program_name,Farmasi,Diploma 3,,Dengan Pujian,Sekolah Vokasi/D3 Farmasi
,0,13,program + education_level + graduation_predicate + faculty_program_name,Farmasi,Diploma 3,,Sangat Memuaskan,Sekolah Vokasi/D3 Farmasi
,0,15,program + education_level + graduation_predicate + faculty_program_name,Farmasi,Diploma 3,,__MISSING__,__MISSING__
,1,46,program + education_level + graduation_predicate + faculty_program_name,Farmasi,Diploma 3,,__MISSING__,__MISSING__
,0,19,program + education_level + graduation_predicate + faculty_program_name,Farmasi,Diploma Tiga,,Dengan Pujian,Sekolah Vokasi/D3 Farmasi
,1,47,program + education_level + graduation_predicate + faculty_program_name,Farmasi,Diploma Tiga,,Dengan Pujian,Sekolah Vokasi/D3 Farmasi
,0,23,program + education_level + graduation_predicate + faculty_program_name,Farmasi,Diploma Tiga,,Sangat Memuaskan,Sekolah Vokasi/D3 Farmasi
,1,80,program + education_level + graduation_predicate + faculty_program_name,Farmasi,Diploma Tiga,,Sangat Memuaskan,Sekolah Vokasi/D3 Farmasi
,0,3,program + education_level + graduation_predicate + faculty_program_name,Farmasi,Diploma Tiga,,__MISSING__,__MISSING__
,0,4,program + education_level + graduation_predicate + faculty_program_name,Farmasi,Sarjana,,Dengan Pujian,Sekolah Vokasi/D3 Farmasi
,0,7,program + education_level + graduation_predicate + faculty_program_name,Farmasi,Sarjana,,Sangat Memuaskan,Sekolah Vokasi/D3 Farmasi
,0,6,program + education_level + graduation_predicate + faculty_program_name,Farmasi,Sarjana,,__MISSING__,__MISSING__
,0,3,program + education_level + graduation_predicate + faculty_program_name,Farmasi,Sarjana Terapan,,Dengan Pujian,Sekolah Vokasi/D3 Farmasi
,0,9,program + education_level + graduation_predicate + faculty_program_name,Farmasi,Sarjana Terapan,,Sangat Memuaskan,Sekolah Vokasi/D3 Farmasi
,0,6,program + education_level + graduation_predicate + faculty_program_name,Farmasi,Sarjana Terapan,,__MISSING__,__MISSING__
,0,1,program + education_level + graduation_predicate + faculty_program_name,Kebidanan,Diploma 3,,Dengan Pujian,Sekolah Vokasi/D3 Kebidanan
,0,1,program + education_level + graduation_predicate + faculty_program_name,Kebidanan,Diploma 3,,Sangat Memuaskan,Sekolah Vokasi/D3 Kebidanan
,0,3,program + education_level + graduation_predicate + faculty_program_name,Kebidanan,Diploma 3,,__MISSING__,__MISSING__
,0,3,program + education_level + graduation_predicate + faculty_program_name,Kebidanan,Diploma Tiga,,Dengan Pujian,Sekolah Vokasi/D3 Kebidanan
,1,9,program + education_level + graduation_predicate + faculty_program_name,Kebidanan,Diploma Tiga,,Dengan Pujian,Sekolah Vokasi/D3 Kebidanan
,0,1,program + education_level + graduation_predicate + faculty_program_name,Kebidanan,Diploma Tiga,,Sangat Memuaskan,Sekolah Vokasi/D3 Kebidanan
,1,5,program + education_level + graduation_predicate + faculty_program_name,Kebidanan,Diploma Tiga,,Sangat Memuaskan,Sekolah Vokasi/D3 Kebidanan
,0,1,program + education_level + graduation_predicate + faculty_program_name,Kebidanan,Sarjana,,Dengan Pujian,Sekolah Vokasi/D3 Kebidanan
,0,1,program + education_level + graduation_predicate + faculty_program_name,Kebidanan,Sarjana,,Sangat Memuaskan,Sekolah Vokasi/D3 Kebidanan
,0,1,program + education_level + graduation_predicate + faculty_program_name,Kebidanan,Sarjana Terapan,,Dengan Pujian,Sekolah Vokasi/D3 Kebidanan
,0,1,program + education_level + graduation_predicate + faculty_program_name,Keperawatan,Diploma 3,,Dengan Pujian,Sekolah Vokasi/D3 Keperawatan
,0,2,program + education_level + graduation_predicate + faculty_program_name,Keperawatan,Diploma 3,,Sangat Memuaskan,Sekolah Vokasi/D3 Keperawatan
,0,2,program + education_level + graduation_predicate + faculty_program_name,Keperawatan,Diploma 3,,__MISSING__,__MISSING__
,0,10,program + education_level + graduation_predicate + faculty_program_name,Keperawatan,Diploma Tiga,,Dengan Pujian,Sekolah Vokasi/D3 Keperawatan
,1,29,program + education_level + graduation_predicate + faculty_program_name,Keperawatan,Diploma Tiga,,Dengan Pujian,Sekolah Vokasi/D3 Keperawatan
,0,6,program + education_level + graduation_predicate + faculty_program_name,Keperawatan,Diploma Tiga,,Sangat Memuaskan,Sekolah Vokasi/D3 Keperawatan
,1,17,program + education_level + graduation_predicate + faculty_program_name,Keperawatan,Diploma Tiga,,Sangat Memuaskan,Sekolah Vokasi/D3 Keperawatan
,0,6,program + education_level + graduation_predicate + faculty_program_name,Keperawatan,Sarjana,,Dengan Pujian,Sekolah Vokasi/D3 Keperawatan
,0,3,program + education_level + graduation_predicate + faculty_program_name,Keperawatan,Sarjana,,Sangat Memuaskan,Sekolah Vokasi/D3 Keperawatan
,0,3,program + education_level + graduation_predicate + faculty_program_name,Keperawatan,Sarjana Terapan,,Dengan Pujian,Sekolah Vokasi/D3 Keperawatan
,0,4,program + education_level + graduation_predicate + faculty_program_name,Manajemen Informatika,Diploma 3,,__MISSING__,__MISSING__
,1,12,program + education_level + graduation_predicate + faculty_program_name,Manajemen Informatika,Diploma 3,,__MISSING__,__MISSING__
,0,15,program + education_level + graduation_predicate + faculty_program_name,Manajemen Informatika,Diploma Tiga,,Dengan Pujian,Sekolah Vokasi/D3 Akuntansi
,0,4,program + education_level + graduation_predicate + faculty_program_name,Manajemen Informatika,Diploma Tiga,,Dengan Pujian,Sekolah Vokasi/D3 Desain Komunikasi Visual
,0,9,program + education_level + graduation_predicate + faculty_program_name,Manajemen Informatika,Diploma Tiga,,Dengan Pujian,Sekolah Vokasi/D3 Farmasi
,0,5,program + education_level + graduation_predicate + faculty_program_name,Manajemen Informatika,Diploma Tiga,,Dengan Pujian,Sekolah Vokasi/D3 Keperawatan
,0,1,program + education_level + graduation_predicate + faculty_program_name,Manajemen Informatika,Diploma Tiga,,Dengan Pujian,Sekolah Vokasi/D3 Perhotelan
,0,1,program + education_level + graduation_predicate + faculty_program_name,Manajemen Informatika,Diploma Tiga,,Dengan Pujian,Sekolah Vokasi/D3 Teknik Elektronika
,0,17,program + education_level + graduation_predicate + faculty_program_name,Manajemen Informatika,Diploma Tiga,,Dengan Pujian,Sekolah Vokasi/D3 Teknik Komputer
,0,3,program + education_level + graduation_predicate + faculty_program_name,Manajemen Informatika,Diploma Tiga,,Dengan Pujian,Sekolah Vokasi/D3 Teknik Mesin
,0,3,program + education_level + graduation_predicate + faculty_program_name,Manajemen Informatika,Diploma Tiga,,Sangat Memuaskan,Sekolah Vokasi/D3 Akuntansi
,0,4,program + education_level + graduation_predicate + faculty_program_name,Manajemen Informatika,Diploma Tiga,,Sangat Memuaskan,Sekolah Vokasi/D3 Desain Komunikasi Visual
,0,15,program + education_level + graduation_predicate + faculty_program_name,Manajemen Informatika,Diploma Tiga,,Sangat Memuaskan,Sekolah Vokasi/D3 Farmasi
,0,1,program + education_level + graduation_predicate + faculty_program_name,Manajemen Informatika,Diploma Tiga,,Sangat Memuaskan,Sekolah Vokasi/D3 Kebidanan
,0,3,program + education_level + graduation_predicate + faculty_program_name,Manajemen Informatika,Diploma Tiga,,Sangat Memuaskan,Sekolah Vokasi/D3 Keperawatan
,0,11,program + education_level + graduation_predicate + faculty_program_name,Manajemen Informatika,Diploma Tiga,,Sangat Memuaskan,Sekolah Vokasi/D3 Teknik Komputer
,0,4,program + education_level + graduation_predicate + faculty_program_name,Manajemen Informatika,Diploma Tiga,,Sangat Memuaskan,Sekolah Vokasi/D3 Teknik Mesin
,0,2,program + education_level + graduation_predicate + faculty_program_name,Manajemen Informatika,Diploma Tiga,,__MISSING__,__MISSING__
,0,4,program + education_level + graduation_predicate + faculty_program_name,Manajemen Informatika,Sarjana,,Dengan Pujian,Fakultas Sains dan Teknologi/S1 Teknik Informatika
,0,3,program + education_level + graduation_predicate + faculty_program_name,Manajemen Informatika,Sarjana Terapan,,Dengan Pujian,Sekolah Vokasi/D4 Akuntansi Sektor Publik
,0,11,program + education_level + graduation_predicate + faculty_program_name,Manajemen Informatika,Sarjana Terapan,,Dengan Pujian,Sekolah Vokasi/D4 Teknik Informatika
,0,4,program + education_level + graduation_predicate + faculty_program_name,Manajemen Informatika,Sarjana Terapan,,Sangat Memuaskan,Sekolah Vokasi/D4 Teknik Informatika
,0,2,program + education_level + graduation_predicate + faculty_program_name,Manajemen Informatika,Sarjana Terapan,,__MISSING__,__MISSING__
,0,1,program + education_level + graduation_predicate + faculty_program_name,Perhotelan,Diploma 3,,Dengan Pujian,Sekolah Vokasi/D3 Perhotelan
,0,1,program + education_level + graduation_predicate + faculty_program_name,Perhotelan,Diploma 3,,Sangat Memuaskan,Sekolah Vokasi/D3 Perhotelan
,0,1,program + education_level + graduation_predicate + faculty_program_name,Perhotelan,Diploma 3,,__MISSING__,__MISSING__
,0,1,program + education_level + graduation_predicate + faculty_program_name,Perhotelan,Diploma Tiga,,Dengan Pujian,Sekolah Vokasi/D3 Perhotelan
,1,5,program + education_level + graduation_predicate + faculty_program_name,Perhotelan,Diploma Tiga,,Dengan Pujian,Sekolah Vokasi/D3 Perhotelan
,0,2,program + education_level + graduation_predicate + faculty_program_name,Perhotelan,Diploma Tiga,,Sangat Memuaskan,Sekolah Vokasi/D3 Perhotelan
,1,5,program + education_level + graduation_predicate + faculty_program_name,Perhotelan,Diploma Tiga,,Sangat Memuaskan,Sekolah Vokasi/D3 Perhotelan
,0,1,program + education_level + graduation_predicate + faculty_program_name,Perhotelan,Sarjana,,Sangat Memuaskan,Sekolah Vokasi/D3 Perhotelan
,0,1,program + education_level + graduation_predicate + faculty_program_name,Perhotelan,Sarjana Terapan,,Sangat Memuaskan,Sekolah Vokasi/D3 Perhotelan
,0,2,program + education_level + graduation_predicate + faculty_program_name,Sistem Informasi,Diploma 3,,Dengan Pujian,Fakultas Sains dan Teknologi/S1 Sistem Informasi
,0,3,program + education_level + graduation_predicate + faculty_program_name,Sistem Informasi,Diploma 3,,__MISSING__,__MISSING__
,0,1,program + education_level + graduation_predicate + faculty_program_name,Sistem Informasi,Diploma Tiga,,Dengan Pujian,Fakultas Sains dan Teknologi/S1 Sistem Informasi
,0,1,program + education_level + graduation_predicate + faculty_program_name,Sistem Informasi,Sarjana,,Dengan Pujian,Fakultas Sains dan Teknologi/S1 Sistem Informasi
,1,6,program + education_level + graduation_predicate + faculty_program_name,Sistem Informasi,Sarjana,,Dengan Pujian,Fakultas Sains dan Teknologi/S1 Sistem Informasi
,0,1,program + education_level + graduation_predicate + faculty_program_name,Sistem Informasi,Sarjana,,Sangat Memuaskan,Fakultas Sains dan Teknologi/S1 Sistem Informasi
,1,1,program + education_level + graduation_predicate + faculty_program_name,Sistem Informasi,Sarjana,,Sangat Memuaskan,Fakultas Sains dan Teknologi/S1 Sistem Informasi
,0,3,program + education_level + graduation_predicate + faculty_program_name,Teknik Elektronika,Diploma 3,,__MISSING__,__MISSING__
,0,4,program + education_level + graduation_predicate + faculty_program_name,Teknik Elektronika,Diploma Tiga,,Dengan Pujian,Sekolah Vokasi/D3 Teknik Elektronika
,1,13,program + education_level + graduation_predicate + faculty_program_name,Teknik Elektronika,Diploma Tiga,,Dengan Pujian,Sekolah Vokasi/D3 Teknik Elektronika
,0,3,program + education_level + graduation_predicate + faculty_program_name,Teknik Elektronika,Diploma Tiga,,Sangat Memuaskan,Sekolah Vokasi/D3 Teknik Elektronika
,1,8,program + education_level + graduation_predicate + faculty_program_name,Teknik Elektronika,Diploma Tiga,,Sangat Memuaskan,Sekolah Vokasi/D3 Teknik Elektronika
,0,3,program + education_level + graduation_predicate + faculty_program_name,Teknik Elektronika,Sarjana,,Dengan Pujian,Sekolah Vokasi/D3 Teknik Elektronika
,0,1,program + education_level + graduation_predicate + faculty_program_name,Teknik Elektronika,Sarjana,,Sangat Memuaskan,Sekolah Vokasi/D3 Teknik Elektronika
,0,1,program + education_level + graduation_predicate + faculty_program_name,Teknik Elektronika,Sarjana Terapan,,Dengan Pujian,Sekolah Vokasi/D3 Teknik Elektronika
,0,2,program + education_level + graduation_predicate + faculty_program_name,Teknik Elektronika,Sarjana Terapan,,Sangat Memuaskan,Sekolah Vokasi/D3 Teknik Elektronika
,0,4,program + education_level + graduation_predicate + faculty_program_name,Teknik Informatika,Diploma 3,,Dengan Pujian,Fakultas Sains dan Teknologi/S1 Teknik Informatika
,0,7,program + education_level + graduation_predicate + faculty_program_name,Teknik Informatika,Diploma 3,,Dengan Pujian,Sekolah Vokasi/D4 Teknik Informatika
,0,2,program + education_level + graduation_predicate + faculty_program_name,Teknik Informatika,Diploma 3,,Sangat Memuaskan,Fakultas Sains dan Teknologi/S1 Teknik Informatika
,0,8,program + education_level + graduation_predicate + faculty_program_name,Teknik Informatika,Diploma 3,,Sangat Memuaskan,Sekolah Vokasi/D4 Teknik Informatika
,0,6,program + education_level + graduation_predicate + faculty_program_name,Teknik Informatika,Diploma 3,,__MISSING__,__MISSING__
,0,5,program + education_level + graduation_predicate + faculty_program_name,Teknik Informatika,Diploma Tiga,,Dengan Pujian,Fakultas Sains dan Teknologi/S1 Teknik Informatika
,0,7,program + education_level + graduation_predicate + faculty_program_name,Teknik Informatika,Diploma Tiga,,Dengan Pujian,Sekolah Vokasi/D4 Teknik Informatika
,0,1,program + education_level + graduation_predicate + faculty_program_name,Teknik Informatika,Diploma Tiga,,Memuaskan,Sekolah Vokasi/D4 Teknik Informatika
,0,1,program + education_level + graduation_predicate + faculty_program_name,Teknik Informatika,Diploma Tiga,,Sangat Memuaskan,Fakultas Sains dan Teknologi/S1 Teknik Informatika
,0,5,program + education_level + graduation_predicate + faculty_program_name,Teknik Informatika,Diploma Tiga,,Sangat Memuaskan,Sekolah Vokasi/D4 Teknik Informatika
,0,10,program + education_level + graduation_predicate + faculty_program_name,Teknik Informatika,Sarjana,,Dengan Pujian,Fakultas Sains dan Teknologi/S1 Teknik Informatika
,1,29,program + education_level + graduation_predicate + faculty_program_name,Teknik Informatika,Sarjana,,Dengan Pujian,Fakultas Sains dan Teknologi/S1 Teknik Informatika
,0,2,program + education_level + graduation_predicate + faculty_program_name,Teknik Informatika,Sarjana,,Sangat Memuaskan,Fakultas Sains dan Teknologi/S1 Teknik Informatika
,1,7,program + education_level + graduation_predicate + faculty_program_name,Teknik Informatika,Sarjana,,Sangat Memuaskan,Fakultas Sains dan Teknologi/S1 Teknik Informatika
,0,15,program + education_level + graduation_predicate + faculty_program_name,Teknik Informatika,Sarjana Terapan,,Dengan Pujian,Sekolah Vokasi/D4 Teknik Informatika
,1,49,program + education_level + graduation_predicate + faculty_program_name,Teknik Informatika,Sarjana Terapan,,Dengan Pujian,Sekolah Vokasi/D4 Teknik Informatika
,1,1,program + education_level + graduation_predicate + faculty_program_name,Teknik Informatika,Sarjana Terapan,,Memuaskan,Sekolah Vokasi/D4 Teknik Informatika
,0,12,program + education_level + graduation_predicate + faculty_program_name,Teknik Informatika,Sarjana Terapan,,Sangat Memuaskan,Sekolah Vokasi/D4 Teknik Informatika
,1,32,program + education_level + graduation_predicate + faculty_program_name,Teknik Informatika,Sarjana Terapan,,Sangat Memuaskan,Sekolah Vokasi/D4 Teknik Informatika
,0,13,program + education_level + graduation_predicate + faculty_program_name,Teknik Komputer,Diploma 3,,Dengan Pujian,Sekolah Vokasi/D3 Teknik Komputer
,0,2,program + education_level + graduation_predicate + faculty_program_name,Teknik Komputer,Diploma 3,,Sangat Memuaskan,Sekolah Vokasi/D3 Teknik Komputer
,0,4,program + education_level + graduation_predicate + faculty_program_name,Teknik Komputer,Diploma 3,,__MISSING__,__MISSING__
,0,35,program + education_level + graduation_predicate + faculty_program_name,Teknik Komputer,Diploma Tiga,,Dengan Pujian,Sekolah Vokasi/D3 Teknik Komputer
,1,111,program + education_level + graduation_predicate + faculty_program_name,Teknik Komputer,Diploma Tiga,,Dengan Pujian,Sekolah Vokasi/D3 Teknik Komputer
,0,17,program + education_level + graduation_predicate + faculty_program_name,Teknik Komputer,Diploma Tiga,,Sangat Memuaskan,Sekolah Vokasi/D3 Teknik Komputer
,1,45,program + education_level + graduation_predicate + faculty_program_name,Teknik Komputer,Diploma Tiga,,Sangat Memuaskan,Sekolah Vokasi/D3 Teknik Komputer
,0,8,program + education_level + graduation_predicate + faculty_program_name,Teknik Komputer,Sarjana,,Dengan Pujian,Sekolah Vokasi/D3 Teknik Komputer
,0,4,program + education_level + graduation_predicate + faculty_program_name,Teknik Komputer,Sarjana,,Sangat Memuaskan,Sekolah Vokasi/D3 Teknik Komputer
,0,20,program + education_level + graduation_predicate + faculty_program_name,Teknik Komputer,Sarjana Terapan,,Dengan Pujian,Sekolah Vokasi/D3 Teknik Komputer
,0,5,program + education_level + graduation_predicate + faculty_program_name,Teknik Komputer,Sarjana Terapan,,Sangat Memuaskan,Sekolah Vokasi/D3 Teknik Komputer
,0,1,program + education_level + graduation_predicate + faculty_program_name,Teknik Mesin,Diploma 3,,Dengan Pujian,Sekolah Vokasi/D3 Teknik Mesin
,0,5,program + education_level + graduation_predicate + faculty_program_name,Teknik Mesin,Diploma 3,,Sangat Memuaskan,Sekolah Vokasi/D3 Teknik Mesin
,0,2,program + education_level + graduation_predicate + faculty_program_name,Teknik Mesin,Diploma 3,,__MISSING__,__MISSING__
,0,9,program + education_level + graduation_predicate + faculty_program_name,Teknik Mesin,Diploma Tiga,,Dengan Pujian,Sekolah Vokasi/D3 Teknik Mesin
,1,24,program + education_level + graduation_predicate + faculty_program_name,Teknik Mesin,Diploma Tiga,,Dengan Pujian,Sekolah Vokasi/D3 Teknik Mesin
,0,7,program + education_level + graduation_predicate + faculty_program_name,Teknik Mesin,Diploma Tiga,,Sangat Memuaskan,Sekolah Vokasi/D3 Teknik Mesin
,1,23,program + education_level + graduation_predicate + faculty_program_name,Teknik Mesin,Diploma Tiga,,Sangat Memuaskan,Sekolah Vokasi/D3 Teknik Mesin
,0,2,program + education_level + graduation_predicate + faculty_program_name,Teknik Mesin,Sarjana,,Dengan Pujian,Sekolah Vokasi/D3 Teknik Mesin
,0,4,program + education_level + graduation_predicate + faculty_program_name,Teknik Mesin,Sarjana,,Sangat Memuaskan,Sekolah Vokasi/D3 Teknik Mesin
,0,2,program + education_level + graduation_predicate + faculty_program_name,Teknik Mesin,Sarjana Terapan,,Dengan Pujian,Sekolah Vokasi/D3 Teknik Mesin
,0,1,program + education_level + graduation_predicate + faculty_program_name,Teknik Mesin,Sarjana Terapan,,Sangat Memuaskan,Sekolah Vokasi/D3 Teknik Mesin
,0,24,program + accreditation_status + graduation_predicate + faculty_program_name,Akuntansi,,Baik,Dengan Pujian,Sekolah Vokasi/D3 Akuntansi
,0,5,program + accreditation_status + graduation_predicate + faculty_program_name,Akuntansi,,Baik,Sangat Memuaskan,Sekolah Vokasi/D3 Akuntansi
,0,8,program + accreditation_status + graduation_predicate + faculty_program_name,Akuntansi,,Baik,__MISSING__,__MISSING__
,0,35,program + accreditation_status + graduation_predicate + faculty_program_name,Akuntansi,,Baik Sekali,Dengan Pujian,Sekolah Vokasi/D3 Akuntansi
,1,109,program + accreditation_status + graduation_predicate + faculty_program_name,Akuntansi,,Baik Sekali,Dengan Pujian,Sekolah Vokasi/D3 Akuntansi
,0,11,program + accreditation_status + graduation_predicate + faculty_program_name,Akuntansi,,Baik Sekali,Sangat Memuaskan,Sekolah Vokasi/D3 Akuntansi
,1,28,program + accreditation_status + graduation_predicate + faculty_program_name,Akuntansi,,Baik Sekali,Sangat Memuaskan,Sekolah Vokasi/D3 Akuntansi
,0,10,program + accreditation_status + graduation_predicate + faculty_program_name,Akuntansi,,Terakreditasi,Dengan Pujian,Sekolah Vokasi/D3 Akuntansi
,0,7,program + accreditation_status + graduation_predicate + faculty_program_name,Akuntansi,,Terakreditasi,Sangat Memuaskan,Sekolah Vokasi/D3 Akuntansi
,0,4,program + accreditation_status + graduation_predicate + faculty_program_name,Akuntansi Sektor Publik,,Baik,Dengan Pujian,Sekolah Vokasi/D4 Akuntansi Sektor Publik
,1,10,program + accreditation_status + graduation_predicate + faculty_program_name,Akuntansi Sektor Publik,,Baik,Dengan Pujian,Sekolah Vokasi/D4 Akuntansi Sektor Publik
,1,3,program + accreditation_status + graduation_predicate + faculty_program_name,Akuntansi Sektor Publik,,Baik,Sangat Memuaskan,Sekolah Vokasi/D4 Akuntansi Sektor Publik
,0,1,program + accreditation_status + graduation_predicate + faculty_program_name,Akuntansi Sektor Publik,,Baik,__MISSING__,__MISSING__
,0,1,program + accreditation_status + graduation_predicate + faculty_program_name,Akuntansi Sektor Publik,,Baik Sekali,Dengan Pujian,Sekolah Vokasi/D4 Akuntansi Sektor Publik
,0,1,program + accreditation_status + graduation_predicate + faculty_program_name,Akuntansi Sektor Publik,,Baik Sekali,Sangat Memuaskan,Sekolah Vokasi/D4 Akuntansi Sektor Publik
,0,2,program + accreditation_status + graduation_predicate + faculty_program_name,Akuntansi Sektor Publik,,Terakreditasi,Dengan Pujian,Sekolah Vokasi/D4 Akuntansi Sektor Publik
,0,1,program + accreditation_status + graduation_predicate + faculty_program_name,Akuntansi Sektor Publik,,Terakreditasi,Sangat Memuaskan,Sekolah Vokasi/D4 Akuntansi Sektor Publik
,0,2,program + accreditation_status + graduation_predicate + faculty_program_name,Analis Kesehatan,,Baik,Dengan Pujian,Fakultas Sains dan Teknologi/S1 Sistem Informasi
,0,6,program + accreditation_status + graduation_predicate + faculty_program_name,Analis Kesehatan,,Baik,Dengan Pujian,Fakultas Sains dan Teknologi/S1 Teknik Informatika
,0,3,program + accreditation_status + graduation_predicate + faculty_program_name,Analis Kesehatan,,Baik,Dengan Pujian,Sekolah Vokasi/D3 Desain Komunikasi Visual
,0,4,program + accreditation_status + graduation_predicate + faculty_program_name,Analis Kesehatan,,Baik,Dengan Pujian,Sekolah Vokasi/D3 Keperawatan
,0,2,program + accreditation_status + graduation_predicate + faculty_program_name,Analis Kesehatan,,Baik,Dengan Pujian,Sekolah Vokasi/D3 Perhotelan
,0,2,program + accreditation_status + graduation_predicate + faculty_program_name,Analis Kesehatan,,Baik,Sangat Memuaskan,Fakultas Sains dan Teknologi/S1 Teknik Informatika
,0,6,program + accreditation_status + graduation_predicate + faculty_program_name,Analis Kesehatan,,Baik,Sangat Memuaskan,Sekolah Vokasi/D3 Desain Komunikasi Visual
,0,3,program + accreditation_status + graduation_predicate + faculty_program_name,Analis Kesehatan,,Baik,Sangat Memuaskan,Sekolah Vokasi/D3 Keperawatan
,0,1,program + accreditation_status + graduation_predicate + faculty_program_name,Analis Kesehatan,,Baik,Sangat Memuaskan,Sekolah Vokasi/D4 Akuntansi Sektor Publik
,0,19,program + accreditation_status + graduation_predicate + faculty_program_name,Analis Kesehatan,,Baik,__MISSING__,__MISSING__
,1,58,program + accreditation_status + graduation_predicate + faculty_program_name,Analis Kesehatan,,Baik,__MISSING__,__MISSING__
,0,25,program + accreditation_status + graduation_predicate + faculty_program_name,Analis Kesehatan,,Baik Sekali,Dengan Pujian,Sekolah Vokasi/D3 Akuntansi
,0,6,program + accreditation_status + graduation_predicate + faculty_program_name,Analis Kesehatan,,Baik Sekali,Dengan Pujian,Sekolah Vokasi/D3 Farmasi
,0,3,program + accreditation_status + graduation_predicate + faculty_program_name,Analis Kesehatan,,Baik Sekali,Dengan Pujian,Sekolah Vokasi/D3 Kebidanan
,0,18,program + accreditation_status + graduation_predicate + faculty_program_name,Analis Kesehatan,,Baik Sekali,Dengan Pujian,Sekolah Vokasi/D3 Teknik Komputer
,0,7,program + accreditation_status + graduation_predicate + faculty_program_name,Analis Kesehatan,,Baik Sekali,Dengan Pujian,Sekolah Vokasi/D3 Teknik Mesin
,0,9,program + accreditation_status + graduation_predicate + faculty_program_name,Analis Kesehatan,,Baik Sekali,Dengan Pujian,Sekolah Vokasi/D4 Teknik Informatika
,0,2,program + accreditation_status + graduation_predicate + faculty_program_name,Analis Kesehatan,,Baik Sekali,Sangat Memuaskan,Sekolah Vokasi/D3 Akuntansi
,0,13,program + accreditation_status + graduation_predicate + faculty_program_name,Analis Kesehatan,,Baik Sekali,Sangat Memuaskan,Sekolah Vokasi/D3 Farmasi
,0,1,program + accreditation_status + graduation_predicate + faculty_program_name,Analis Kesehatan,,Baik Sekali,Sangat Memuaskan,Sekolah Vokasi/D3 Kebidanan
,0,6,program + accreditation_status + graduation_predicate + faculty_program_name,Analis Kesehatan,,Baik Sekali,Sangat Memuaskan,Sekolah Vokasi/D3 Teknik Komputer
,0,2,program + accreditation_status + graduation_predicate + faculty_program_name,Analis Kesehatan,,Baik Sekali,Sangat Memuaskan,Sekolah Vokasi/D3 Teknik Mesin
,0,3,program + accreditation_status + graduation_predicate + faculty_program_name,Analis Kesehatan,,Baik Sekali,Sangat Memuaskan,Sekolah Vokasi/D4 Teknik Informatika
,0,10,program + accreditation_status + graduation_predicate + faculty_program_name,Analis Kesehatan,,Baik Sekali,__MISSING__,__MISSING__
,0,4,program + accreditation_status + graduation_predicate + faculty_program_name,Analis Kesehatan,,Terakreditasi,Dengan Pujian,Sekolah Vokasi/D3 Teknik Elektronika
,0,2,program + accreditation_status + graduation_predicate + faculty_program_name,Analis Kesehatan,,Terakreditasi,Sangat Memuaskan,Sekolah Vokasi/D3 Teknik Elektronika
,0,10,program + accreditation_status + graduation_predicate + faculty_program_name,Analis Kesehatan,,Terakreditasi,__MISSING__,__MISSING__
,0,3,program + accreditation_status + graduation_predicate + faculty_program_name,Desain Komunikasi Visual,,Baik,Dengan Pujian,Sekolah Vokasi/D3 Desain Komunikasi Visual
,1,12,program + accreditation_status + graduation_predicate + faculty_program_name,Desain Komunikasi Visual,,Baik,Dengan Pujian,Sekolah Vokasi/D3 Desain Komunikasi Visual
,1,2,program + accreditation_status + graduation_predicate + faculty_program_name,Desain Komunikasi Visual,,Baik,Memuaskan,Sekolah Vokasi/D3 Desain Komunikasi Visual
,0,13,program + accreditation_status + graduation_predicate + faculty_program_name,Desain Komunikasi Visual,,Baik,Sangat Memuaskan,Sekolah Vokasi/D3 Desain Komunikasi Visual
,1,36,program + accreditation_status + graduation_predicate + faculty_program_name,Desain Komunikasi Visual,,Baik,Sangat Memuaskan,Sekolah Vokasi/D3 Desain Komunikasi Visual
,0,6,program + accreditation_status + graduation_predicate + faculty_program_name,Desain Komunikasi Visual,,Baik,__MISSING__,__MISSING__
,0,8,program + accreditation_status + graduation_predicate + faculty_program_name,Desain Komunikasi Visual,,Baik Sekali,Sangat Memuaskan,Sekolah Vokasi/D3 Desain Komunikasi Visual
,0,2,program + accreditation_status + graduation_predicate + faculty_program_name,Desain Komunikasi Visual,,Terakreditasi,Dengan Pujian,Sekolah Vokasi/D3 Desain Komunikasi Visual
,0,2,program + accreditation_status + graduation_predicate + faculty_program_name,Desain Komunikasi Visual,,Terakreditasi,Memuaskan,Sekolah Vokasi/D3 Desain Komunikasi Visual
,0,5,program + accreditation_status + graduation_predicate + faculty_program_name,Desain Komunikasi Visual,,Terakreditasi,Sangat Memuaskan,Sekolah Vokasi/D3 Desain Komunikasi Visual
,0,11,program + accreditation_status + graduation_predicate + faculty_program_name,Farmasi,,Baik,Dengan Pujian,Sekolah Vokasi/D3 Farmasi
,0,8,program + accreditation_status + graduation_predicate + faculty_program_name,Farmasi,,Baik,Sangat Memuaskan,Sekolah Vokasi/D3 Farmasi
,0,15,program + accreditation_status + graduation_predicate + faculty_program_name,Farmasi,,Baik,__MISSING__,__MISSING__
,1,46,program + accreditation_status + graduation_predicate + faculty_program_name,Farmasi,,Baik,__MISSING__,__MISSING__
,0,13,program + accreditation_status + graduation_predicate + faculty_program_name,Farmasi,,Baik Sekali,Dengan Pujian,Sekolah Vokasi/D3 Farmasi
,1,47,program + accreditation_status + graduation_predicate + faculty_program_name,Farmasi,,Baik Sekali,Dengan Pujian,Sekolah Vokasi/D3 Farmasi
,0,29,program + accreditation_status + graduation_predicate + faculty_program_name,Farmasi,,Baik Sekali,Sangat Memuaskan,Sekolah Vokasi/D3 Farmasi
,1,80,program + accreditation_status + graduation_predicate + faculty_program_name,Farmasi,,Baik Sekali,Sangat Memuaskan,Sekolah Vokasi/D3 Farmasi
,0,8,program + accreditation_status + graduation_predicate + faculty_program_name,Farmasi,,Baik Sekali,__MISSING__,__MISSING__
,0,8,program + accreditation_status + graduation_predicate + faculty_program_name,Farmasi,,Terakreditasi,Dengan Pujian,Sekolah Vokasi/D3 Farmasi
,0,15,program + accreditation_status + graduation_predicate + faculty_program_name,Farmasi,,Terakreditasi,Sangat Memuaskan,Sekolah Vokasi/D3 Farmasi
,0,7,program + accreditation_status + graduation_predicate + faculty_program_name,Farmasi,,Terakreditasi,__MISSING__,__MISSING__
,0,2,program + accreditation_status + graduation_predicate + faculty_program_name,Kebidanan,,Baik,Dengan Pujian,Sekolah Vokasi/D3 Kebidanan
,0,1,program + accreditation_status + graduation_predicate + faculty_program_name,Kebidanan,,Baik,Sangat Memuaskan,Sekolah Vokasi/D3 Kebidanan
,0,3,program + accreditation_status + graduation_predicate + faculty_program_name,Kebidanan,,Baik,__MISSING__,__MISSING__
,0,3,program + accreditation_status + graduation_predicate + faculty_program_name,Kebidanan,,Baik Sekali,Dengan Pujian,Sekolah Vokasi/D3 Kebidanan
,1,9,program + accreditation_status + graduation_predicate + faculty_program_name,Kebidanan,,Baik Sekali,Dengan Pujian,Sekolah Vokasi/D3 Kebidanan
,0,2,program + accreditation_status + graduation_predicate + faculty_program_name,Kebidanan,,Baik Sekali,Sangat Memuaskan,Sekolah Vokasi/D3 Kebidanan
,1,5,program + accreditation_status + graduation_predicate + faculty_program_name,Kebidanan,,Baik Sekali,Sangat Memuaskan,Sekolah Vokasi/D3 Kebidanan
,0,1,program + accreditation_status + graduation_predicate + faculty_program_name,Kebidanan,,Terakreditasi,Dengan Pujian,Sekolah Vokasi/D3 Kebidanan
,0,10,program + accreditation_status + graduation_predicate + faculty_program_name,Keperawatan,,Baik,Dengan Pujian,Sekolah Vokasi/D3 Keperawatan
,1,29,program + accreditation_status + graduation_predicate + faculty_program_name,Keperawatan,,Baik,Dengan Pujian,Sekolah Vokasi/D3 Keperawatan
,0,5,program + accreditation_status + graduation_predicate + faculty_program_name,Keperawatan,,Baik,Sangat Memuaskan,Sekolah Vokasi/D3 Keperawatan
,1,17,program + accreditation_status + graduation_predicate + faculty_program_name,Keperawatan,,Baik,Sangat Memuaskan,Sekolah Vokasi/D3 Keperawatan
,0,2,program + accreditation_status + graduation_predicate + faculty_program_name,Keperawatan,,Baik,__MISSING__,__MISSING__
,0,5,program + accreditation_status + graduation_predicate + faculty_program_name,Keperawatan,,Baik Sekali,Dengan Pujian,Sekolah Vokasi/D3 Keperawatan
,0,5,program + accreditation_status + graduation_predicate + faculty_program_name,Keperawatan,,Baik Sekali,Sangat Memuaskan,Sekolah Vokasi/D3 Keperawatan
,0,5,program + accreditation_status + graduation_predicate + faculty_program_name,Keperawatan,,Terakreditasi,Dengan Pujian,Sekolah Vokasi/D3 Keperawatan
,0,1,program + accreditation_status + graduation_predicate + faculty_program_name,Keperawatan,,Terakreditasi,Sangat Memuaskan,Sekolah Vokasi/D3 Keperawatan
,0,4,program + accreditation_status + graduation_predicate + faculty_program_name,Manajemen Informatika,,Baik,Dengan Pujian,Fakultas Sains dan Teknologi/S1 Teknik Informatika
,0,4,program + accreditation_status + graduation_predicate + faculty_program_name,Manajemen Informatika,,Baik,Dengan Pujian,Sekolah Vokasi/D3 Desain Komunikasi Visual
,0,5,program + accreditation_status + graduation_predicate + faculty_program_name,Manajemen Informatika,,Baik,Dengan Pujian,Sekolah Vokasi/D3 Keperawatan
,0,1,program + accreditation_status + graduation_predicate + faculty_program_name,Manajemen Informatika,,Baik,Dengan Pujian,Sekolah Vokasi/D3 Perhotelan
,0,3,program + accreditation_status + graduation_predicate + faculty_program_name,Manajemen Informatika,,Baik,Dengan Pujian,Sekolah Vokasi/D4 Akuntansi Sektor Publik
,0,4,program + accreditation_status + graduation_predicate + faculty_program_name,Manajemen Informatika,,Baik,Sangat Memuaskan,Sekolah Vokasi/D3 Desain Komunikasi Visual
,0,3,program + accreditation_status + graduation_predicate + faculty_program_name,Manajemen Informatika,,Baik,Sangat Memuaskan,Sekolah Vokasi/D3 Keperawatan
,0,4,program + accreditation_status + graduation_predicate + faculty_program_name,Manajemen Informatika,,Baik,__MISSING__,__MISSING__
,1,12,program + accreditation_status + graduation_predicate + faculty_program_name,Manajemen Informatika,,Baik,__MISSING__,__MISSING__
,0,15,program + accreditation_status + graduation_predicate + faculty_program_name,Manajemen Informatika,,Baik Sekali,Dengan Pujian,Sekolah Vokasi/D3 Akuntansi
,0,9,program + accreditation_status + graduation_predicate + faculty_program_name,Manajemen Informatika,,Baik Sekali,Dengan Pujian,Sekolah Vokasi/D3 Farmasi
,0,17,program + accreditation_status + graduation_predicate + faculty_program_name,Manajemen Informatika,,Baik Sekali,Dengan Pujian,Sekolah Vokasi/D3 Teknik Komputer
,0,3,program + accreditation_status + graduation_predicate + faculty_program_name,Manajemen Informatika,,Baik Sekali,Dengan Pujian,Sekolah Vokasi/D3 Teknik Mesin
,0,11,program + accreditation_status + graduation_predicate + faculty_program_name,Manajemen Informatika,,Baik Sekali,Dengan Pujian,Sekolah Vokasi/D4 Teknik Informatika
,0,3,program + accreditation_status + graduation_predicate + faculty_program_name,Manajemen Informatika,,Baik Sekali,Sangat Memuaskan,Sekolah Vokasi/D3 Akuntansi
,0,15,program + accreditation_status + graduation_predicate + faculty_program_name,Manajemen Informatika,,Baik Sekali,Sangat Memuaskan,Sekolah Vokasi/D3 Farmasi
,0,1,program + accreditation_status + graduation_predicate + faculty_program_name,Manajemen Informatika,,Baik Sekali,Sangat Memuaskan,Sekolah Vokasi/D3 Kebidanan
,0,11,program + accreditation_status + graduation_predicate + faculty_program_name,Manajemen Informatika,,Baik Sekali,Sangat Memuaskan,Sekolah Vokasi/D3 Teknik Komputer
,0,4,program + accreditation_status + graduation_predicate + faculty_program_name,Manajemen Informatika,,Baik Sekali,Sangat Memuaskan,Sekolah Vokasi/D3 Teknik Mesin
,0,4,program + accreditation_status + graduation_predicate + faculty_program_name,Manajemen Informatika,,Baik Sekali,Sangat Memuaskan,Sekolah Vokasi/D4 Teknik Informatika
,0,3,program + accreditation_status + graduation_predicate + faculty_program_name,Manajemen Informatika,,Baik Sekali,__MISSING__,__MISSING__
,0,1,program + accreditation_status + graduation_predicate + faculty_program_name,Manajemen Informatika,,Terakreditasi,Dengan Pujian,Sekolah Vokasi/D3 Teknik Elektronika
,0,1,program + accreditation_status + graduation_predicate + faculty_program_name,Manajemen Informatika,,Terakreditasi,__MISSING__,__MISSING__
,0,1,program + accreditation_status + graduation_predicate + faculty_program_name,Perhotelan,,Baik,Dengan Pujian,Sekolah Vokasi/D3 Perhotelan
,1,5,program + accreditation_status + graduation_predicate + faculty_program_name,Perhotelan,,Baik,Dengan Pujian,Sekolah Vokasi/D3 Perhotelan
,0,3,program + accreditation_status + graduation_predicate + faculty_program_name,Perhotelan,,Baik,Sangat Memuaskan,Sekolah Vokasi/D3 Perhotelan
,1,5,program + accreditation_status + graduation_predicate + faculty_program_name,Perhotelan,,Baik,Sangat Memuaskan,Sekolah Vokasi/D3 Perhotelan
,0,1,program + accreditation_status + graduation_predicate + faculty_program_name,Perhotelan,,Baik,__MISSING__,__MISSING__
,0,1,program + accreditation_status + graduation_predicate + faculty_program_name,Perhotelan,,Baik Sekali,Sangat Memuaskan,Sekolah Vokasi/D3 Perhotelan
,0,1,program + accreditation_status + graduation_predicate + faculty_program_name,Perhotelan,,Terakreditasi,Dengan Pujian,Sekolah Vokasi/D3 Perhotelan
,0,1,program + accreditation_status + graduation_predicate + faculty_program_name,Perhotelan,,Terakreditasi,Sangat Memuaskan,Sekolah Vokasi/D3 Perhotelan
,0,3,program + accreditation_status + graduation_predicate + faculty_program_name,Sistem Informasi,,Baik,Dengan Pujian,Fakultas Sains dan Teknologi/S1 Sistem Informasi
,1,6,program + accreditation_status + graduation_predicate + faculty_program_name,Sistem Informasi,,Baik,Dengan Pujian,Fakultas Sains dan Teknologi/S1 Sistem Informasi
,1,1,program + accreditation_status + graduation_predicate + faculty_program_name,Sistem Informasi,,Baik,Sangat Memuaskan,Fakultas Sains dan Teknologi/S1 Sistem Informasi
,0,3,program + accreditation_status + graduation_predicate + faculty_program_name,Sistem Informasi,,Baik,__MISSING__,__MISSING__
,0,1,program + accreditation_status + graduation_predicate + faculty_program_name,Sistem Informasi,,Baik Sekali,Sangat Memuaskan,Fakultas Sains dan Teknologi/S1 Sistem Informasi
,0,1,program + accreditation_status + graduation_predicate + faculty_program_name,Sistem Informasi,,Terakreditasi,Dengan Pujian,Fakultas Sains dan Teknologi/S1 Sistem Informasi
,0,2,program + accreditation_status + graduation_predicate + faculty_program_name,Teknik Elektronika,,Baik,Dengan Pujian,Sekolah Vokasi/D3 Teknik Elektronika
,0,2,program + accreditation_status + graduation_predicate + faculty_program_name,Teknik Elektronika,,Baik,Sangat Memuaskan,Sekolah Vokasi/D3 Teknik Elektronika
,0,3,program + accreditation_status + graduation_predicate + faculty_program_name,Teknik Elektronika,,Baik,__MISSING__,__MISSING__
,0,2,program + accreditation_status + graduation_predicate + faculty_program_name,Teknik Elektronika,,Baik Sekali,Dengan Pujian,Sekolah Vokasi/D3 Teknik Elektronika
,0,1,program + accreditation_status + graduation_predicate + faculty_program_name,Teknik Elektronika,,Baik Sekali,Sangat Memuaskan,Sekolah Vokasi/D3 Teknik Elektronika
,0,4,program + accreditation_status + graduation_predicate + faculty_program_name,Teknik Elektronika,,Terakreditasi,Dengan Pujian,Sekolah Vokasi/D3 Teknik Elektronika
,1,13,program + accreditation_status + graduation_predicate + faculty_program_name,Teknik Elektronika,,Terakreditasi,Dengan Pujian,Sekolah Vokasi/D3 Teknik Elektronika
,0,3,program + accreditation_status + graduation_predicate + faculty_program_name,Teknik Elektronika,,Terakreditasi,Sangat Memuaskan,Sekolah Vokasi/D3 Teknik Elektronika
,1,8,program + accreditation_status + graduation_predicate + faculty_program_name,Teknik Elektronika,,Terakreditasi,Sangat Memuaskan,Sekolah Vokasi/D3 Teknik Elektronika
,0,9,program + accreditation_status + graduation_predicate + faculty_program_name,Teknik Informatika,,Baik,Dengan Pujian,Fakultas Sains dan Teknologi/S1 Teknik Informatika
,1,29,program + accreditation_status + graduation_predicate + faculty_program_name,Teknik Informatika,,Baik,Dengan Pujian,Fakultas Sains dan Teknologi/S1 Teknik Informatika
,0,7,program + accreditation_status + graduation_predicate + faculty_program_name,Teknik Informatika,,Baik,Dengan Pujian,Sekolah Vokasi/D4 Teknik Informatika
,0,3,program + accreditation_status + graduation_predicate + faculty_program_name,Teknik Informatika,,Baik,Sangat Memuaskan,Fakultas Sains dan Teknologi/S1 Teknik Informatika
,1,7,program + accreditation_status + graduation_predicate + faculty_program_name,Teknik Informatika,,Baik,Sangat Memuaskan,Fakultas Sains dan Teknologi/S1 Teknik Informatika
,0,6,program + accreditation_status + graduation_predicate + faculty_program_name,Teknik Informatika,,Baik,Sangat Memuaskan,Sekolah Vokasi/D4 Teknik Informatika
,0,6,program + accreditation_status + graduation_predicate + faculty_program_name,Teknik Informatika,,Baik,__MISSING__,__MISSING__
,0,3,program + accreditation_status + graduation_predicate + faculty_program_name,Teknik Informatika,,Baik Sekali,Dengan Pujian,Fakultas Sains dan Teknologi/S1 Teknik Informatika
,0,14,program + accreditation_status + graduation_predicate + faculty_program_name,Teknik Informatika,,Baik Sekali,Dengan Pujian,Sekolah Vokasi/D4 Teknik Informatika
,1,49,program + accreditation_status + graduation_predicate + faculty_program_name,Teknik Informatika,,Baik Sekali,Dengan Pujian,Sekolah Vokasi/D4 Teknik Informatika
,0,1,program + accreditation_status + graduation_predicate + faculty_program_name,Teknik Informatika,,Baik Sekali,Memuaskan,Sekolah Vokasi/D4 Teknik Informatika
,1,1,program + accreditation_status + graduation_predicate + faculty_program_name,Teknik Informatika,,Baik Sekali,Memuaskan,Sekolah Vokasi/D4 Teknik Informatika
,0,13,program + accreditation_status + graduation_predicate + faculty_program_name,Teknik Informatika,,Baik Sekali,Sangat Memuaskan,Sekolah Vokasi/D4 Teknik Informatika
,1,32,program + accreditation_status + graduation_predicate + faculty_program_name,Teknik Informatika,,Baik Sekali,Sangat Memuaskan,Sekolah Vokasi/D4 Teknik Informatika
,0,7,program + accreditation_status + graduation_predicate + faculty_program_name,Teknik Informatika,,Terakreditasi,Dengan Pujian,Fakultas Sains dan Teknologi/S1 Teknik Informatika
,0,8,program + accreditation_status + graduation_predicate + faculty_program_name,Teknik Informatika,,Terakreditasi,Dengan Pujian,Sekolah Vokasi/D4 Teknik Informatika
,0,2,program + accreditation_status + graduation_predicate + faculty_program_name,Teknik Informatika,,Terakreditasi,Sangat Memuaskan,Fakultas Sains dan Teknologi/S1 Teknik Informatika
,0,6,program + accreditation_status + graduation_predicate + faculty_program_name,Teknik Informatika,,Terakreditasi,Sangat Memuaskan,Sekolah Vokasi/D4 Teknik Informatika
,0,19,program + accreditation_status + graduation_predicate + faculty_program_name,Teknik Komputer,,Baik,Dengan Pujian,Sekolah Vokasi/D3 Teknik Komputer
,0,7,program + accreditation_status + graduation_predicate + faculty_program_name,Teknik Komputer,,Baik,Sangat Memuaskan,Sekolah Vokasi/D3 Teknik Komputer
,0,4,program + accreditation_status + graduation_predicate + faculty_program_name,Teknik Komputer,,Baik,__MISSING__,__MISSING__
,0,41,program + accreditation_status + graduation_predicate + faculty_program_name,Teknik Komputer,,Baik Sekali,Dengan Pujian,Sekolah Vokasi/D3 Teknik Komputer
,1,111,program + accreditation_status + graduation_predicate + faculty_program_name,Teknik Komputer,,Baik Sekali,Dengan Pujian,Sekolah Vokasi/D3 Teknik Komputer
,0,11,program + accreditation_status + graduation_predicate + faculty_program_name,Teknik Komputer,,Baik Sekali,Sangat Memuaskan,Sekolah Vokasi/D3 Teknik Komputer
,1,45,program + accreditation_status + graduation_predicate + faculty_program_name,Teknik Komputer,,Baik Sekali,Sangat Memuaskan,Sekolah Vokasi/D3 Teknik Komputer
,0,16,program + accreditation_status + graduation_predicate + faculty_program_name,Teknik Komputer,,Terakreditasi,Dengan Pujian,Sekolah Vokasi/D3 Teknik Komputer
,0,10,program + accreditation_status + graduation_predicate + faculty_program_name,Teknik Komputer,,Terakreditasi,Sangat Memuaskan,Sekolah Vokasi/D3 Teknik Komputer
,0,4,program + accreditation_status + graduation_predicate + faculty_program_name,Teknik Mesin,,Baik,Dengan Pujian,Sekolah Vokasi/D3 Teknik Mesin
,0,2,program + accreditation_status + graduation_predicate + faculty_program_name,Teknik Mesin,,Baik,Sangat Memuaskan,Sekolah Vokasi/D3 Teknik Mesin
,0,2,program + accreditation_status + graduation_predicate + faculty_program_name,Teknik Mesin,,Baik,__MISSING__,__MISSING__
,0,5,program + accreditation_status + graduation_predicate + faculty_program_name,Teknik Mesin,,Baik Sekali,Dengan Pujian,Sekolah Vokasi/D3 Teknik Mesin
,1,24,program + accreditation_status + graduation_predicate + faculty_program_name,Teknik Mesin,,Baik Sekali,Dengan Pujian,Sekolah Vokasi/D3 Teknik Mesin
,0,10,program + accreditation_status + graduation_predicate + faculty_program_name,Teknik Mesin,,Baik Sekali,Sangat Memuaskan,Sekolah Vokasi/D3 Teknik Mesin
,1,23,program + accreditation_status + graduation_predicate + faculty_program_name,Teknik Mesin,,Baik Sekali,Sangat Memuaskan,Sekolah Vokasi/D3 Teknik Mesin
,0,5,program + accreditation_status + graduation_predicate + faculty_program_name,Teknik Mesin,,Terakreditasi,Dengan Pujian,Sekolah Vokasi/D3 Teknik Mesin
,0,5,program + accreditation_status + graduation_predicate + faculty_program_name,Teknik Mesin,,Terakreditasi,Sangat Memuaskan,Sekolah Vokasi/D3 Teknik Mesin
,0,2,education_level + accreditation_status + graduation_predicate + faculty_program_name,,Diploma 3,Baik,Dengan Pujian,Fakultas Sains dan Teknologi/S1 Sistem Informasi
,0,4,education_level + accreditation_status + graduation_predicate + faculty_program_name,,Diploma 3,Baik,Dengan Pujian,Fakultas Sains dan Teknologi/S1 Teknik Informatika
,0,1,education_level + accreditation_status + graduation_predicate + faculty_program_name,,Diploma 3,Baik,Dengan Pujian,Sekolah Vokasi/D3 Desain Komunikasi Visual
,0,1,education_level + accreditation_status + graduation_predicate + faculty_program_name,,Diploma 3,Baik,Dengan Pujian,Sekolah Vokasi/D3 Keperawatan
,0,1,education_level + accreditation_status + graduation_predicate + faculty_program_name,,Diploma 3,Baik,Dengan Pujian,Sekolah Vokasi/D3 Perhotelan
,0,1,education_level + accreditation_status + graduation_predicate + faculty_program_name,,Diploma 3,Baik,Dengan Pujian,Sekolah Vokasi/D4 Akuntansi Sektor Publik
,0,2,education_level + accreditation_status + graduation_predicate + faculty_program_name,,Diploma 3,Baik,Sangat Memuaskan,Fakultas Sains dan Teknologi/S1 Teknik Informatika
,0,9,education_level + accreditation_status + graduation_predicate + faculty_program_name,,Diploma 3,Baik,Sangat Memuaskan,Sekolah Vokasi/D3 Desain Komunikasi Visual
,0,2,education_level + accreditation_status + graduation_predicate + faculty_program_name,,Diploma 3,Baik,Sangat Memuaskan,Sekolah Vokasi/D3 Keperawatan
,0,1,education_level + accreditation_status + graduation_predicate + faculty_program_name,,Diploma 3,Baik,Sangat Memuaskan,Sekolah Vokasi/D3 Perhotelan
,0,39,education_level + accreditation_status + graduation_predicate + faculty_program_name,,Diploma 3,Baik,__MISSING__,__MISSING__
,1,116,education_level + accreditation_status + graduation_predicate + faculty_program_name,,Diploma 3,Baik,__MISSING__,__MISSING__
,0,11,education_level + accreditation_status + graduation_predicate + faculty_program_name,,Diploma 3,Baik Sekali,Dengan Pujian,Sekolah Vokasi/D3 Akuntansi
,0,6,education_level + accreditation_status + graduation_predicate + faculty_program_name,,Diploma 3,Baik Sekali,Dengan Pujian,Sekolah Vokasi/D3 Farmasi
,0,1,education_level + accreditation_status + graduation_predicate + faculty_program_name,,Diploma 3,Baik Sekali,Dengan Pujian,Sekolah Vokasi/D3 Kebidanan
,0,13,education_level + accreditation_status + graduation_predicate + faculty_program_name,,Diploma 3,Baik Sekali,Dengan Pujian,Sekolah Vokasi/D3 Teknik Komputer
,0,1,education_level + accreditation_status + graduation_predicate + faculty_program_name,,Diploma 3,Baik Sekali,Dengan Pujian,Sekolah Vokasi/D3 Teknik Mesin
,0,7,education_level + accreditation_status + graduation_predicate + faculty_program_name,,Diploma 3,Baik Sekali,Dengan Pujian,Sekolah Vokasi/D4 Teknik Informatika
,0,3,education_level + accreditation_status + graduation_predicate + faculty_program_name,,Diploma 3,Baik Sekali,Sangat Memuaskan,Sekolah Vokasi/D3 Akuntansi
,0,13,education_level + accreditation_status + graduation_predicate + faculty_program_name,,Diploma 3,Baik Sekali,Sangat Memuaskan,Sekolah Vokasi/D3 Farmasi
,0,1,education_level + accreditation_status + graduation_predicate + faculty_program_name,,Diploma 3,Baik Sekali,Sangat Memuaskan,Sekolah Vokasi/D3 Kebidanan
,0,2,education_level + accreditation_status + graduation_predicate + faculty_program_name,,Diploma 3,Baik Sekali,Sangat Memuaskan,Sekolah Vokasi/D3 Teknik Komputer
,0,5,education_level + accreditation_status + graduation_predicate + faculty_program_name,,Diploma 3,Baik Sekali,Sangat Memuaskan,Sekolah Vokasi/D3 Teknik Mesin
,0,8,education_level + accreditation_status + graduation_predicate + faculty_program_name,,Diploma 3,Baik Sekali,Sangat Memuaskan,Sekolah Vokasi/D4 Teknik Informatika
,0,21,education_level + accreditation_status + graduation_predicate + faculty_program_name,,Diploma 3,Baik Sekali,__MISSING__,__MISSING__
,0,18,education_level + accreditation_status + graduation_predicate + faculty_program_name,,Diploma 3,Terakreditasi,__MISSING__,__MISSING__
,0,1,education_level + accreditation_status + graduation_predicate + faculty_program_name,,Diploma Tiga,Baik,Dengan Pujian,Fakultas Sains dan Teknologi/S1 Sistem Informasi
,0,5,education_level + accreditation_status + graduation_predicate + faculty_program_name,,Diploma Tiga,Baik,Dengan Pujian,Fakultas Sains dan Teknologi/S1 Teknik Informatika
,0,24,education_level + accreditation_status + graduation_predicate + faculty_program_name,,Diploma Tiga,Baik,Dengan Pujian,Sekolah Vokasi/D3 Akuntansi
,0,7,education_level + accreditation_status + graduation_predicate + faculty_program_name,,Diploma Tiga,Baik,Dengan Pujian,Sekolah Vokasi/D3 Desain Komunikasi Visual
,1,12,education_level + accreditation_status + graduation_predicate + faculty_program_name,,Diploma Tiga,Baik,Dengan Pujian,Sekolah Vokasi/D3 Desain Komunikasi Visual
,0,11,education_level + accreditation_status + graduation_predicate + faculty_program_name,,Diploma Tiga,Baik,Dengan Pujian,Sekolah Vokasi/D3 Farmasi
,0,2,education_level + accreditation_status + graduation_predicate + faculty_program_name,,Diploma Tiga,Baik,Dengan Pujian,Sekolah Vokasi/D3 Kebidanan
,0,9,education_level + accreditation_status + graduation_predicate + faculty_program_name,,Diploma Tiga,Baik,Dengan Pujian,Sekolah Vokasi/D3 Keperawatan
,1,29,education_level + accreditation_status + graduation_predicate + faculty_program_name,,Diploma Tiga,Baik,Dengan Pujian,Sekolah Vokasi/D3 Keperawatan
,0,3,education_level + accreditation_status + graduation_predicate + faculty_program_name,,Diploma Tiga,Baik,Dengan Pujian,Sekolah Vokasi/D3 Perhotelan
,1,5,education_level + accreditation_status + graduation_predicate + faculty_program_name,,Diploma Tiga,Baik,Dengan Pujian,Sekolah Vokasi/D3 Perhotelan
,0,2,education_level + accreditation_status + graduation_predicate + faculty_program_name,,Diploma Tiga,Baik,Dengan Pujian,Sekolah Vokasi/D3 Teknik Elektronika
,0,19,education_level + accreditation_status + graduation_predicate + faculty_program_name,,Diploma Tiga,Baik,Dengan Pujian,Sekolah Vokasi/D3 Teknik Komputer
,0,4,education_level + accreditation_status + graduation_predicate + faculty_program_name,,Diploma Tiga,Baik,Dengan Pujian,Sekolah Vokasi/D3 Teknik Mesin
,0,1,education_level + accreditation_status + graduation_predicate + faculty_program_name,,Diploma Tiga,Baik,Dengan Pujian,Sekolah Vokasi/D4 Akuntansi Sektor Publik
,1,2,education_level + accreditation_status + graduation_predicate + faculty_program_name,,Diploma Tiga,Baik,Memuaskan,Sekolah Vokasi/D3 Desain Komunikasi Visual
,0,1,education_level + accreditation_status + graduation_predicate + faculty_program_name,,Diploma Tiga,Baik,Sangat Memuaskan,Fakultas Sains dan Teknologi/S1 Teknik Informatika
,0,5,education_level + accreditation_status + graduation_predicate + faculty_program_name,,Diploma Tiga,Baik,Sangat Memuaskan,Sekolah Vokasi/D3 Akuntansi
,0,10,education_level + accreditation_status + graduation_predicate + faculty_program_name,,Diploma Tiga,Baik,Sangat Memuaskan,Sekolah Vokasi/D3 Desain Komunikasi Visual
,1,36,education_level + accreditation_status + graduation_predicate + faculty_program_name,,Diploma Tiga,Baik,Sangat Memuaskan,Sekolah Vokasi/D3 Desain Komunikasi Visual
,0,8,education_level + accreditation_status + graduation_predicate + faculty_program_name,,Diploma Tiga,Baik,Sangat Memuaskan,Sekolah Vokasi/D3 Farmasi
,0,1,education_level + accreditation_status + graduation_predicate + faculty_program_name,,Diploma Tiga,Baik,Sangat Memuaskan,Sekolah Vokasi/D3 Kebidanan
,0,6,education_level + accreditation_status + graduation_predicate + faculty_program_name,,Diploma Tiga,Baik,Sangat Memuaskan,Sekolah Vokasi/D3 Keperawatan
,1,17,education_level + accreditation_status + graduation_predicate + faculty_program_name,,Diploma Tiga,Baik,Sangat Memuaskan,Sekolah Vokasi/D3 Keperawatan
,1,5,education_level + accreditation_status + graduation_predicate + faculty_program_name,,Diploma Tiga,Baik,Sangat Memuaskan,Sekolah Vokasi/D3 Perhotelan
,0,2,education_level + accreditation_status + graduation_predicate + faculty_program_name,,Diploma Tiga,Baik,Sangat Memuaskan,Sekolah Vokasi/D3 Teknik Elektronika
,0,7,education_level + accreditation_status + graduation_predicate + faculty_program_name,,Diploma Tiga,Baik,Sangat Memuaskan,Sekolah Vokasi/D3 Teknik Komputer
,0,2,education_level + accreditation_status + graduation_predicate + faculty_program_name,,Diploma Tiga,Baik,Sangat Memuaskan,Sekolah Vokasi/D3 Teknik Mesin
,0,9,education_level + accreditation_status + graduation_predicate + faculty_program_name,,Diploma Tiga,Baik,__MISSING__,__MISSING__
,0,40,education_level + accreditation_status + graduation_predicate + faculty_program_name,,Diploma Tiga,Baik Sekali,Dengan Pujian,Sekolah Vokasi/D3 Akuntansi
,1,109,education_level + accreditation_status + graduation_predicate + faculty_program_name,,Diploma Tiga,Baik Sekali,Dengan Pujian,Sekolah Vokasi/D3 Akuntansi
,0,15,education_level + accreditation_status + graduation_predicate + faculty_program_name,,Diploma Tiga,Baik Sekali,Dengan Pujian,Sekolah Vokasi/D3 Farmasi
,1,47,education_level + accreditation_status + graduation_predicate + faculty_program_name,,Diploma Tiga,Baik Sekali,Dengan Pujian,Sekolah Vokasi/D3 Farmasi
,0,3,education_level + accreditation_status + graduation_predicate + faculty_program_name,,Diploma Tiga,Baik Sekali,Dengan Pujian,Sekolah Vokasi/D3 Kebidanan
,1,9,education_level + accreditation_status + graduation_predicate + faculty_program_name,,Diploma Tiga,Baik Sekali,Dengan Pujian,Sekolah Vokasi/D3 Kebidanan
,0,5,education_level + accreditation_status + graduation_predicate + faculty_program_name,,Diploma Tiga,Baik Sekali,Dengan Pujian,Sekolah Vokasi/D3 Keperawatan
,0,2,education_level + accreditation_status + graduation_predicate + faculty_program_name,,Diploma Tiga,Baik Sekali,Dengan Pujian,Sekolah Vokasi/D3 Teknik Elektronika
,0,35,education_level + accreditation_status + graduation_predicate + faculty_program_name,,Diploma Tiga,Baik Sekali,Dengan Pujian,Sekolah Vokasi/D3 Teknik Komputer
,1,111,education_level + accreditation_status + graduation_predicate + faculty_program_name,,Diploma Tiga,Baik Sekali,Dengan Pujian,Sekolah Vokasi/D3 Teknik Komputer
,0,10,education_level + accreditation_status + graduation_predicate + faculty_program_name,,Diploma Tiga,Baik Sekali,Dengan Pujian,Sekolah Vokasi/D3 Teknik Mesin
,1,24,education_level + accreditation_status + graduation_predicate + faculty_program_name,,Diploma Tiga,Baik Sekali,Dengan Pujian,Sekolah Vokasi/D3 Teknik Mesin
,0,7,education_level + accreditation_status + graduation_predicate + faculty_program_name,,Diploma Tiga,Baik Sekali,Dengan Pujian,Sekolah Vokasi/D4 Teknik Informatika
,0,1,education_level + accreditation_status + graduation_predicate + faculty_program_name,,Diploma Tiga,Baik Sekali,Memuaskan,Sekolah Vokasi/D4 Teknik Informatika
,0,5,education_level + accreditation_status + graduation_predicate + faculty_program_name,,Diploma Tiga,Baik Sekali,Sangat Memuaskan,Sekolah Vokasi/D3 Akuntansi
,1,28,education_level + accreditation_status + graduation_predicate + faculty_program_name,,Diploma Tiga,Baik Sekali,Sangat Memuaskan,Sekolah Vokasi/D3 Akuntansi
,0,8,education_level + accreditation_status + graduation_predicate + faculty_program_name,,Diploma Tiga,Baik Sekali,Sangat Memuaskan,Sekolah Vokasi/D3 Desain Komunikasi Visual
,0,28,education_level + accreditation_status + graduation_predicate + faculty_program_name,,Diploma Tiga,Baik Sekali,Sangat Memuaskan,Sekolah Vokasi/D3 Farmasi
,1,80,education_level + accreditation_status + graduation_predicate + faculty_program_name,,Diploma Tiga,Baik Sekali,Sangat Memuaskan,Sekolah Vokasi/D3 Farmasi
,0,2,education_level + accreditation_status + graduation_predicate + faculty_program_name,,Diploma Tiga,Baik Sekali,Sangat Memuaskan,Sekolah Vokasi/D3 Kebidanan
,1,5,education_level + accreditation_status + graduation_predicate + faculty_program_name,,Diploma Tiga,Baik Sekali,Sangat Memuaskan,Sekolah Vokasi/D3 Kebidanan
,0,5,education_level + accreditation_status + graduation_predicate + faculty_program_name,,Diploma Tiga,Baik Sekali,Sangat Memuaskan,Sekolah Vokasi/D3 Keperawatan
,0,1,education_level + accreditation_status + graduation_predicate + faculty_program_name,,Diploma Tiga,Baik Sekali,Sangat Memuaskan,Sekolah Vokasi/D3 Perhotelan
,0,1,education_level + accreditation_status + graduation_predicate + faculty_program_name,,Diploma Tiga,Baik Sekali,Sangat Memuaskan,Sekolah Vokasi/D3 Teknik Elektronika
,0,17,education_level + accreditation_status + graduation_predicate + faculty_program_name,,Diploma Tiga,Baik Sekali,Sangat Memuaskan,Sekolah Vokasi/D3 Teknik Komputer
,1,45,education_level + accreditation_status + graduation_predicate + faculty_program_name,,Diploma Tiga,Baik Sekali,Sangat Memuaskan,Sekolah Vokasi/D3 Teknik Komputer
,0,6,education_level + accreditation_status + graduation_predicate + faculty_program_name,,Diploma Tiga,Baik Sekali,Sangat Memuaskan,Sekolah Vokasi/D3 Teknik Mesin
,1,23,education_level + accreditation_status + graduation_predicate + faculty_program_name,,Diploma Tiga,Baik Sekali,Sangat Memuaskan,Sekolah Vokasi/D3 Teknik Mesin
,0,5,education_level + accreditation_status + graduation_predicate + faculty_program_name,,Diploma Tiga,Baik Sekali,Sangat Memuaskan,Sekolah Vokasi/D4 Teknik Informatika
,0,10,education_level + accreditation_status + graduation_predicate + faculty_program_name,,Diploma Tiga,Terakreditasi,Dengan Pujian,Sekolah Vokasi/D3 Akuntansi
,0,2,education_level + accreditation_status + graduation_predicate + faculty_program_name,,Diploma Tiga,Terakreditasi,Dengan Pujian,Sekolah Vokasi/D3 Desain Komunikasi Visual
,0,8,education_level + accreditation_status + graduation_predicate + faculty_program_name,,Diploma Tiga,Terakreditasi,Dengan Pujian,Sekolah Vokasi/D3 Farmasi
,0,1,education_level + accreditation_status + graduation_predicate + faculty_program_name,,Diploma Tiga,Terakreditasi,Dengan Pujian,Sekolah Vokasi/D3 Kebidanan
,0,5,education_level + accreditation_status + graduation_predicate + faculty_program_name,,Diploma Tiga,Terakreditasi,Dengan Pujian,Sekolah Vokasi/D3 Keperawatan
,0,1,education_level + accreditation_status + graduation_predicate + faculty_program_name,,Diploma Tiga,Terakreditasi,Dengan Pujian,Sekolah Vokasi/D3 Perhotelan
,0,5,education_level + accreditation_status + graduation_predicate + faculty_program_name,,Diploma Tiga,Terakreditasi,Dengan Pujian,Sekolah Vokasi/D3 Teknik Elektronika
,1,13,education_level + accreditation_status + graduation_predicate + faculty_program_name,,Diploma Tiga,Terakreditasi,Dengan Pujian,Sekolah Vokasi/D3 Teknik Elektronika
,0,16,education_level + accreditation_status + graduation_predicate + faculty_program_name,,Diploma Tiga,Terakreditasi,Dengan Pujian,Sekolah Vokasi/D3 Teknik Komputer
,0,5,education_level + accreditation_status + graduation_predicate + faculty_program_name,,Diploma Tiga,Terakreditasi,Dengan Pujian,Sekolah Vokasi/D3 Teknik Mesin
,0,2,education_level + accreditation_status + graduation_predicate + faculty_program_name,,Diploma Tiga,Terakreditasi,Memuaskan,Sekolah Vokasi/D3 Desain Komunikasi Visual
,0,7,education_level + accreditation_status + graduation_predicate + faculty_program_name,,Diploma Tiga,Terakreditasi,Sangat Memuaskan,Sekolah Vokasi/D3 Akuntansi
,0,5,education_level + accreditation_status + graduation_predicate + faculty_program_name,,Diploma Tiga,Terakreditasi,Sangat Memuaskan,Sekolah Vokasi/D3 Desain Komunikasi Visual
,0,15,education_level + accreditation_status + graduation_predicate + faculty_program_name,,Diploma Tiga,Terakreditasi,Sangat Memuaskan,Sekolah Vokasi/D3 Farmasi
,0,1,education_level + accreditation_status + graduation_predicate + faculty_program_name,,Diploma Tiga,Terakreditasi,Sangat Memuaskan,Sekolah Vokasi/D3 Keperawatan
,0,1,education_level + accreditation_status + graduation_predicate + faculty_program_name,,Diploma Tiga,Terakreditasi,Sangat Memuaskan,Sekolah Vokasi/D3 Perhotelan
,0,2,education_level + accreditation_status + graduation_predicate + faculty_program_name,,Diploma Tiga,Terakreditasi,Sangat Memuaskan,Sekolah Vokasi/D3 Teknik Elektronika
,1,8,education_level + accreditation_status + graduation_predicate + faculty_program_name,,Diploma Tiga,Terakreditasi,Sangat Memuaskan,Sekolah Vokasi/D3 Teknik Elektronika
,0,10,education_level + accreditation_status + graduation_predicate + faculty_program_name,,Diploma Tiga,Terakreditasi,Sangat Memuaskan,Sekolah Vokasi/D3 Teknik Komputer
,0,5,education_level + accreditation_status + graduation_predicate + faculty_program_name,,Diploma Tiga,Terakreditasi,Sangat Memuaskan,Sekolah Vokasi/D3 Teknik Mesin
,0,2,education_level + accreditation_status + graduation_predicate + faculty_program_name,,Sarjana,Baik,Dengan Pujian,Fakultas Sains dan Teknologi/S1 Sistem Informasi
,1,6,education_level + accreditation_status + graduation_predicate + faculty_program_name,,Sarjana,Baik,Dengan Pujian,Fakultas Sains dan Teknologi/S1 Sistem Informasi
,0,10,education_level + accreditation_status + graduation_predicate + faculty_program_name,,Sarjana,Baik,Dengan Pujian,Fakultas Sains dan Teknologi/S1 Teknik Informatika
,1,29,education_level + accreditation_status + graduation_predicate + faculty_program_name,,Sarjana,Baik,Dengan Pujian,Fakultas Sains dan Teknologi/S1 Teknik Informatika
,0,1,education_level + accreditation_status + graduation_predicate + faculty_program_name,,Sarjana,Baik,Dengan Pujian,Sekolah Vokasi/D3 Desain Komunikasi Visual
,0,6,education_level + accreditation_status + graduation_predicate + faculty_program_name,,Sarjana,Baik,Dengan Pujian,Sekolah Vokasi/D3 Keperawatan
,0,2,education_level + accreditation_status + graduation_predicate + faculty_program_name,,Sarjana,Baik,Dengan Pujian,Sekolah Vokasi/D4 Akuntansi Sektor Publik
,1,1,education_level + accreditation_status + graduation_predicate + faculty_program_name,,Sarjana,Baik,Sangat Memuaskan,Fakultas Sains dan Teknologi/S1 Sistem Informasi
,0,2,education_level + accreditation_status + graduation_predicate + faculty_program_name,,Sarjana,Baik,Sangat Memuaskan,Fakultas Sains dan Teknologi/S1 Teknik Informatika
,1,7,education_level + accreditation_status + graduation_predicate + faculty_program_name,,Sarjana,Baik,Sangat Memuaskan,Fakultas Sains dan Teknologi/S1 Teknik Informatika
,0,2,education_level + accreditation_status + graduation_predicate + faculty_program_name,,Sarjana,Baik,Sangat Memuaskan,Sekolah Vokasi/D3 Desain Komunikasi Visual
,0,3,education_level + accreditation_status + graduation_predicate + faculty_program_name,,Sarjana,Baik,Sangat Memuaskan,Sekolah Vokasi/D3 Keperawatan
,0,1,education_level + accreditation_status + graduation_predicate + faculty_program_name,,Sarjana,Baik,Sangat Memuaskan,Sekolah Vokasi/D3 Perhotelan
,0,16,education_level + accreditation_status + graduation_predicate + faculty_program_name,,Sarjana,Baik,__MISSING__,__MISSING__
,0,3,education_level + accreditation_status + graduation_predicate + faculty_program_name,,Sarjana,Baik Sekali,Dengan Pujian,Fakultas Sains dan Teknologi/S1 Teknik Informatika
,0,12,education_level + accreditation_status + graduation_predicate + faculty_program_name,,Sarjana,Baik Sekali,Dengan Pujian,Sekolah Vokasi/D3 Akuntansi
,0,4,education_level + accreditation_status + graduation_predicate + faculty_program_name,,Sarjana,Baik Sekali,Dengan Pujian,Sekolah Vokasi/D3 Farmasi
,0,1,education_level + accreditation_status + graduation_predicate + faculty_program_name,,Sarjana,Baik Sekali,Dengan Pujian,Sekolah Vokasi/D3 Kebidanan
,0,8,education_level + accreditation_status + graduation_predicate + faculty_program_name,,Sarjana,Baik Sekali,Dengan Pujian,Sekolah Vokasi/D3 Teknik Komputer
,0,2,education_level + accreditation_status + graduation_predicate + faculty_program_name,,Sarjana,Baik Sekali,Dengan Pujian,Sekolah Vokasi/D3 Teknik Mesin
,0,1,education_level + accreditation_status + graduation_predicate + faculty_program_name,,Sarjana,Baik Sekali,Sangat Memuaskan,Fakultas Sains dan Teknologi/S1 Sistem Informasi
,0,3,education_level + accreditation_status + graduation_predicate + faculty_program_name,,Sarjana,Baik Sekali,Sangat Memuaskan,Sekolah Vokasi/D3 Akuntansi
,0,7,education_level + accreditation_status + graduation_predicate + faculty_program_name,,Sarjana,Baik Sekali,Sangat Memuaskan,Sekolah Vokasi/D3 Farmasi
,0,1,education_level + accreditation_status + graduation_predicate + faculty_program_name,,Sarjana,Baik Sekali,Sangat Memuaskan,Sekolah Vokasi/D3 Kebidanan
,0,4,education_level + accreditation_status + graduation_predicate + faculty_program_name,,Sarjana,Baik Sekali,Sangat Memuaskan,Sekolah Vokasi/D3 Teknik Komputer
,0,4,education_level + accreditation_status + graduation_predicate + faculty_program_name,,Sarjana,Baik Sekali,Sangat Memuaskan,Sekolah Vokasi/D3 Teknik Mesin
,0,1,education_level + accreditation_status + graduation_predicate + faculty_program_name,,Sarjana,Terakreditasi,Dengan Pujian,Fakultas Sains dan Teknologi/S1 Sistem Informasi
,0,7,education_level + accreditation_status + graduation_predicate + faculty_program_name,,Sarjana,Terakreditasi,Dengan Pujian,Fakultas Sains dan Teknologi/S1 Teknik Informatika
,0,3,education_level + accreditation_status + graduation_predicate + faculty_program_name,,Sarjana,Terakreditasi,Dengan Pujian,Sekolah Vokasi/D3 Teknik Elektronika
,0,2,education_level + accreditation_status + graduation_predicate + faculty_program_name,,Sarjana,Terakreditasi,Sangat Memuaskan,Fakultas Sains dan Teknologi/S1 Teknik Informatika
,0,1,education_level + accreditation_status + graduation_predicate + faculty_program_name,,Sarjana,Terakreditasi,Sangat Memuaskan,Sekolah Vokasi/D3 Teknik Elektronika
,0,1,education_level + accreditation_status + graduation_predicate + faculty_program_name,,Sarjana Terapan,Baik,Dengan Pujian,Sekolah Vokasi/D3 Desain Komunikasi Visual
,0,3,education_level + accreditation_status + graduation_predicate + faculty_program_name,,Sarjana Terapan,Baik,Dengan Pujian,Sekolah Vokasi/D3 Keperawatan
,0,3,education_level + accreditation_status + graduation_predicate + faculty_program_name,,Sarjana Terapan,Baik,Dengan Pujian,Sekolah Vokasi/D4 Akuntansi Sektor Publik
,1,10,education_level + accreditation_status + graduation_predicate + faculty_program_name,,Sarjana Terapan,Baik,Dengan Pujian,Sekolah Vokasi/D4 Akuntansi Sektor Publik
,0,7,education_level + accreditation_status + graduation_predicate + faculty_program_name,,Sarjana Terapan,Baik,Dengan Pujian,Sekolah Vokasi/D4 Teknik Informatika
,0,2,education_level + accreditation_status + graduation_predicate + faculty_program_name,,Sarjana Terapan,Baik,Sangat Memuaskan,Sekolah Vokasi/D3 Desain Komunikasi Visual
,0,1,education_level + accreditation_status + graduation_predicate + faculty_program_name,,Sarjana Terapan,Baik,Sangat Memuaskan,Sekolah Vokasi/D3 Perhotelan
,0,1,education_level + accreditation_status + graduation_predicate + faculty_program_name,,Sarjana Terapan,Baik,Sangat Memuaskan,Sekolah Vokasi/D4 Akuntansi Sektor Publik
,1,3,education_level + accreditation_status + graduation_predicate + faculty_program_name,,Sarjana Terapan,Baik,Sangat Memuaskan,Sekolah Vokasi/D4 Akuntansi Sektor Publik
,0,6,education_level + accreditation_status + graduation_predicate + faculty_program_name,,Sarjana Terapan,Baik,Sangat Memuaskan,Sekolah Vokasi/D4 Teknik Informatika
,0,13,education_level + accreditation_status + graduation_predicate + faculty_program_name,,Sarjana Terapan,Baik,__MISSING__,__MISSING__
,0,12,education_level + accreditation_status + graduation_predicate + faculty_program_name,,Sarjana Terapan,Baik Sekali,Dengan Pujian,Sekolah Vokasi/D3 Akuntansi
,0,3,education_level + accreditation_status + graduation_predicate + faculty_program_name,,Sarjana Terapan,Baik Sekali,Dengan Pujian,Sekolah Vokasi/D3 Farmasi
,0,1,education_level + accreditation_status + graduation_predicate + faculty_program_name,,Sarjana Terapan,Baik Sekali,Dengan Pujian,Sekolah Vokasi/D3 Kebidanan
,0,20,education_level + accreditation_status + graduation_predicate + faculty_program_name,,Sarjana Terapan,Baik Sekali,Dengan Pujian,Sekolah Vokasi/D3 Teknik Komputer
,0,2,education_level + accreditation_status + graduation_predicate + faculty_program_name,,Sarjana Terapan,Baik Sekali,Dengan Pujian,Sekolah Vokasi/D3 Teknik Mesin
,0,1,education_level + accreditation_status + graduation_predicate + faculty_program_name,,Sarjana Terapan,Baik Sekali,Dengan Pujian,Sekolah Vokasi/D4 Akuntansi Sektor Publik
,0,20,education_level + accreditation_status + graduation_predicate + faculty_program_name,,Sarjana Terapan,Baik Sekali,Dengan Pujian,Sekolah Vokasi/D4 Teknik Informatika
,1,49,education_level + accreditation_status + graduation_predicate + faculty_program_name,,Sarjana Terapan,Baik Sekali,Dengan Pujian,Sekolah Vokasi/D4 Teknik Informatika
,1,1,education_level + accreditation_status + graduation_predicate + faculty_program_name,,Sarjana Terapan,Baik Sekali,Memuaskan,Sekolah Vokasi/D4 Teknik Informatika
,0,5,education_level + accreditation_status + graduation_predicate + faculty_program_name,,Sarjana Terapan,Baik Sekali,Sangat Memuaskan,Sekolah Vokasi/D3 Akuntansi
,0,9,education_level + accreditation_status + graduation_predicate + faculty_program_name,,Sarjana Terapan,Baik Sekali,Sangat Memuaskan,Sekolah Vokasi/D3 Farmasi
,0,5,education_level + accreditation_status + graduation_predicate + faculty_program_name,,Sarjana Terapan,Baik Sekali,Sangat Memuaskan,Sekolah Vokasi/D3 Teknik Komputer
,0,1,education_level + accreditation_status + graduation_predicate + faculty_program_name,,Sarjana Terapan,Baik Sekali,Sangat Memuaskan,Sekolah Vokasi/D3 Teknik Mesin
,0,1,education_level + accreditation_status + graduation_predicate + faculty_program_name,,Sarjana Terapan,Baik Sekali,Sangat Memuaskan,Sekolah Vokasi/D4 Akuntansi Sektor Publik
,0,7,education_level + accreditation_status + graduation_predicate + faculty_program_name,,Sarjana Terapan,Baik Sekali,Sangat Memuaskan,Sekolah Vokasi/D4 Teknik Informatika
,1,32,education_level + accreditation_status + graduation_predicate + faculty_program_name,,Sarjana Terapan,Baik Sekali,Sangat Memuaskan,Sekolah Vokasi/D4 Teknik Informatika
,0,1,education_level + accreditation_status + graduation_predicate + faculty_program_name,,Sarjana Terapan,Terakreditasi,Dengan Pujian,Sekolah Vokasi/D3 Teknik Elektronika
,0,2,education_level + accreditation_status + graduation_predicate + faculty_program_name,,Sarjana Terapan,Terakreditasi,Dengan Pujian,Sekolah Vokasi/D4 Akuntansi Sektor Publik
,0,8,education_level + accreditation_status + graduation_predicate + faculty_program_name,,Sarjana Terapan,Terakreditasi,Dengan Pujian,Sekolah Vokasi/D4 Teknik Informatika
,0,2,education_level + accreditation_status + graduation_predicate + faculty_program_name,,Sarjana Terapan,Terakreditasi,Sangat Memuaskan,Sekolah Vokasi/D3 Teknik Elektronika
,0,1,education_level + accreditation_status + graduation_predicate + faculty_program_name,,Sarjana Terapan,Terakreditasi,Sangat Memuaskan,Sekolah Vokasi/D4 Akuntansi Sektor Publik
,0,6,education_level + accreditation_status + graduation_predicate + faculty_program_name,,Sarjana Terapan,Terakreditasi,Sangat Memuaskan,Sekolah Vokasi/D4 Teknik Informatika
PMKM,0,8,institution + program + education_level + accreditation_status + graduation_predicate,Akuntansi,Diploma 3,Baik,__MISSING__,
PMKM,0,1,institution + program + education_level + accreditation_status + graduation_predicate,Akuntansi Sektor Publik,Diploma 3,Baik,__MISSING__,
PMKM,1,58,institution + program + education_level + accreditation_status + graduation_predicate,Analis Kesehatan,Diploma 3,Baik,__MISSING__,
PMKM,0,10,institution + program + education_level + accreditation_status + graduation_predicate,Analis Kesehatan,Diploma 3,Baik Sekali,__MISSING__,
PMKM,0,10,institution + program + education_level + accreditation_status + graduation_predicate,Analis Kesehatan,Diploma 3,Terakreditasi,__MISSING__,
PMKM,0,4,institution + program + education_level + accreditation_status + graduation_predicate,Analis Kesehatan,Diploma Tiga,Baik,__MISSING__,
PMKM,0,10,institution + program + education_level + accreditation_status + graduation_predicate,Analis Kesehatan,Sarjana,Baik,__MISSING__,
PMKM,0,5,institution + program + education_level + accreditation_status + graduation_predicate,Analis Kesehatan,Sarjana Terapan,Baik,__MISSING__,
PMKM,0,6,institution + program + education_level + accreditation_status + graduation_predicate,Desain Komunikasi Visual,Diploma 3,Baik,__MISSING__,
PMKM,1,46,institution + program + education_level + accreditation_status + graduation_predicate,Farmasi,Diploma 3,Baik,__MISSING__,
PMKM,0,8,institution + program + education_level + accreditation_status + graduation_predicate,Farmasi,Diploma 3,Baik Sekali,__MISSING__,
PMKM,0,7,institution + program + education_level + accreditation_status + graduation_predicate,Farmasi,Diploma 3,Terakreditasi,__MISSING__,
PMKM,0,3,institution + program + education_level + accreditation_status + graduation_predicate,Farmasi,Diploma Tiga,Baik,__MISSING__,
PMKM,0,6,institution + program + education_level + accreditation_status + graduation_predicate,Farmasi,Sarjana,Baik,__MISSING__,
PMKM,0,6,institution + program + education_level + accreditation_status + graduation_predicate,Farmasi,Sarjana Terapan,Baik,__MISSING__,
PMKM,0,3,institution + program + education_level + accreditation_status + graduation_predicate,Kebidanan,Diploma 3,Baik,__MISSING__,
PMKM,0,2,institution + program + education_level + accreditation_status + graduation_predicate,Keperawatan,Diploma 3,Baik,__MISSING__,
PMKM,1,12,institution + program + education_level + accreditation_status + graduation_predicate,Manajemen Informatika,Diploma 3,Baik,__MISSING__,
PMKM,0,3,institution + program + education_level + accreditation_status + graduation_predicate,Manajemen Informatika,Diploma 3,Baik Sekali,__MISSING__,
PMKM,0,1,institution + program + education_level + accreditation_status + graduation_predicate,Manajemen Informatika,Diploma 3,Terakreditasi,__MISSING__,
PMKM,0,2,institution + program + education_level + accreditation_status + graduation_predicate,Manajemen Informatika,Diploma Tiga,Baik,__MISSING__,
PMKM,0,2,institution + program + education_level + accreditation_status + graduation_predicate,Manajemen Informatika,Sarjana Terapan,Baik,__MISSING__,
PMKM,0,1,institution + program + education_level + accreditation_status + graduation_predicate,Perhotelan,Diploma 3,Baik,__MISSING__,
PMKM,0,3,institution + program + education_level + accreditation_status + graduation_predicate,Sistem Informasi,Diploma 3,Baik,__MISSING__,
PMKM,0,3,institution + program + education_level + accreditation_status + graduation_predicate,Teknik Elektronika,Diploma 3,Baik,__MISSING__,
PMKM,0,6,institution + program + education_level + accreditation_status + graduation_predicate,Teknik Informatika,Diploma 3,Baik,__MISSING__,
PMKM,0,4,institution + program + education_level + accreditation_status + graduation_predicate,Teknik Komputer,Diploma 3,Baik,__MISSING__,
PMKM,0,2,institution + program + education_level + accreditation_status + graduation_predicate,Teknik Mesin,Diploma 3,Baik,__MISSING__,
UHN,0,11,institution + program + education_level + accreditation_status + graduation_predicate,Akuntansi,Diploma 3,Baik Sekali,Dengan Pujian,
UHN,0,3,institution + program + education_level + accreditation_status + graduation_predicate,Akuntansi,Diploma 3,Baik Sekali,Sangat Memuaskan,
UHN,0,24,institution + program + education_level + accreditation_status + graduation_predicate,Akuntansi,Diploma Tiga,Baik,Dengan Pujian,
UHN,0,5,institution + program + education_level + accreditation_status + graduation_predicate,Akuntansi,Diploma Tiga,Baik,Sangat Memuaskan,
UHN,1,109,institution + program + education_level + accreditation_status + graduation_predicate,Akuntansi,Diploma Tiga,Baik Sekali,Dengan Pujian,
UHN,1,28,institution + program + education_level + accreditation_status + graduation_predicate,Akuntansi,Diploma Tiga,Baik Sekali,Sangat Memuaskan,
UHN,0,10,institution + program + education_level + accreditation_status + graduation_predicate,Akuntansi,Diploma Tiga,Terakreditasi,Dengan Pujian,
UHN,0,7,institution + program + education_level + accreditation_status + graduation_predicate,Akuntansi,Diploma Tiga,Terakreditasi,Sangat Memuaskan,
UHN,0,12,institution + program + education_level + accreditation_status + graduation_predicate,Akuntansi,Sarjana,Baik Sekali,Dengan Pujian,
UHN,0,3,institution + program + education_level + accreditation_status + graduation_predicate,Akuntansi,Sarjana,Baik Sekali,Sangat Memuaskan,
UHN,0,12,institution + program + education_level + accreditation_status + graduation_predicate,Akuntansi,Sarjana Terapan,Baik Sekali,Dengan Pujian,
UHN,0,5,institution + program + education_level + accreditation_status + graduation_predicate,Akuntansi,Sarjana Terapan,Baik Sekali,Sangat Memuaskan,
UHN,0,1,institution + program + education_level + accreditation_status + graduation_predicate,Akuntansi Sektor Publik,Diploma 3,Baik,Dengan Pujian,
UHN,0,1,institution + program + education_level + accreditation_status + graduation_predicate,Akuntansi Sektor Publik,Diploma Tiga,Baik,Dengan Pujian,
UHN,0,2,institution + program + education_level + accreditation_status + graduation_predicate,Akuntansi Sektor Publik,Sarjana,Baik,Dengan Pujian,
UHN,1,10,institution + program + education_level + accreditation_status + graduation_predicate,Akuntansi Sektor Publik,Sarjana Terapan,Baik,Dengan Pujian,
UHN,1,3,institution + program + education_level + accreditation_status + graduation_predicate,Akuntansi Sektor Publik,Sarjana Terapan,Baik,Sangat Memuaskan,
UHN,0,1,institution + program + education_level + accreditation_status + graduation_predicate,Akuntansi Sektor Publik,Sarjana Terapan,Baik Sekali,Dengan Pujian,
UHN,0,1,institution + program + education_level + accreditation_status + graduation_predicate,Akuntansi Sektor Publik,Sarjana Terapan,Baik Sekali,Sangat Memuaskan,
UHN,0,2,institution + program + education_level + accreditation_status + graduation_predicate,Akuntansi Sektor Publik,Sarjana Terapan,Terakreditasi,Dengan Pujian,
UHN,0,1,institution + program + education_level + accreditation_status + graduation_predicate,Akuntansi Sektor Publik,Sarjana Terapan,Terakreditasi,Sangat Memuaskan,
UHN,0,9,institution + program + education_level + accreditation_status + graduation_predicate,Analis Kesehatan,Diploma Tiga,Baik,Dengan Pujian,
UHN,0,9,institution + program + education_level + accreditation_status + graduation_predicate,Analis Kesehatan,Diploma Tiga,Baik,Sangat Memuaskan,
UHN,0,59,institution + program + education_level + accreditation_status + graduation_predicate,Analis Kesehatan,Diploma Tiga,Baik Sekali,Dengan Pujian,
UHN,0,24,institution + program + education_level + accreditation_status + graduation_predicate,Analis Kesehatan,Diploma Tiga,Baik Sekali,Sangat Memuaskan,
UHN,0,4,institution + program + education_level + accreditation_status + graduation_predicate,Analis Kesehatan,Diploma Tiga,Terakreditasi,Dengan Pujian,
UHN,0,2,institution + program + education_level + accreditation_status + graduation_predicate,Analis Kesehatan,Diploma Tiga,Terakreditasi,Sangat Memuaskan,
UHN,0,8,institution + program + education_level + accreditation_status + graduation_predicate,Analis Kesehatan,Sarjana,Baik,Dengan Pujian,
UHN,0,2,institution + program + education_level + accreditation_status + graduation_predicate,Analis Kesehatan,Sarjana,Baik,Sangat Memuaskan,
UHN,0,1,institution + program + education_level + accreditation_status + graduation_predicate,Analis Kesehatan,Sarjana Terapan,Baik,Sangat Memuaskan,
UHN,0,9,institution + program + education_level + accreditation_status + graduation_predicate,Analis Kesehatan,Sarjana Terapan,Baik Sekali,Dengan Pujian,
UHN,0,3,institution + program + education_level + accreditation_status + graduation_predicate,Analis Kesehatan,Sarjana Terapan,Baik Sekali,Sangat Memuaskan,
UHN,0,1,institution + program + education_level + accreditation_status + graduation_predicate,Desain Komunikasi Visual,Diploma 3,Baik,Dengan Pujian,
UHN,0,9,institution + program + education_level + accreditation_status + graduation_predicate,Desain Komunikasi Visual,Diploma 3,Baik,Sangat Memuaskan,
UHN,1,12,institution + program + education_level + accreditation_status + graduation_predicate,Desain Komunikasi Visual,Diploma Tiga,Baik,Dengan Pujian,
UHN,1,2,institution + program + education_level + accreditation_status + graduation_predicate,Desain Komunikasi Visual,Diploma Tiga,Baik,Memuaskan,
UHN,1,36,institution + program + education_level + accreditation_status + graduation_predicate,Desain Komunikasi Visual,Diploma Tiga,Baik,Sangat Memuaskan,
UHN,0,8,institution + program + education_level + accreditation_status + graduation_predicate,Desain Komunikasi Visual,Diploma Tiga,Baik Sekali,Sangat Memuaskan,
UHN,0,2,institution + program + education_level + accreditation_status + graduation_predicate,Desain Komunikasi Visual,Diploma Tiga,Terakreditasi,Dengan Pujian,
UHN,0,2,institution + program + education_level + accreditation_status + graduation_predicate,Desain Komunikasi Visual,Diploma Tiga,Terakreditasi,Memuaskan,
UHN,0,5,institution + program + education_level + accreditation_status + graduation_predicate,Desain Komunikasi Visual,Diploma Tiga,Terakreditasi,Sangat Memuaskan,
UHN,0,1,institution + program + education_level + accreditation_status + graduation_predicate,Desain Komunikasi Visual,Sarjana,Baik,Dengan Pujian,
UHN,0,2,institution + program + education_level + accreditation_status + graduation_predicate,Desain Komunikasi Visual,Sarjana,Baik,Sangat Memuaskan,
UHN,0,1,institution + program + education_level + accreditation_status + graduation_predicate,Desain Komunikasi Visual,Sarjana Terapan,Baik,Dengan Pujian,
UHN,0,2,institution + program + education_level + accreditation_status + graduation_predicate,Desain Komunikasi Visual,Sarjana Terapan,Baik,Sangat Memuaskan,
UHN,0,6,institution + program + education_level + accreditation_status + graduation_predicate,Farmasi,Diploma 3,Baik Sekali,Dengan Pujian,
UHN,0,13,institution + program + education_level + accreditation_status + graduation_predicate,Farmasi,Diploma 3,Baik Sekali,Sangat Memuaskan,
UHN,0,11,institution + program + education_level + accreditation_status + graduation_predicate,Farmasi,Diploma Tiga,Baik,Dengan Pujian,
UHN,0,8,institution + program + education_level + accreditation_status + graduation_predicate,Farmasi,Diploma Tiga,Baik,Sangat Memuaskan,
UHN,1,47,institution + program + education_level + accreditation_status + graduation_predicate,Farmasi,Diploma Tiga,Baik Sekali,Dengan Pujian,
UHN,1,80,institution + program + education_level + accreditation_status + graduation_predicate,Farmasi,Diploma Tiga,Baik Sekali,Sangat Memuaskan,
UHN,0,8,institution + program + education_level + accreditation_status + graduation_predicate,Farmasi,Diploma Tiga,Terakreditasi,Dengan Pujian,
UHN,0,15,institution + program + education_level + accreditation_status + graduation_predicate,Farmasi,Diploma Tiga,Terakreditasi,Sangat Memuaskan,
UHN,0,4,institution + program + education_level + accreditation_status + graduation_predicate,Farmasi,Sarjana,Baik Sekali,Dengan Pujian,
UHN,0,7,institution + program + education_level + accreditation_status + graduation_predicate,Farmasi,Sarjana,Baik Sekali,Sangat Memuaskan,
UHN,0,3,institution + program + education_level + accreditation_status + graduation_predicate,Farmasi,Sarjana Terapan,Baik Sekali,Dengan Pujian,
UHN,0,9,institution + program + education_level + accreditation_status + graduation_predicate,Farmasi,Sarjana Terapan,Baik Sekali,Sangat Memuaskan,
UHN,0,1,institution + program + education_level + accreditation_status + graduation_predicate,Kebidanan,Diploma 3,Baik Sekali,Dengan Pujian,
UHN,0,1,institution + program + education_level + accreditation_status + graduation_predicate,Kebidanan,Diploma 3,Baik Sekali,Sangat Memuaskan,
UHN,0,2,institution + program + education_level + accreditation_status + graduation_predicate,Kebidanan,Diploma Tiga,Baik,Dengan Pujian,
UHN,0,1,institution + program + education_level + accreditation_status + graduation_predicate,Kebidanan,Diploma Tiga,Baik,Sangat Memuaskan,
UHN,1,9,institution + program + education_level + accreditation_status + graduation_predicate,Kebidanan,Diploma Tiga,Baik Sekali,Dengan Pujian,
UHN,1,5,institution + program + education_level + accreditation_status + graduation_predicate,Kebidanan,Diploma Tiga,Baik Sekali,Sangat Memuaskan,
UHN,0,1,institution + program + education_level + accreditation_status + graduation_predicate,Kebidanan,Diploma Tiga,Terakreditasi,Dengan Pujian,
UHN,0,1,institution + program + education_level + accreditation_status + graduation_predicate,Kebidanan,Sarjana,Baik Sekali,Dengan Pujian,
UHN,0,1,institution + program + education_level + accreditation_status + graduation_predicate,Kebidanan,Sarjana,Baik Sekali,Sangat Memuaskan,
UHN,0,1,institution + program + education_level + accreditation_status + graduation_predicate,Kebidanan,Sarjana Terapan,Baik Sekali,Dengan Pujian,
UHN,0,1,institution + program + education_level + accreditation_status + graduation_predicate,Keperawatan,Diploma 3,Baik,Dengan Pujian,
UHN,0,2,institution + program + education_level + accreditation_status + graduation_predicate,Keperawatan,Diploma 3,Baik,Sangat Memuaskan,
UHN,1,29,institution + program + education_level + accreditation_status + graduation_predicate,Keperawatan,Diploma Tiga,Baik,Dengan Pujian,
UHN,1,17,institution + program + education_level + accreditation_status + graduation_predicate,Keperawatan,Diploma Tiga,Baik,Sangat Memuaskan,
UHN,0,5,institution + program + education_level + accreditation_status + graduation_predicate,Keperawatan,Diploma Tiga,Baik Sekali,Dengan Pujian,
UHN,0,5,institution + program + education_level + accreditation_status + graduation_predicate,Keperawatan,Diploma Tiga,Baik Sekali,Sangat Memuaskan,
UHN,0,5,institution + program + education_level + accreditation_status + graduation_predicate,Keperawatan,Diploma Tiga,Terakreditasi,Dengan Pujian,
UHN,0,1,institution + program + education_level + accreditation_status + graduation_predicate,Keperawatan,Diploma Tiga,Terakreditasi,Sangat Memuaskan,
UHN,0,6,institution + program + education_level + accreditation_status + graduation_predicate,Keperawatan,Sarjana,Baik,Dengan Pujian,
UHN,0,3,institution + program + education_level + accreditation_status + graduation_predicate,Keperawatan,Sarjana,Baik,Sangat Memuaskan,
UHN,0,3,institution + program + education_level + accreditation_status + graduation_predicate,Keperawatan,Sarjana Terapan,Baik,Dengan Pujian,
UHN,0,10,institution + program + education_level + accreditation_status + graduation_predicate,Manajemen Informatika,Diploma Tiga,Baik,Dengan Pujian,
UHN,0,7,institution + program + education_level + accreditation_status + graduation_predicate,Manajemen Informatika,Diploma Tiga,Baik,Sangat Memuaskan,
UHN,0,44,institution + program + education_level + accreditation_status + graduation_predicate,Manajemen Informatika,Diploma Tiga,Baik Sekali,Dengan Pujian,
UHN,0,34,institution + program + education_level + accreditation_status + graduation_predicate,Manajemen Informatika,Diploma Tiga,Baik Sekali,Sangat Memuaskan,
UHN,0,1,institution + program + education_level + accreditation_status + graduation_predicate,Manajemen Informatika,Diploma Tiga,Terakreditasi,Dengan Pujian,
UHN,0,4,institution + program + education_level + accreditation_status + graduation_predicate,Manajemen Informatika,Sarjana,Baik,Dengan Pujian,
UHN,0,3,institution + program + education_level + accreditation_status + graduation_predicate,Manajemen Informatika,Sarjana Terapan,Baik,Dengan Pujian,
UHN,0,11,institution + program + education_level + accreditation_status + graduation_predicate,Manajemen Informatika,Sarjana Terapan,Baik Sekali,Dengan Pujian,
UHN,0,4,institution + program + education_level + accreditation_status + graduation_predicate,Manajemen Informatika,Sarjana Terapan,Baik Sekali,Sangat Memuaskan,
UHN,0,1,institution + program + education_level + accreditation_status + graduation_predicate,Perhotelan,Diploma 3,Baik,Dengan Pujian,
UHN,0,1,institution + program + education_level + accreditation_status + graduation_predicate,Perhotelan,Diploma 3,Baik,Sangat Memuaskan,
UHN,1,5,institution + program + education_level + accreditation_status + graduation_predicate,Perhotelan,Diploma Tiga,Baik,Dengan Pujian,
UHN,1,5,institution + program + education_level + accreditation_status + graduation_predicate,Perhotelan,Diploma Tiga,Baik,Sangat Memuaskan,
UHN,0,1,institution + program + education_level + accreditation_status + graduation_predicate,Perhotelan,Diploma Tiga,Baik Sekali,Sangat Memuaskan,
UHN,0,1,institution + program + education_level + accreditation_status + graduation_predicate,Perhotelan,Diploma Tiga,Terakreditasi,Dengan Pujian,
UHN,0,1,institution + program + education_level + accreditation_status + graduation_predicate,Perhotelan,Diploma Tiga,Terakreditasi,Sangat Memuaskan,
UHN,0,1,institution + program + education_level + accreditation_status + graduation_predicate,Perhotelan,Sarjana,Baik,Sangat Memuaskan,
UHN,0,1,institution + program + education_level + accreditation_status + graduation_predicate,Perhotelan,Sarjana Terapan,Baik,Sangat Memuaskan,
UHN,0,2,institution + program + education_level + accreditation_status + graduation_predicate,Sistem Informasi,Diploma 3,Baik,Dengan Pujian,
UHN,0,1,institution + program + education_level + accreditation_status + graduation_predicate,Sistem Informasi,Diploma Tiga,Baik,Dengan Pujian,
UHN,1,6,institution + program + education_level + accreditation_status + graduation_predicate,Sistem Informasi,Sarjana,Baik,Dengan Pujian,
UHN,1,1,institution + program + education_level + accreditation_status + graduation_predicate,Sistem Informasi,Sarjana,Baik,Sangat Memuaskan,
UHN,0,1,institution + program + education_level + accreditation_status + graduation_predicate,Sistem Informasi,Sarjana,Baik Sekali,Sangat Memuaskan,
UHN,0,1,institution + program + education_level + accreditation_status + graduation_predicate,Sistem Informasi,Sarjana,Terakreditasi,Dengan Pujian,
UHN,0,2,institution + program + education_level + accreditation_status + graduation_predicate,Teknik Elektronika,Diploma Tiga,Baik,Dengan Pujian,
UHN,0,2,institution + program + education_level + accreditation_status + graduation_predicate,Teknik Elektronika,Diploma Tiga,Baik,Sangat Memuaskan,
UHN,0,2,institution + program + education_level + accreditation_status + graduation_predicate,Teknik Elektronika,Diploma Tiga,Baik Sekali,Dengan Pujian,
UHN,0,1,institution + program + education_level + accreditation_status + graduation_predicate,Teknik Elektronika,Diploma Tiga,Baik Sekali,Sangat Memuaskan,
UHN,1,13,institution + program + education_level + accreditation_status + graduation_predicate,Teknik Elektronika,Diploma Tiga,Terakreditasi,Dengan Pujian,
UHN,1,8,institution + program + education_level + accreditation_status + graduation_predicate,Teknik Elektronika,Diploma Tiga,Terakreditasi,Sangat Memuaskan,
UHN,0,3,institution + program + education_level + accreditation_status + graduation_predicate,Teknik Elektronika,Sarjana,Terakreditasi,Dengan Pujian,
UHN,0,1,institution + program + education_level + accreditation_status + graduation_predicate,Teknik Elektronika,Sarjana,Terakreditasi,Sangat Memuaskan,
UHN,0,1,institution + program + education_level + accreditation_status + graduation_predicate,Teknik Elektronika,Sarjana Terapan,Terakreditasi,Dengan Pujian,
UHN,0,2,institution + program + education_level + accreditation_status + graduation_predicate,Teknik Elektronika,Sarjana Terapan,Terakreditasi,Sangat Memuaskan,
UHN,0,4,institution + program + education_level + accreditation_status + graduation_predicate,Teknik Informatika,Diploma 3,Baik,Dengan Pujian,
UHN,0,2,institution + program + education_level + accreditation_status + graduation_predicate,Teknik Informatika,Diploma 3,Baik,Sangat Memuaskan,
UHN,0,7,institution + program + education_level + accreditation_status + graduation_predicate,Teknik Informatika,Diploma 3,Baik Sekali,Dengan Pujian,
UHN,0,8,institution + program + education_level + accreditation_status + graduation_predicate,Teknik Informatika,Diploma 3,Baik Sekali,Sangat Memuaskan,
UHN,0,5,institution + program + education_level + accreditation_status + graduation_predicate,Teknik Informatika,Diploma Tiga,Baik,Dengan Pujian,
UHN,0,1,institution + program + education_level + accreditation_status + graduation_predicate,Teknik Informatika,Diploma Tiga,Baik,Sangat Memuaskan,
UHN,0,7,institution + program + education_level + accreditation_status + graduation_predicate,Teknik Informatika,Diploma Tiga,Baik Sekali,Dengan Pujian,
UHN,0,1,institution + program + education_level + accreditation_status + graduation_predicate,Teknik Informatika,Diploma Tiga,Baik Sekali,Memuaskan,
UHN,0,5,institution + program + education_level + accreditation_status + graduation_predicate,Teknik Informatika,Diploma Tiga,Baik Sekali,Sangat Memuaskan,
UHN,1,29,institution + program + education_level + accreditation_status + graduation_predicate,Teknik Informatika,Sarjana,Baik,Dengan Pujian,
UHN,1,7,institution + program + education_level + accreditation_status + graduation_predicate,Teknik Informatika,Sarjana,Baik,Sangat Memuaskan,
UHN,0,3,institution + program + education_level + accreditation_status + graduation_predicate,Teknik Informatika,Sarjana,Baik Sekali,Dengan Pujian,
UHN,0,7,institution + program + education_level + accreditation_status + graduation_predicate,Teknik Informatika,Sarjana,Terakreditasi,Dengan Pujian,
UHN,0,2,institution + program + education_level + accreditation_status + graduation_predicate,Teknik Informatika,Sarjana,Terakreditasi,Sangat Memuaskan,
UHN,0,7,institution + program + education_level + accreditation_status + graduation_predicate,Teknik Informatika,Sarjana Terapan,Baik,Dengan Pujian,
UHN,0,6,institution + program + education_level + accreditation_status + graduation_predicate,Teknik Informatika,Sarjana Terapan,Baik,Sangat Memuaskan,
UHN,1,49,institution + program + education_level + accreditation_status + graduation_predicate,Teknik Informatika,Sarjana Terapan,Baik Sekali,Dengan Pujian,
UHN,1,1,institution + program + education_level + accreditation_status + graduation_predicate,Teknik Informatika,Sarjana Terapan,Baik Sekali,Memuaskan,
UHN,1,32,institution + program + education_level + accreditation_status + graduation_predicate,Teknik Informatika,Sarjana Terapan,Baik Sekali,Sangat Memuaskan,
UHN,0,8,institution + program + education_level + accreditation_status + graduation_predicate,Teknik Informatika,Sarjana Terapan,Terakreditasi,Dengan Pujian,
UHN,0,6,institution + program + education_level + accreditation_status + graduation_predicate,Teknik Informatika,Sarjana Terapan,Terakreditasi,Sangat Memuaskan,
UHN,0,13,institution + program + education_level + accreditation_status + graduation_predicate,Teknik Komputer,Diploma 3,Baik Sekali,Dengan Pujian,
UHN,0,2,institution + program + education_level + accreditation_status + graduation_predicate,Teknik Komputer,Diploma 3,Baik Sekali,Sangat Memuaskan,
UHN,0,19,institution + program + education_level + accreditation_status + graduation_predicate,Teknik Komputer,Diploma Tiga,Baik,Dengan Pujian,
UHN,0,7,institution + program + education_level + accreditation_status + graduation_predicate,Teknik Komputer,Diploma Tiga,Baik,Sangat Memuaskan,
UHN,1,111,institution + program + education_level + accreditation_status + graduation_predicate,Teknik Komputer,Diploma Tiga,Baik Sekali,Dengan Pujian,
UHN,1,45,institution + program + education_level + accreditation_status + graduation_predicate,Teknik Komputer,Diploma Tiga,Baik Sekali,Sangat Memuaskan,
UHN,0,16,institution + program + education_level + accreditation_status + graduation_predicate,Teknik Komputer,Diploma Tiga,Terakreditasi,Dengan Pujian,
UHN,0,10,institution + program + education_level + accreditation_status + graduation_predicate,Teknik Komputer,Diploma Tiga,Terakreditasi,Sangat Memuaskan,
UHN,0,8,institution + program + education_level + accreditation_status + graduation_predicate,Teknik Komputer,Sarjana,Baik Sekali,Dengan Pujian,
UHN,0,4,institution + program + education_level + accreditation_status + graduation_predicate,Teknik Komputer,Sarjana,Baik Sekali,Sangat Memuaskan,
UHN,0,20,institution + program + education_level + accreditation_status + graduation_predicate,Teknik Komputer,Sarjana Terapan,Baik Sekali,Dengan Pujian,
UHN,0,5,institution + program + education_level + accreditation_status + graduation_predicate,Teknik Komputer,Sarjana Terapan,Baik Sekali,Sangat Memuaskan,
UHN,0,1,institution + program + education_level + accreditation_status + graduation_predicate,Teknik Mesin,Diploma 3,Baik Sekali,Dengan Pujian,
UHN,0,5,institution + program + education_level + accreditation_status + graduation_predicate,Teknik Mesin,Diploma 3,Baik Sekali,Sangat Memuaskan,
UHN,0,4,institution + program + education_level + accreditation_status + graduation_predicate,Teknik Mesin,Diploma Tiga,Baik,Dengan Pujian,
UHN,0,2,institution + program + education_level + accreditation_status + graduation_predicate,Teknik Mesin,Diploma Tiga,Baik,Sangat Memuaskan,
UHN,1,24,institution + program + education_level + accreditation_status + graduation_predicate,Teknik Mesin,Diploma Tiga,Baik Sekali,Dengan Pujian,
UHN,1,23,institution + program + education_level + accreditation_status + graduation_predicate,Teknik Mesin,Diploma Tiga,Baik Sekali,Sangat Memuaskan,
UHN,0,5,institution + program + education_level + accreditation_status + graduation_predicate,Teknik Mesin,Diploma Tiga,Terakreditasi,Dengan Pujian,
UHN,0,5,institution + program + education_level + accreditation_status + graduation_predicate,Teknik Mesin,Diploma Tiga,Terakreditasi,Sangat Memuaskan,
UHN,0,2,institution + program + education_level + accreditation_status + graduation_predicate,Teknik Mesin,Sarjana,Baik Sekali,Dengan Pujian,
UHN,0,4,institution + program + education_level + accreditation_status + graduation_predicate,Teknik Mesin,Sarjana,Baik Sekali,Sangat Memuaskan,
UHN,0,2,institution + program + education_level + accreditation_status + graduation_predicate,Teknik Mesin,Sarjana Terapan,Baik Sekali,Dengan Pujian,
UHN,0,1,institution + program + education_level + accreditation_status + graduation_predicate,Teknik Mesin,Sarjana Terapan,Baik Sekali,Sangat Memuaskan,
PMKM,0,8,institution + program + education_level + accreditation_status + faculty_program_name,Akuntansi,Diploma 3,Baik,,__MISSING__
PMKM,0,1,institution + program + education_level + accreditation_status + faculty_program_name,Akuntansi Sektor Publik,Diploma 3,Baik,,__MISSING__
PMKM,1,58,institution + program + education_level + accreditation_status + faculty_program_name,Analis Kesehatan,Diploma 3,Baik,,__MISSING__
PMKM,0,10,institution + program + education_level + accreditation_status + faculty_program_name,Analis Kesehatan,Diploma 3,Baik Sekali,,__MISSING__
PMKM,0,10,institution + program + education_level + accreditation_status + faculty_program_name,Analis Kesehatan,Diploma 3,Terakreditasi,,__MISSING__
PMKM,0,4,institution + program + education_level + accreditation_status + faculty_program_name,Analis Kesehatan,Diploma Tiga,Baik,,__MISSING__
PMKM,0,10,institution + program + education_level + accreditation_status + faculty_program_name,Analis Kesehatan,Sarjana,Baik,,__MISSING__
PMKM,0,5,institution + program + education_level + accreditation_status + faculty_program_name,Analis Kesehatan,Sarjana Terapan,Baik,,__MISSING__
PMKM,0,6,institution + program + education_level + accreditation_status + faculty_program_name,Desain Komunikasi Visual,Diploma 3,Baik,,__MISSING__
PMKM,1,46,institution + program + education_level + accreditation_status + faculty_program_name,Farmasi,Diploma 3,Baik,,__MISSING__
PMKM,0,8,institution + program + education_level + accreditation_status + faculty_program_name,Farmasi,Diploma 3,Baik Sekali,,__MISSING__
PMKM,0,7,institution + program + education_level + accreditation_status + faculty_program_name,Farmasi,Diploma 3,Terakreditasi,,__MISSING__
PMKM,0,3,institution + program + education_level + accreditation_status + faculty_program_name,Farmasi,Diploma Tiga,Baik,,__MISSING__
PMKM,0,6,institution + program + education_level + accreditation_status + faculty_program_name,Farmasi,Sarjana,Baik,,__MISSING__
PMKM,0,6,institution + program + education_level + accreditation_status + faculty_program_name,Farmasi,Sarjana Terapan,Baik,,__MISSING__
PMKM,0,3,institution + program + education_level + accreditation_status + faculty_program_name,Kebidanan,Diploma 3,Baik,,__MISSING__
PMKM,0,2,institution + program + education_level + accreditation_status + faculty_program_name,Keperawatan,Diploma 3,Baik,,__MISSING__
PMKM,1,12,institution + program + education_level + accreditation_status + faculty_program_name,Manajemen Informatika,Diploma 3,Baik,,__MISSING__
PMKM,0,3,institution + program + education_level + accreditation_status + faculty_program_name,Manajemen Informatika,Diploma 3,Baik Sekali,,__MISSING__
PMKM,0,1,institution + program + education_level + accreditation_status + faculty_program_name,Manajemen Informatika,Diploma 3,Terakreditasi,,__MISSING__
PMKM,0,2,institution + program + education_level + accreditation_status + faculty_program_name,Manajemen Informatika,Diploma Tiga,Baik,,__MISSING__
PMKM,0,2,institution + program + education_level + accreditation_status + faculty_program_name,Manajemen Informatika,Sarjana Terapan,Baik,,__MISSING__
PMKM,0,1,institution + program + education_level + accreditation_status + faculty_program_name,Perhotelan,Diploma 3,Baik,,__MISSING__
PMKM,0,3,institution + program + education_level + accreditation_status + faculty_program_name,Sistem Informasi,Diploma 3,Baik,,__MISSING__
PMKM,0,3,institution + program + education_level + accreditation_status + faculty_program_name,Teknik Elektronika,Diploma 3,Baik,,__MISSING__
PMKM,0,6,institution + program + education_level + accreditation_status + faculty_program_name,Teknik Informatika,Diploma 3,Baik,,__MISSING__
PMKM,0,4,institution + program + education_level + accreditation_status + faculty_program_name,Teknik Komputer,Diploma 3,Baik,,__MISSING__
PMKM,0,2,institution + program + education_level + accreditation_status + faculty_program_name,Teknik Mesin,Diploma 3,Baik,,__MISSING__
UHN,0,14,institution + program + education_level + accreditation_status + faculty_program_name,Akuntansi,Diploma 3,Baik Sekali,,Sekolah Vokasi/D3 Akuntansi
UHN,0,29,institution + program + education_level + accreditation_status + faculty_program_name,Akuntansi,Diploma Tiga,Baik,,Sekolah Vokasi/D3 Akuntansi
UHN,1,137,institution + program + education_level + accreditation_status + faculty_program_name,Akuntansi,Diploma Tiga,Baik Sekali,,Sekolah Vokasi/D3 Akuntansi
UHN,0,17,institution + program + education_level + accreditation_status + faculty_program_name,Akuntansi,Diploma Tiga,Terakreditasi,,Sekolah Vokasi/D3 Akuntansi
UHN,0,15,institution + program + education_level + accreditation_status + faculty_program_name,Akuntansi,Sarjana,Baik Sekali,,Sekolah Vokasi/D3 Akuntansi
UHN,0,17,institution + program + education_level + accreditation_status + faculty_program_name,Akuntansi,Sarjana Terapan,Baik Sekali,,Sekolah Vokasi/D3 Akuntansi
UHN,0,1,institution + program + education_level + accreditation_status + faculty_program_name,Akuntansi Sektor Publik,Diploma 3,Baik,,Sekolah Vokasi/D4 Akuntansi Sektor Publik
UHN,0,1,institution + program + education_level + accreditation_status + faculty_program_name,Akuntansi Sektor Publik,Diploma Tiga,Baik,,Sekolah Vokasi/D4 Akuntansi Sektor Publik
UHN,0,2,institution + program + education_level + accreditation_status + faculty_program_name,Akuntansi Sektor Publik,Sarjana,Baik,,Sekolah Vokasi/D4 Akuntansi Sektor Publik
UHN,1,13,institution + program + education_level + accreditation_status + faculty_program_name,Akuntansi Sektor Publik,Sarjana Terapan,Baik,,Sekolah Vokasi/D4 Akuntansi Sektor Publik
UHN,0,2,institution + program + education_level + accreditation_status + faculty_program_name,Akuntansi Sektor Publik,Sarjana Terapan,Baik Sekali,,Sekolah Vokasi/D4 Akuntansi Sektor Publik
UHN,0,3,institution + program + education_level + accreditation_status + faculty_program_name,Akuntansi Sektor Publik,Sarjana Terapan,Terakreditasi,,Sekolah Vokasi/D4 Akuntansi Sektor Publik
UHN,0,9,institution + program + education_level + accreditation_status + faculty_program_name,Analis Kesehatan,Diploma Tiga,Baik,,Sekolah Vokasi/D3 Desain Komunikasi Visual
UHN,0,7,institution + program + education_level + accreditation_status + faculty_program_name,Analis Kesehatan,Diploma Tiga,Baik,,Sekolah Vokasi/D3 Keperawatan
UHN,0,2,institution + program + education_level + accreditation_status + faculty_program_name,Analis Kesehatan,Diploma Tiga,Baik,,Sekolah Vokasi/D3 Perhotelan
UHN,0,27,institution + program + education_level + accreditation_status + faculty_program_name,Analis Kesehatan,Diploma Tiga,Baik Sekali,,Sekolah Vokasi/D3 Akuntansi
UHN,0,19,institution + program + education_level + accreditation_status + faculty_program_name,Analis Kesehatan,Diploma Tiga,Baik Sekali,,Sekolah Vokasi/D3 Farmasi
UHN,0,4,institution + program + education_level + accreditation_status + faculty_program_name,Analis Kesehatan,Diploma Tiga,Baik Sekali,,Sekolah Vokasi/D3 Kebidanan
UHN,0,24,institution + program + education_level + accreditation_status + faculty_program_name,Analis Kesehatan,Diploma Tiga,Baik Sekali,,Sekolah Vokasi/D3 Teknik Komputer
UHN,0,9,institution + program + education_level + accreditation_status + faculty_program_name,Analis Kesehatan,Diploma Tiga,Baik Sekali,,Sekolah Vokasi/D3 Teknik Mesin
UHN,0,6,institution + program + education_level + accreditation_status + faculty_program_name,Analis Kesehatan,Diploma Tiga,Terakreditasi,,Sekolah Vokasi/D3 Teknik Elektronika
UHN,0,2,institution + program + education_level + accreditation_status + faculty_program_name,Analis Kesehatan,Sarjana,Baik,,Fakultas Sains dan Teknologi/S1 Sistem Informasi
UHN,0,8,institution + program + education_level + accreditation_status + faculty_program_name,Analis Kesehatan,Sarjana,Baik,,Fakultas Sains dan Teknologi/S1 Teknik Informatika
UHN,0,1,institution + program + education_level + accreditation_status + faculty_program_name,Analis Kesehatan,Sarjana Terapan,Baik,,Sekolah Vokasi/D4 Akuntansi Sektor Publik
UHN,0,12,institution + program + education_level + accreditation_status + faculty_program_name,Analis Kesehatan,Sarjana Terapan,Baik Sekali,,Sekolah Vokasi/D4 Teknik Informatika
UHN,0,10,institution + program + education_level + accreditation_status + faculty_program_name,Desain Komunikasi Visual,Diploma 3,Baik,,Sekolah Vokasi/D3 Desain Komunikasi Visual
UHN,1,50,institution + program + education_level + accreditation_status + faculty_program_name,Desain Komunikasi Visual,Diploma Tiga,Baik,,Sekolah Vokasi/D3 Desain Komunikasi Visual
UHN,0,8,institution + program + education_level + accreditation_status + faculty_program_name,Desain Komunikasi Visual,Diploma Tiga,Baik Sekali,,Sekolah Vokasi/D3 Desain Komunikasi Visual
UHN,0,9,institution + program + education_level + accreditation_status + faculty_program_name,Desain Komunikasi Visual,Diploma Tiga,Terakreditasi,,Sekolah Vokasi/D3 Desain Komunikasi Visual
UHN,0,3,institution + program + education_level + accreditation_status + faculty_program_name,Desain Komunikasi Visual,Sarjana,Baik,,Sekolah Vokasi/D3 Desain Komunikasi Visual
UHN,0,3,institution + program + education_level + accreditation_status + faculty_program_name,Desain Komunikasi Visual,Sarjana Terapan,Baik,,Sekolah Vokasi/D3 Desain Komunikasi Visual
UHN,0,19,institution + program + education_level + accreditation_status + faculty_program_name,Farmasi,Diploma 3,Baik Sekali,,Sekolah Vokasi/D3 Farmasi
UHN,0,19,institution + program + education_level + accreditation_status + faculty_program_name,Farmasi,Diploma Tiga,Baik,,Sekolah Vokasi/D3 Farmasi
UHN,1,127,institution + program + education_level + accreditation_status + faculty_program_name,Farmasi,Diploma Tiga,Baik Sekali,,Sekolah Vokasi/D3 Farmasi
UHN,0,23,institution + program + education_level + accreditation_status + faculty_program_name,Farmasi,Diploma Tiga,Terakreditasi,,Sekolah Vokasi/D3 Farmasi
UHN,0,11,institution + program + education_level + accreditation_status + faculty_program_name,Farmasi,Sarjana,Baik Sekali,,Sekolah Vokasi/D3 Farmasi
UHN,0,12,institution + program + education_level + accreditation_status + faculty_program_name,Farmasi,Sarjana Terapan,Baik Sekali,,Sekolah Vokasi/D3 Farmasi
UHN,0,2,institution + program + education_level + accreditation_status + faculty_program_name,Kebidanan,Diploma 3,Baik Sekali,,Sekolah Vokasi/D3 Kebidanan
UHN,0,3,institution + program + education_level + accreditation_status + faculty_program_name,Kebidanan,Diploma Tiga,Baik,,Sekolah Vokasi/D3 Kebidanan
UHN,1,14,institution + program + education_level + accreditation_status + faculty_program_name,Kebidanan,Diploma Tiga,Baik Sekali,,Sekolah Vokasi/D3 Kebidanan
UHN,0,1,institution + program + education_level + accreditation_status + faculty_program_name,Kebidanan,Diploma Tiga,Terakreditasi,,Sekolah Vokasi/D3 Kebidanan
UHN,0,2,institution + program + education_level + accreditation_status + faculty_program_name,Kebidanan,Sarjana,Baik Sekali,,Sekolah Vokasi/D3 Kebidanan
UHN,0,1,institution + program + education_level + accreditation_status + faculty_program_name,Kebidanan,Sarjana Terapan,Baik Sekali,,Sekolah Vokasi/D3 Kebidanan
UHN,0,3,institution + program + education_level + accreditation_status + faculty_program_name,Keperawatan,Diploma 3,Baik,,Sekolah Vokasi/D3 Keperawatan
UHN,1,46,institution + program + education_level + accreditation_status + faculty_program_name,Keperawatan,Diploma Tiga,Baik,,Sekolah Vokasi/D3 Keperawatan
UHN,0,10,institution + program + education_level + accreditation_status + faculty_program_name,Keperawatan,Diploma Tiga,Baik Sekali,,Sekolah Vokasi/D3 Keperawatan
UHN,0,6,institution + program + education_level + accreditation_status + faculty_program_name,Keperawatan,Diploma Tiga,Terakreditasi,,Sekolah Vokasi/D3 Keperawatan
UHN,0,9,institution + program + education_level + accreditation_status + faculty_program_name,Keperawatan,Sarjana,Baik,,Sekolah Vokasi/D3 Keperawatan
UHN,0,3,institution + program + education_level + accreditation_status + faculty_program_name,Keperawatan,Sarjana Terapan,Baik,,Sekolah Vokasi/D3 Keperawatan
UHN,0,8,institution + program + education_level + accreditation_status + faculty_program_name,Manajemen Informatika,Diploma Tiga,Baik,,Sekolah Vokasi/D3 Desain Komunikasi Visual
UHN,0,8,institution + program + education_level + accreditation_status + faculty_program_name,Manajemen Informatika,Diploma Tiga,Baik,,Sekolah Vokasi/D3 Keperawatan
UHN,0,1,institution + program + education_level + accreditation_status + faculty_program_name,Manajemen Informatika,Diploma Tiga,Baik,,Sekolah Vokasi/D3 Perhotelan
UHN,0,18,institution + program + education_level + accreditation_status + faculty_program_name,Manajemen Informatika,Diploma Tiga,Baik Sekali,,Sekolah Vokasi/D3 Akuntansi
UHN,0,24,institution + program + education_level + accreditation_status + faculty_program_name,Manajemen Informatika,Diploma Tiga,Baik Sekali,,Sekolah Vokasi/D3 Farmasi
UHN,0,1,institution + program + education_level + accreditation_status + faculty_program_name,Manajemen Informatika,Diploma Tiga,Baik Sekali,,Sekolah Vokasi/D3 Kebidanan
UHN,0,28,institution + program + education_level + accreditation_status + faculty_program_name,Manajemen Informatika,Diploma Tiga,Baik Sekali,,Sekolah Vokasi/D3 Teknik Komputer
UHN,0,7,institution + program + education_level + accreditation_status + faculty_program_name,Manajemen Informatika,Diploma Tiga,Baik Sekali,,Sekolah Vokasi/D3 Teknik Mesin
UHN,0,1,institution + program + education_level + accreditation_status + faculty_program_name,Manajemen Informatika,Diploma Tiga,Terakreditasi,,Sekolah Vokasi/D3 Teknik Elektronika
UHN,0,4,institution + program + education_level + accreditation_status + faculty_program_name,Manajemen Informatika,Sarjana,Baik,,Fakultas Sains dan Teknologi/S1 Teknik Informatika
UHN,0,3,institution + program + education_level + accreditation_status + faculty_program_name,Manajemen Informatika,Sarjana Terapan,Baik,,Sekolah Vokasi/D4 Akuntansi Sektor Publik
UHN,0,15,institution + program + education_level + accreditation_status + faculty_program_name,Manajemen Informatika,Sarjana Terapan,Baik Sekali,,Sekolah Vokasi/D4 Teknik Informatika
UHN,0,2,institution + program + education_level + accreditation_status + faculty_program_name,Perhotelan,Diploma 3,Baik,,Sekolah Vokasi/D3 Perhotelan
UHN,1,10,institution + program + education_level + accreditation_status + faculty_program_name,Perhotelan,Diploma Tiga,Baik,,Sekolah Vokasi/D3 Perhotelan
UHN,0,1,institution + program + education_level + accreditation_status + faculty_program_name,Perhotelan,Diploma Tiga,Baik Sekali,,Sekolah Vokasi/D3 Perhotelan
UHN,0,2,institution + program + education_level + accreditation_status + faculty_program_name,Perhotelan,Diploma Tiga,Terakreditasi,,Sekolah Vokasi/D3 Perhotelan
UHN,0,1,institution + program + education_level + accreditation_status + faculty_program_name,Perhotelan,Sarjana,Baik,,Sekolah Vokasi/D3 Perhotelan
UHN,0,1,institution + program + education_level + accreditation_status + faculty_program_name,Perhotelan,Sarjana Terapan,Baik,,Sekolah Vokasi/D3 Perhotelan
UHN,0,2,institution + program + education_level + accreditation_status + faculty_program_name,Sistem Informasi,Diploma 3,Baik,,Fakultas Sains dan Teknologi/S1 Sistem Informasi
UHN,0,1,institution + program + education_level + accreditation_status + faculty_program_name,Sistem Informasi,Diploma Tiga,Baik,,Fakultas Sains dan Teknologi/S1 Sistem Informasi
UHN,1,7,institution + program + education_level + accreditation_status + faculty_program_name,Sistem Informasi,Sarjana,Baik,,Fakultas Sains dan Teknologi/S1 Sistem Informasi
UHN,0,1,institution + program + education_level + accreditation_status + faculty_program_name,Sistem Informasi,Sarjana,Baik Sekali,,Fakultas Sains dan Teknologi/S1 Sistem Informasi
UHN,0,1,institution + program + education_level + accreditation_status + faculty_program_name,Sistem Informasi,Sarjana,Terakreditasi,,Fakultas Sains dan Teknologi/S1 Sistem Informasi
UHN,0,4,institution + program + education_level + accreditation_status + faculty_program_name,Teknik Elektronika,Diploma Tiga,Baik,,Sekolah Vokasi/D3 Teknik Elektronika
UHN,0,3,institution + program + education_level + accreditation_status + faculty_program_name,Teknik Elektronika,Diploma Tiga,Baik Sekali,,Sekolah Vokasi/D3 Teknik Elektronika
UHN,1,21,institution + program + education_level + accreditation_status + faculty_program_name,Teknik Elektronika,Diploma Tiga,Terakreditasi,,Sekolah Vokasi/D3 Teknik Elektronika
UHN,0,4,institution + program + education_level + accreditation_status + faculty_program_name,Teknik Elektronika,Sarjana,Terakreditasi,,Sekolah Vokasi/D3 Teknik Elektronika
UHN,0,3,institution + program + education_level + accreditation_status + faculty_program_name,Teknik Elektronika,Sarjana Terapan,Terakreditasi,,Sekolah Vokasi/D3 Teknik Elektronika
UHN,0,6,institution + program + education_level + accreditation_status + faculty_program_name,Teknik Informatika,Diploma 3,Baik,,Fakultas Sains dan Teknologi/S1 Teknik Informatika
UHN,0,15,institution + program + education_level + accreditation_status + faculty_program_name,Teknik Informatika,Diploma 3,Baik Sekali,,Sekolah Vokasi/D4 Teknik Informatika
UHN,0,6,institution + program + education_level + accreditation_status + faculty_program_name,Teknik Informatika,Diploma Tiga,Baik,,Fakultas Sains dan Teknologi/S1 Teknik Informatika
UHN,0,13,institution + program + education_level + accreditation_status + faculty_program_name,Teknik Informatika,Diploma Tiga,Baik Sekali,,Sekolah Vokasi/D4 Teknik Informatika
UHN,1,36,institution + program + education_level + accreditation_status + faculty_program_name,Teknik Informatika,Sarjana,Baik,,Fakultas Sains dan Teknologi/S1 Teknik Informatika
UHN,0,3,institution + program + education_level + accreditation_status + faculty_program_name,Teknik Informatika,Sarjana,Baik Sekali,,Fakultas Sains dan Teknologi/S1 Teknik Informatika
UHN,0,9,institution + program + education_level + accreditation_status + faculty_program_name,Teknik Informatika,Sarjana,Terakreditasi,,Fakultas Sains dan Teknologi/S1 Teknik Informatika
UHN,0,13,institution + program + education_level + accreditation_status + faculty_program_name,Teknik Informatika,Sarjana Terapan,Baik,,Sekolah Vokasi/D4 Teknik Informatika
UHN,1,82,institution + program + education_level + accreditation_status + faculty_program_name,Teknik Informatika,Sarjana Terapan,Baik Sekali,,Sekolah Vokasi/D4 Teknik Informatika
UHN,0,14,institution + program + education_level + accreditation_status + faculty_program_name,Teknik Informatika,Sarjana Terapan,Terakreditasi,,Sekolah Vokasi/D4 Teknik Informatika
UHN,0,15,institution + program + education_level + accreditation_status + faculty_program_name,Teknik Komputer,Diploma 3,Baik Sekali,,Sekolah Vokasi/D3 Teknik Komputer
UHN,0,26,institution + program + education_level + accreditation_status + faculty_program_name,Teknik Komputer,Diploma Tiga,Baik,,Sekolah Vokasi/D3 Teknik Komputer
UHN,1,156,institution + program + education_level + accreditation_status + faculty_program_name,Teknik Komputer,Diploma Tiga,Baik Sekali,,Sekolah Vokasi/D3 Teknik Komputer
UHN,0,26,institution + program + education_level + accreditation_status + faculty_program_name,Teknik Komputer,Diploma Tiga,Terakreditasi,,Sekolah Vokasi/D3 Teknik Komputer
UHN,0,12,institution + program + education_level + accreditation_status + faculty_program_name,Teknik Komputer,Sarjana,Baik Sekali,,Sekolah Vokasi/D3 Teknik Komputer
UHN,0,25,institution + program + education_level + accreditation_status + faculty_program_name,Teknik Komputer,Sarjana Terapan,Baik Sekali,,Sekolah Vokasi/D3 Teknik Komputer
UHN,0,6,institution + program + education_level + accreditation_status + faculty_program_name,Teknik Mesin,Diploma 3,Baik Sekali,,Sekolah Vokasi/D3 Teknik Mesin
UHN,0,6,institution + program + education_level + accreditation_status + faculty_program_name,Teknik Mesin,Diploma Tiga,Baik,,Sekolah Vokasi/D3 Teknik Mesin
UHN,1,47,institution + program + education_level + accreditation_status + faculty_program_name,Teknik Mesin,Diploma Tiga,Baik Sekali,,Sekolah Vokasi/D3 Teknik Mesin
UHN,0,10,institution + program + education_level + accreditation_status + faculty_program_name,Teknik Mesin,Diploma Tiga,Terakreditasi,,Sekolah Vokasi/D3 Teknik Mesin
UHN,0,6,institution + program + education_level + accreditation_status + faculty_program_name,Teknik Mesin,Sarjana,Baik Sekali,,Sekolah Vokasi/D3 Teknik Mesin
UHN,0,3,institution + program + education_level + accreditation_status + faculty_program_name,Teknik Mesin,Sarjana Terapan,Baik Sekali,,Sekolah Vokasi/D3 Teknik Mesin
PMKM,0,8,institution + program + education_level + graduation_predicate + faculty_program_name,Akuntansi,Diploma 3,,__MISSING__,__MISSING__
PMKM,0,1,institution + program + education_level + graduation_predicate + faculty_program_name,Akuntansi Sektor Publik,Diploma 3,,__MISSING__,__MISSING__
PMKM,0,20,institution + program + education_level + graduation_predicate + faculty_program_name,Analis Kesehatan,Diploma 3,,__MISSING__,__MISSING__
PMKM,1,58,institution + program + education_level + graduation_predicate + faculty_program_name,Analis Kesehatan,Diploma 3,,__MISSING__,__MISSING__
PMKM,0,4,institution + program + education_level + graduation_predicate + faculty_program_name,Analis Kesehatan,Diploma Tiga,,__MISSING__,__MISSING__
PMKM,0,10,institution + program + education_level + graduation_predicate + faculty_program_name,Analis Kesehatan,Sarjana,,__MISSING__,__MISSING__
PMKM,0,5,institution + program + education_level + graduation_predicate + faculty_program_name,Analis Kesehatan,Sarjana Terapan,,__MISSING__,__MISSING__
PMKM,0,6,institution + program + education_level + graduation_predicate + faculty_program_name,Desain Komunikasi Visual,Diploma 3,,__MISSING__,__MISSING__
PMKM,0,15,institution + program + education_level + graduation_predicate + faculty_program_name,Farmasi,Diploma 3,,__MISSING__,__MISSING__
PMKM,1,46,institution + program + education_level + graduation_predicate + faculty_program_name,Farmasi,Diploma 3,,__MISSING__,__MISSING__
PMKM,0,3,institution + program + education_level + graduation_predicate + faculty_program_name,Farmasi,Diploma Tiga,,__MISSING__,__MISSING__
PMKM,0,6,institution + program + education_level + graduation_predicate + faculty_program_name,Farmasi,Sarjana,,__MISSING__,__MISSING__
PMKM,0,6,institution + program + education_level + graduation_predicate + faculty_program_name,Farmasi,Sarjana Terapan,,__MISSING__,__MISSING__
PMKM,0,3,institution + program + education_level + graduation_predicate + faculty_program_name,Kebidanan,Diploma 3,,__MISSING__,__MISSING__
PMKM,0,2,institution + program + education_level + graduation_predicate + faculty_program_name,Keperawatan,Diploma 3,,__MISSING__,__MISSING__
PMKM,0,4,institution + program + education_level + graduation_predicate + faculty_program_name,Manajemen Informatika,Diploma 3,,__MISSING__,__MISSING__
PMKM,1,12,institution + program + education_level + graduation_predicate + faculty_program_name,Manajemen Informatika,Diploma 3,,__MISSING__,__MISSING__
PMKM,0,2,institution + program + education_level + graduation_predicate + faculty_program_name,Manajemen Informatika,Diploma Tiga,,__MISSING__,__MISSING__
PMKM,0,2,institution + program + education_level + graduation_predicate + faculty_program_name,Manajemen Informatika,Sarjana Terapan,,__MISSING__,__MISSING__
PMKM,0,1,institution + program + education_level + graduation_predicate + faculty_program_name,Perhotelan,Diploma 3,,__MISSING__,__MISSING__
PMKM,0,3,institution + program + education_level + graduation_predicate + faculty_program_name,Sistem Informasi,Diploma 3,,__MISSING__,__MISSING__
PMKM,0,3,institution + program + education_level + graduation_predicate + faculty_program_name,Teknik Elektronika,Diploma 3,,__MISSING__,__MISSING__
PMKM,0,6,institution + program + education_level + graduation_predicate + faculty_program_name,Teknik Informatika,Diploma 3,,__MISSING__,__MISSING__
PMKM,0,4,institution + program + education_level + graduation_predicate + faculty_program_name,Teknik Komputer,Diploma 3,,__MISSING__,__MISSING__
PMKM,0,2,institution + program + education_level + graduation_predicate + faculty_program_name,Teknik Mesin,Diploma 3,,__MISSING__,__MISSING__
UHN,0,11,institution + program + education_level + graduation_predicate + faculty_program_name,Akuntansi,Diploma 3,,Dengan Pujian,Sekolah Vokasi/D3 Akuntansi
UHN,0,3,institution + program + education_level + graduation_predicate + faculty_program_name,Akuntansi,Diploma 3,,Sangat Memuaskan,Sekolah Vokasi/D3 Akuntansi
UHN,0,34,institution + program + education_level + graduation_predicate + faculty_program_name,Akuntansi,Diploma Tiga,,Dengan Pujian,Sekolah Vokasi/D3 Akuntansi
UHN,1,109,institution + program + education_level + graduation_predicate + faculty_program_name,Akuntansi,Diploma Tiga,,Dengan Pujian,Sekolah Vokasi/D3 Akuntansi
UHN,0,12,institution + program + education_level + graduation_predicate + faculty_program_name,Akuntansi,Diploma Tiga,,Sangat Memuaskan,Sekolah Vokasi/D3 Akuntansi
UHN,1,28,institution + program + education_level + graduation_predicate + faculty_program_name,Akuntansi,Diploma Tiga,,Sangat Memuaskan,Sekolah Vokasi/D3 Akuntansi
UHN,0,12,institution + program + education_level + graduation_predicate + faculty_program_name,Akuntansi,Sarjana,,Dengan Pujian,Sekolah Vokasi/D3 Akuntansi
UHN,0,3,institution + program + education_level + graduation_predicate + faculty_program_name,Akuntansi,Sarjana,,Sangat Memuaskan,Sekolah Vokasi/D3 Akuntansi
UHN,0,12,institution + program + education_level + graduation_predicate + faculty_program_name,Akuntansi,Sarjana Terapan,,Dengan Pujian,Sekolah Vokasi/D3 Akuntansi
UHN,0,5,institution + program + education_level + graduation_predicate + faculty_program_name,Akuntansi,Sarjana Terapan,,Sangat Memuaskan,Sekolah Vokasi/D3 Akuntansi
UHN,0,1,institution + program + education_level + graduation_predicate + faculty_program_name,Akuntansi Sektor Publik,Diploma 3,,Dengan Pujian,Sekolah Vokasi/D4 Akuntansi Sektor Publik
UHN,0,1,institution + program + education_level + graduation_predicate + faculty_program_name,Akuntansi Sektor Publik,Diploma Tiga,,Dengan Pujian,Sekolah Vokasi/D4 Akuntansi Sektor Publik
UHN,0,2,institution + program + education_level + graduation_predicate + faculty_program_name,Akuntansi Sektor Publik,Sarjana,,Dengan Pujian,Sekolah Vokasi/D4 Akuntansi Sektor Publik
UHN,0,3,institution + program + education_level + graduation_predicate + faculty_program_name,Akuntansi Sektor Publik,Sarjana Terapan,,Dengan Pujian,Sekolah Vokasi/D4 Akuntansi Sektor Publik
UHN,1,10,institution + program + education_level + graduation_predicate + faculty_program_name,Akuntansi Sektor Publik,Sarjana Terapan,,Dengan Pujian,Sekolah Vokasi/D4 Akuntansi Sektor Publik
UHN,0,2,institution + program + education_level + graduation_predicate + faculty_program_name,Akuntansi Sektor Publik,Sarjana Terapan,,Sangat Memuaskan,Sekolah Vokasi/D4 Akuntansi Sektor Publik
UHN,1,3,institution + program + education_level + graduation_predicate + faculty_program_name,Akuntansi Sektor Publik,Sarjana Terapan,,Sangat Memuaskan,Sekolah Vokasi/D4 Akuntansi Sektor Publik
UHN,0,25,institution + program + education_level + graduation_predicate + faculty_program_name,Analis Kesehatan,Diploma Tiga,,Dengan Pujian,Sekolah Vokasi/D3 Akuntansi
UHN,0,3,institution + program + education_level + graduation_predicate + faculty_program_name,Analis Kesehatan,Diploma Tiga,,Dengan Pujian,Sekolah Vokasi/D3 Desain Komunikasi Visual
UHN,0,6,institution + program + education_level + graduation_predicate + faculty_program_name,Analis Kesehatan,Diploma Tiga,,Dengan Pujian,Sekolah Vokasi/D3 Farmasi
UHN,0,3,institution + program + education_level + graduation_predicate + faculty_program_name,Analis Kesehatan,Diploma Tiga,,Dengan Pujian,Sekolah Vokasi/D3 Kebidanan
UHN,0,4,institution + program + education_level + graduation_predicate + faculty_program_name,Analis Kesehatan,Diploma Tiga,,Dengan Pujian,Sekolah Vokasi/D3 Keperawatan
UHN,0,2,institution + program + education_level + graduation_predicate + faculty_program_name,Analis Kesehatan,Diploma Tiga,,Dengan Pujian,Sekolah Vokasi/D3 Perhotelan
UHN,0,4,institution + program + education_level + graduation_predicate + faculty_program_name,Analis Kesehatan,Diploma Tiga,,Dengan Pujian,Sekolah Vokasi/D3 Teknik Elektronika
UHN,0,18,institution + program + education_level + graduation_predicate + faculty_program_name,Analis Kesehatan,Diploma Tiga,,Dengan Pujian,Sekolah Vokasi/D3 Teknik Komputer
UHN,0,7,institution + program + education_level + graduation_predicate + faculty_program_name,Analis Kesehatan,Diploma Tiga,,Dengan Pujian,Sekolah Vokasi/D3 Teknik Mesin
UHN,0,2,institution + program + education_level + graduation_predicate + faculty_program_name,Analis Kesehatan,Diploma Tiga,,Sangat Memuaskan,Sekolah Vokasi/D3 Akuntansi
UHN,0,6,institution + program + education_level + graduation_predicate + faculty_program_name,Analis Kesehatan,Diploma Tiga,,Sangat Memuaskan,Sekolah Vokasi/D3 Desain Komunikasi Visual
UHN,0,13,institution + program + education_level + graduation_predicate + faculty_program_name,Analis Kesehatan,Diploma Tiga,,Sangat Memuaskan,Sekolah Vokasi/D3 Farmasi
UHN,0,1,institution + program + education_level + graduation_predicate + faculty_program_name,Analis Kesehatan,Diploma Tiga,,Sangat Memuaskan,Sekolah Vokasi/D3 Kebidanan
UHN,0,3,institution + program + education_level + graduation_predicate + faculty_program_name,Analis Kesehatan,Diploma Tiga,,Sangat Memuaskan,Sekolah Vokasi/D3 Keperawatan
UHN,0,2,institution + program + education_level + graduation_predicate + faculty_program_name,Analis Kesehatan,Diploma Tiga,,Sangat Memuaskan,Sekolah Vokasi/D3 Teknik Elektronika
UHN,0,6,institution + program + education_level + graduation_predicate + faculty_program_name,Analis Kesehatan,Diploma Tiga,,Sangat Memuaskan,Sekolah Vokasi/D3 Teknik Komputer
UHN,0,2,institution + program + education_level + graduation_predicate + faculty_program_name,Analis Kesehatan,Diploma Tiga,,Sangat Memuaskan,Sekolah Vokasi/D3 Teknik Mesin
UHN,0,2,institution + program + education_level + graduation_predicate + faculty_program_name,Analis Kesehatan,Sarjana,,Dengan Pujian,Fakultas Sains dan Teknologi/S1 Sistem Informasi
UHN,0,6,institution + program + education_level + graduation_predicate + faculty_program_name,Analis Kesehatan,Sarjana,,Dengan Pujian,Fakultas Sains dan Teknologi/S1 Teknik Informatika
UHN,0,2,institution + program + education_level + graduation_predicate + faculty_program_name,Analis Kesehatan,Sarjana,,Sangat Memuaskan,Fakultas Sains dan Teknologi/S1 Teknik Informatika
UHN,0,9,institution + program + education_level + graduation_predicate + faculty_program_name,Analis Kesehatan,Sarjana Terapan,,Dengan Pujian,Sekolah Vokasi/D4 Teknik Informatika
UHN,0,1,institution + program + education_level + graduation_predicate + faculty_program_name,Analis Kesehatan,Sarjana Terapan,,Sangat Memuaskan,Sekolah Vokasi/D4 Akuntansi Sektor Publik
UHN,0,3,institution + program + education_level + graduation_predicate + faculty_program_name,Analis Kesehatan,Sarjana Terapan,,Sangat Memuaskan,Sekolah Vokasi/D4 Teknik Informatika
UHN,0,1,institution + program + education_level + graduation_predicate + faculty_program_name,Desain Komunikasi Visual,Diploma 3,,Dengan Pujian,Sekolah Vokasi/D3 Desain Komunikasi Visual
UHN,0,9,institution + program + education_level + graduation_predicate + faculty_program_name,Desain Komunikasi Visual,Diploma 3,,Sangat Memuaskan,Sekolah Vokasi/D3 Desain Komunikasi Visual
UHN,0,2,institution + program + education_level + graduation_predicate + faculty_program_name,Desain Komunikasi Visual,Diploma Tiga,,Dengan Pujian,Sekolah Vokasi/D3 Desain Komunikasi Visual
UHN,1,12,institution + program + education_level + graduation_predicate + faculty_program_name,Desain Komunikasi Visual,Diploma Tiga,,Dengan Pujian,Sekolah Vokasi/D3 Desain Komunikasi Visual
UHN,0,2,institution + program + education_level + graduation_predicate + faculty_program_name,Desain Komunikasi Visual,Diploma Tiga,,Memuaskan,Sekolah Vokasi/D3 Desain Komunikasi Visual
UHN,1,2,institution + program + education_level + graduation_predicate + faculty_program_name,Desain Komunikasi Visual,Diploma Tiga,,Memuaskan,Sekolah Vokasi/D3 Desain Komunikasi Visual
UHN,0,13,institution + program + education_level + graduation_predicate + faculty_program_name,Desain Komunikasi Visual,Diploma Tiga,,Sangat Memuaskan,Sekolah Vokasi/D3 Desain Komunikasi Visual
UHN,1,36,institution + program + education_level + graduation_predicate + faculty_program_name,Desain Komunikasi Visual,Diploma Tiga,,Sangat Memuaskan,Sekolah Vokasi/D3 Desain Komunikasi Visual
UHN,0,1,institution + program + education_level + graduation_predicate + faculty_program_name,Desain Komunikasi Visual,Sarjana,,Dengan Pujian,Sekolah Vokasi/D3 Desain Komunikasi Visual
UHN,0,2,institution + program + education_level + graduation_predicate + faculty_program_name,Desain Komunikasi Visual,Sarjana,,Sangat Memuaskan,Sekolah Vokasi/D3 Desain Komunikasi Visual
UHN,0,1,institution + program + education_level + graduation_predicate + faculty_program_name,Desain Komunikasi Visual,Sarjana Terapan,,Dengan Pujian,Sekolah Vokasi/D3 Desain Komunikasi Visual
UHN,0,2,institution + program + education_level + graduation_predicate + faculty_program_name,Desain Komunikasi Visual,Sarjana Terapan,,Sangat Memuaskan,Sekolah Vokasi/D3 Desain Komunikasi Visual
UHN,0,6,institution + program + education_level + graduation_predicate + faculty_program_name,Farmasi,Diploma 3,,Dengan Pujian,Sekolah Vokasi/D3 Farmasi
UHN,0,13,institution + program + education_level + graduation_predicate + faculty_program_name,Farmasi,Diploma 3,,Sangat Memuaskan,Sekolah Vokasi/D3 Farmasi
UHN,0,19,institution + program + education_level + graduation_predicate + faculty_program_name,Farmasi,Diploma Tiga,,Dengan Pujian,Sekolah Vokasi/D3 Farmasi
UHN,1,47,institution + program + education_level + graduation_predicate + faculty_program_name,Farmasi,Diploma Tiga,,Dengan Pujian,Sekolah Vokasi/D3 Farmasi
UHN,0,23,institution + program + education_level + graduation_predicate + faculty_program_name,Farmasi,Diploma Tiga,,Sangat Memuaskan,Sekolah Vokasi/D3 Farmasi
UHN,1,80,institution + program + education_level + graduation_predicate + faculty_program_name,Farmasi,Diploma Tiga,,Sangat Memuaskan,Sekolah Vokasi/D3 Farmasi
UHN,0,4,institution + program + education_level + graduation_predicate + faculty_program_name,Farmasi,Sarjana,,Dengan Pujian,Sekolah Vokasi/D3 Farmasi
UHN,0,7,institution + program + education_level + graduation_predicate + faculty_program_name,Farmasi,Sarjana,,Sangat Memuaskan,Sekolah Vokasi/D3 Farmasi
UHN,0,3,institution + program + education_level + graduation_predicate + faculty_program_name,Farmasi,Sarjana Terapan,,Dengan Pujian,Sekolah Vokasi/D3 Farmasi
UHN,0,9,institution + program + education_level + graduation_predicate + faculty_program_name,Farmasi,Sarjana Terapan,,Sangat Memuaskan,Sekolah Vokasi/D3 Farmasi
UHN,0,1,institution + program + education_level + graduation_predicate + faculty_program_name,Kebidanan,Diploma 3,,Dengan Pujian,Sekolah Vokasi/D3 Kebidanan
UHN,0,1,institution + program + education_level + graduation_predicate + faculty_program_name,Kebidanan,Diploma 3,,Sangat Memuaskan,Sekolah Vokasi/D3 Kebidanan
UHN,0,3,institution + program + education_level + graduation_predicate + faculty_program_name,Kebidanan,Diploma Tiga,,Dengan Pujian,Sekolah Vokasi/D3 Kebidanan
UHN,1,9,institution + program + education_level + graduation_predicate + faculty_program_name,Kebidanan,Diploma Tiga,,Dengan Pujian,Sekolah Vokasi/D3 Kebidanan
UHN,0,1,institution + program + education_level + graduation_predicate + faculty_program_name,Kebidanan,Diploma Tiga,,Sangat Memuaskan,Sekolah Vokasi/D3 Kebidanan
UHN,1,5,institution + program + education_level + graduation_predicate + faculty_program_name,Kebidanan,Diploma Tiga,,Sangat Memuaskan,Sekolah Vokasi/D3 Kebidanan
UHN,0,1,institution + program + education_level + graduation_predicate + faculty_program_name,Kebidanan,Sarjana,,Dengan Pujian,Sekolah Vokasi/D3 Kebidanan
UHN,0,1,institution + program + education_level + graduation_predicate + faculty_program_name,Kebidanan,Sarjana,,Sangat Memuaskan,Sekolah Vokasi/D3 Kebidanan
UHN,0,1,institution + program + education_level + graduation_predicate + faculty_program_name,Kebidanan,Sarjana Terapan,,Dengan Pujian,Sekolah Vokasi/D3 Kebidanan
UHN,0,1,institution + program + education_level + graduation_predicate + faculty_program_name,Keperawatan,Diploma 3,,Dengan Pujian,Sekolah Vokasi/D3 Keperawatan
UHN,0,2,institution + program + education_level + graduation_predicate + faculty_program_name,Keperawatan,Diploma 3,,Sangat Memuaskan,Sekolah Vokasi/D3 Keperawatan
UHN,0,10,institution + program + education_level + graduation_predicate + faculty_program_name,Keperawatan,Diploma Tiga,,Dengan Pujian,Sekolah Vokasi/D3 Keperawatan
UHN,1,29,institution + program + education_level + graduation_predicate + faculty_program_name,Keperawatan,Diploma Tiga,,Dengan Pujian,Sekolah Vokasi/D3 Keperawatan
UHN,0,6,institution + program + education_level + graduation_predicate + faculty_program_name,Keperawatan,Diploma Tiga,,Sangat Memuaskan,Sekolah Vokasi/D3 Keperawatan
UHN,1,17,institution + program + education_level + graduation_predicate + faculty_program_name,Keperawatan,Diploma Tiga,,Sangat Memuaskan,Sekolah Vokasi/D3 Keperawatan
UHN,0,6,institution + program + education_level + graduation_predicate + faculty_program_name,Keperawatan,Sarjana,,Dengan Pujian,Sekolah Vokasi/D3 Keperawatan
UHN,0,3,institution + program + education_level + graduation_predicate + faculty_program_name,Keperawatan,Sarjana,,Sangat Memuaskan,Sekolah Vokasi/D3 Keperawatan
UHN,0,3,institution + program + education_level + graduation_predicate + faculty_program_name,Keperawatan,Sarjana Terapan,,Dengan Pujian,Sekolah Vokasi/D3 Keperawatan
UHN,0,15,institution + program + education_level + graduation_predicate + faculty_program_name,Manajemen Informatika,Diploma Tiga,,Dengan Pujian,Sekolah Vokasi/D3 Akuntansi
UHN,0,4,institution + program + education_level + graduation_predicate + faculty_program_name,Manajemen Informatika,Diploma Tiga,,Dengan Pujian,Sekolah Vokasi/D3 Desain Komunikasi Visual
UHN,0,9,institution + program + education_level + graduation_predicate + faculty_program_name,Manajemen Informatika,Diploma Tiga,,Dengan Pujian,Sekolah Vokasi/D3 Farmasi
UHN,0,5,institution + program + education_level + graduation_predicate + faculty_program_name,Manajemen Informatika,Diploma Tiga,,Dengan Pujian,Sekolah Vokasi/D3 Keperawatan
UHN,0,1,institution + program + education_level + graduation_predicate + faculty_program_name,Manajemen Informatika,Diploma Tiga,,Dengan Pujian,Sekolah Vokasi/D3 Perhotelan
UHN,0,1,institution + program + education_level + graduation_predicate + faculty_program_name,Manajemen Informatika,Diploma Tiga,,Dengan Pujian,Sekolah Vokasi/D3 Teknik Elektronika
UHN,0,17,institution + program + education_level + graduation_predicate + faculty_program_name,Manajemen Informatika,Diploma Tiga,,Dengan Pujian,Sekolah Vokasi/D3 Teknik Komputer
UHN,0,3,institution + program + education_level + graduation_predicate + faculty_program_name,Manajemen Informatika,Diploma Tiga,,Dengan Pujian,Sekolah Vokasi/D3 Teknik Mesin
UHN,0,3,institution + program + education_level + graduation_predicate + faculty_program_name,Manajemen Informatika,Diploma Tiga,,Sangat Memuaskan,Sekolah Vokasi/D3 Akuntansi
UHN,0,4,institution + program + education_level + graduation_predicate + faculty_program_name,Manajemen Informatika,Diploma Tiga,,Sangat Memuaskan,Sekolah Vokasi/D3 Desain Komunikasi Visual
UHN,0,15,institution + program + education_level + graduation_predicate + faculty_program_name,Manajemen Informatika,Diploma Tiga,,Sangat Memuaskan,Sekolah Vokasi/D3 Farmasi
UHN,0,1,institution + program + education_level + graduation_predicate + faculty_program_name,Manajemen Informatika,Diploma Tiga,,Sangat Memuaskan,Sekolah Vokasi/D3 Kebidanan
UHN,0,3,institution + program + education_level + graduation_predicate + faculty_program_name,Manajemen Informatika,Diploma Tiga,,Sangat Memuaskan,Sekolah Vokasi/D3 Keperawatan
UHN,0,11,institution + program + education_level + graduation_predicate + faculty_program_name,Manajemen Informatika,Diploma Tiga,,Sangat Memuaskan,Sekolah Vokasi/D3 Teknik Komputer
UHN,0,4,institution + program + education_level + graduation_predicate + faculty_program_name,Manajemen Informatika,Diploma Tiga,,Sangat Memuaskan,Sekolah Vokasi/D3 Teknik Mesin
UHN,0,4,institution + program + education_level + graduation_predicate + faculty_program_name,Manajemen Informatika,Sarjana,,Dengan Pujian,Fakultas Sains dan Teknologi/S1 Teknik Informatika
UHN,0,3,institution + program + education_level + graduation_predicate + faculty_program_name,Manajemen Informatika,Sarjana Terapan,,Dengan Pujian,Sekolah Vokasi/D4 Akuntansi Sektor Publik
UHN,0,11,institution + program + education_level + graduation_predicate + faculty_program_name,Manajemen Informatika,Sarjana Terapan,,Dengan Pujian,Sekolah Vokasi/D4 Teknik Informatika
UHN,0,4,institution + program + education_level + graduation_predicate + faculty_program_name,Manajemen Informatika,Sarjana Terapan,,Sangat Memuaskan,Sekolah Vokasi/D4 Teknik Informatika
UHN,0,1,institution + program + education_level + graduation_predicate + faculty_program_name,Perhotelan,Diploma 3,,Dengan Pujian,Sekolah Vokasi/D3 Perhotelan
UHN,0,1,institution + program + education_level + graduation_predicate + faculty_program_name,Perhotelan,Diploma 3,,Sangat Memuaskan,Sekolah Vokasi/D3 Perhotelan
UHN,0,1,institution + program + education_level + graduation_predicate + faculty_program_name,Perhotelan,Diploma Tiga,,Dengan Pujian,Sekolah Vokasi/D3 Perhotelan
UHN,1,5,institution + program + education_level + graduation_predicate + faculty_program_name,Perhotelan,Diploma Tiga,,Dengan Pujian,Sekolah Vokasi/D3 Perhotelan
UHN,0,2,institution + program + education_level + graduation_predicate + faculty_program_name,Perhotelan,Diploma Tiga,,Sangat Memuaskan,Sekolah Vokasi/D3 Perhotelan
UHN,1,5,institution + program + education_level + graduation_predicate + faculty_program_name,Perhotelan,Diploma Tiga,,Sangat Memuaskan,Sekolah Vokasi/D3 Perhotelan
UHN,0,1,institution + program + education_level + graduation_predicate + faculty_program_name,Perhotelan,Sarjana,,Sangat Memuaskan,Sekolah Vokasi/D3 Perhotelan
UHN,0,1,institution + program + education_level + graduation_predicate + faculty_program_name,Perhotelan,Sarjana Terapan,,Sangat Memuaskan,Sekolah Vokasi/D3 Perhotelan
UHN,0,2,institution + program + education_level + graduation_predicate + faculty_program_name,Sistem Informasi,Diploma 3,,Dengan Pujian,Fakultas Sains dan Teknologi/S1 Sistem Informasi
UHN,0,1,institution + program + education_level + graduation_predicate + faculty_program_name,Sistem Informasi,Diploma Tiga,,Dengan Pujian,Fakultas Sains dan Teknologi/S1 Sistem Informasi
UHN,0,1,institution + program + education_level + graduation_predicate + faculty_program_name,Sistem Informasi,Sarjana,,Dengan Pujian,Fakultas Sains dan Teknologi/S1 Sistem Informasi
UHN,1,6,institution + program + education_level + graduation_predicate + faculty_program_name,Sistem Informasi,Sarjana,,Dengan Pujian,Fakultas Sains dan Teknologi/S1 Sistem Informasi
UHN,0,1,institution + program + education_level + graduation_predicate + faculty_program_name,Sistem Informasi,Sarjana,,Sangat Memuaskan,Fakultas Sains dan Teknologi/S1 Sistem Informasi
UHN,1,1,institution + program + education_level + graduation_predicate + faculty_program_name,Sistem Informasi,Sarjana,,Sangat Memuaskan,Fakultas Sains dan Teknologi/S1 Sistem Informasi
UHN,0,4,institution + program + education_level + graduation_predicate + faculty_program_name,Teknik Elektronika,Diploma Tiga,,Dengan Pujian,Sekolah Vokasi/D3 Teknik Elektronika
UHN,1,13,institution + program + education_level + graduation_predicate + faculty_program_name,Teknik Elektronika,Diploma Tiga,,Dengan Pujian,Sekolah Vokasi/D3 Teknik Elektronika
UHN,0,3,institution + program + education_level + graduation_predicate + faculty_program_name,Teknik Elektronika,Diploma Tiga,,Sangat Memuaskan,Sekolah Vokasi/D3 Teknik Elektronika
UHN,1,8,institution + program + education_level + graduation_predicate + faculty_program_name,Teknik Elektronika,Diploma Tiga,,Sangat Memuaskan,Sekolah Vokasi/D3 Teknik Elektronika
UHN,0,3,institution + program + education_level + graduation_predicate + faculty_program_name,Teknik Elektronika,Sarjana,,Dengan Pujian,Sekolah Vokasi/D3 Teknik Elektronika
UHN,0,1,institution + program + education_level + graduation_predicate + faculty_program_name,Teknik Elektronika,Sarjana,,Sangat Memuaskan,Sekolah Vokasi/D3 Teknik Elektronika
UHN,0,1,institution + program + education_level + graduation_predicate + faculty_program_name,Teknik Elektronika,Sarjana Terapan,,Dengan Pujian,Sekolah Vokasi/D3 Teknik Elektronika
UHN,0,2,institution + program + education_level + graduation_predicate + faculty_program_name,Teknik Elektronika,Sarjana Terapan,,Sangat Memuaskan,Sekolah Vokasi/D3 Teknik Elektronika
UHN,0,4,institution + program + education_level + graduation_predicate + faculty_program_name,Teknik Informatika,Diploma 3,,Dengan Pujian,Fakultas Sains dan Teknologi/S1 Teknik Informatika
UHN,0,7,institution + program + education_level + graduation_predicate + faculty_program_name,Teknik Informatika,Diploma 3,,Dengan Pujian,Sekolah Vokasi/D4 Teknik Informatika
UHN,0,2,institution + program + education_level + graduation_predicate + faculty_program_name,Teknik Informatika,Diploma 3,,Sangat Memuaskan,Fakultas Sains dan Teknologi/S1 Teknik Informatika
UHN,0,8,institution + program + education_level + graduation_predicate + faculty_program_name,Teknik Informatika,Diploma 3,,Sangat Memuaskan,Sekolah Vokasi/D4 Teknik Informatika
UHN,0,5,institution + program + education_level + graduation_predicate + faculty_program_name,Teknik Informatika,Diploma Tiga,,Dengan Pujian,Fakultas Sains dan Teknologi/S1 Teknik Informatika
UHN,0,7,institution + program + education_level + graduation_predicate + faculty_program_name,Teknik Informatika,Diploma Tiga,,Dengan Pujian,Sekolah Vokasi/D4 Teknik Informatika
UHN,0,1,institution + program + education_level + graduation_predicate + faculty_program_name,Teknik Informatika,Diploma Tiga,,Memuaskan,Sekolah Vokasi/D4 Teknik Informatika
UHN,0,1,institution + program + education_level + graduation_predicate + faculty_program_name,Teknik Informatika,Diploma Tiga,,Sangat Memuaskan,Fakultas Sains dan Teknologi/S1 Teknik Informatika
UHN,0,5,institution + program + education_level + graduation_predicate + faculty_program_name,Teknik Informatika,Diploma Tiga,,Sangat Memuaskan,Sekolah Vokasi/D4 Teknik Informatika
UHN,0,10,institution + program + education_level + graduation_predicate + faculty_program_name,Teknik Informatika,Sarjana,,Dengan Pujian,Fakultas Sains dan Teknologi/S1 Teknik Informatika
UHN,1,29,institution + program + education_level + graduation_predicate + faculty_program_name,Teknik Informatika,Sarjana,,Dengan Pujian,Fakultas Sains dan Teknologi/S1 Teknik Informatika
UHN,0,2,institution + program + education_level + graduation_predicate + faculty_program_name,Teknik Informatika,Sarjana,,Sangat Memuaskan,Fakultas Sains dan Teknologi/S1 Teknik Informatika
UHN,1,7,institution + program + education_level + graduation_predicate + faculty_program_name,Teknik Informatika,Sarjana,,Sangat Memuaskan,Fakultas Sains dan Teknologi/S1 Teknik Informatika
UHN,0,15,institution + program + education_level + graduation_predicate + faculty_program_name,Teknik Informatika,Sarjana Terapan,,Dengan Pujian,Sekolah Vokasi/D4 Teknik Informatika
UHN,1,49,institution + program + education_level + graduation_predicate + faculty_program_name,Teknik Informatika,Sarjana Terapan,,Dengan Pujian,Sekolah Vokasi/D4 Teknik Informatika
UHN,1,1,institution + program + education_level + graduation_predicate + faculty_program_name,Teknik Informatika,Sarjana Terapan,,Memuaskan,Sekolah Vokasi/D4 Teknik Informatika
UHN,0,12,institution + program + education_level + graduation_predicate + faculty_program_name,Teknik Informatika,Sarjana Terapan,,Sangat Memuaskan,Sekolah Vokasi/D4 Teknik Informatika
UHN,1,32,institution + program + education_level + graduation_predicate + faculty_program_name,Teknik Informatika,Sarjana Terapan,,Sangat Memuaskan,Sekolah Vokasi/D4 Teknik Informatika
UHN,0,13,institution + program + education_level + graduation_predicate + faculty_program_name,Teknik Komputer,Diploma 3,,Dengan Pujian,Sekolah Vokasi/D3 Teknik Komputer
UHN,0,2,institution + program + education_level + graduation_predicate + faculty_program_name,Teknik Komputer,Diploma 3,,Sangat Memuaskan,Sekolah Vokasi/D3 Teknik Komputer
UHN,0,35,institution + program + education_level + graduation_predicate + faculty_program_name,Teknik Komputer,Diploma Tiga,,Dengan Pujian,Sekolah Vokasi/D3 Teknik Komputer
UHN,1,111,institution + program + education_level + graduation_predicate + faculty_program_name,Teknik Komputer,Diploma Tiga,,Dengan Pujian,Sekolah Vokasi/D3 Teknik Komputer
UHN,0,17,institution + program + education_level + graduation_predicate + faculty_program_name,Teknik Komputer,Diploma Tiga,,Sangat Memuaskan,Sekolah Vokasi/D3 Teknik Komputer
UHN,1,45,institution + program + education_level + graduation_predicate + faculty_program_name,Teknik Komputer,Diploma Tiga,,Sangat Memuaskan,Sekolah Vokasi/D3 Teknik Komputer
UHN,0,8,institution + program + education_level + graduation_predicate + faculty_program_name,Teknik Komputer,Sarjana,,Dengan Pujian,Sekolah Vokasi/D3 Teknik Komputer
UHN,0,4,institution + program + education_level + graduation_predicate + faculty_program_name,Teknik Komputer,Sarjana,,Sangat Memuaskan,Sekolah Vokasi/D3 Teknik Komputer
UHN,0,20,institution + program + education_level + graduation_predicate + faculty_program_name,Teknik Komputer,Sarjana Terapan,,Dengan Pujian,Sekolah Vokasi/D3 Teknik Komputer
UHN,0,5,institution + program + education_level + graduation_predicate + faculty_program_name,Teknik Komputer,Sarjana Terapan,,Sangat Memuaskan,Sekolah Vokasi/D3 Teknik Komputer
UHN,0,1,institution + program + education_level + graduation_predicate + faculty_program_name,Teknik Mesin,Diploma 3,,Dengan Pujian,Sekolah Vokasi/D3 Teknik Mesin
UHN,0,5,institution + program + education_level + graduation_predicate + faculty_program_name,Teknik Mesin,Diploma 3,,Sangat Memuaskan,Sekolah Vokasi/D3 Teknik Mesin
UHN,0,9,institution + program + education_level + graduation_predicate + faculty_program_name,Teknik Mesin,Diploma Tiga,,Dengan Pujian,Sekolah Vokasi/D3 Teknik Mesin
UHN,1,24,institution + program + education_level + graduation_predicate + faculty_program_name,Teknik Mesin,Diploma Tiga,,Dengan Pujian,Sekolah Vokasi/D3 Teknik Mesin
UHN,0,7,institution + program + education_level + graduation_predicate + faculty_program_name,Teknik Mesin,Diploma Tiga,,Sangat Memuaskan,Sekolah Vokasi/D3 Teknik Mesin
UHN,1,23,institution + program + education_level + graduation_predicate + faculty_program_name,Teknik Mesin,Diploma Tiga,,Sangat Memuaskan,Sekolah Vokasi/D3 Teknik Mesin
UHN,0,2,institution + program + education_level + graduation_predicate + faculty_program_name,Teknik Mesin,Sarjana,,Dengan Pujian,Sekolah Vokasi/D3 Teknik Mesin
UHN,0,4,institution + program + education_level + graduation_predicate + faculty_program_name,Teknik Mesin,Sarjana,,Sangat Memuaskan,Sekolah Vokasi/D3 Teknik Mesin
UHN,0,2,institution + program + education_level + graduation_predicate + faculty_program_name,Teknik Mesin,Sarjana Terapan,,Dengan Pujian,Sekolah Vokasi/D3 Teknik Mesin
UHN,0,1,institution + program + education_level + graduation_predicate + faculty_program_name,Teknik Mesin,Sarjana Terapan,,Sangat Memuaskan,Sekolah Vokasi/D3 Teknik Mesin
PMKM,0,8,institution + program + accreditation_status + graduation_predicate + faculty_program_name,Akuntansi,,Baik,__MISSING__,__MISSING__
PMKM,0,1,institution + program + accreditation_status + graduation_predicate + faculty_program_name,Akuntansi Sektor Publik,,Baik,__MISSING__,__MISSING__
PMKM,0,19,institution + program + accreditation_status + graduation_predicate + faculty_program_name,Analis Kesehatan,,Baik,__MISSING__,__MISSING__
PMKM,1,58,institution + program + accreditation_status + graduation_predicate + faculty_program_name,Analis Kesehatan,,Baik,__MISSING__,__MISSING__
PMKM,0,10,institution + program + accreditation_status + graduation_predicate + faculty_program_name,Analis Kesehatan,,Baik Sekali,__MISSING__,__MISSING__
PMKM,0,10,institution + program + accreditation_status + graduation_predicate + faculty_program_name,Analis Kesehatan,,Terakreditasi,__MISSING__,__MISSING__
PMKM,0,6,institution + program + accreditation_status + graduation_predicate + faculty_program_name,Desain Komunikasi Visual,,Baik,__MISSING__,__MISSING__
PMKM,0,15,institution + program + accreditation_status + graduation_predicate + faculty_program_name,Farmasi,,Baik,__MISSING__,__MISSING__
PMKM,1,46,institution + program + accreditation_status + graduation_predicate + faculty_program_name,Farmasi,,Baik,__MISSING__,__MISSING__
PMKM,0,8,institution + program + accreditation_status + graduation_predicate + faculty_program_name,Farmasi,,Baik Sekali,__MISSING__,__MISSING__
PMKM,0,7,institution + program + accreditation_status + graduation_predicate + faculty_program_name,Farmasi,,Terakreditasi,__MISSING__,__MISSING__
PMKM,0,3,institution + program + accreditation_status + graduation_predicate + faculty_program_name,Kebidanan,,Baik,__MISSING__,__MISSING__
PMKM,0,2,institution + program + accreditation_status + graduation_predicate + faculty_program_name,Keperawatan,,Baik,__MISSING__,__MISSING__
PMKM,0,4,institution + program + accreditation_status + graduation_predicate + faculty_program_name,Manajemen Informatika,,Baik,__MISSING__,__MISSING__
PMKM,1,12,institution + program + accreditation_status + graduation_predicate + faculty_program_name,Manajemen Informatika,,Baik,__MISSING__,__MISSING__
PMKM,0,3,institution + program + accreditation_status + graduation_predicate + faculty_program_name,Manajemen Informatika,,Baik Sekali,__MISSING__,__MISSING__
PMKM,0,1,institution + program + accreditation_status + graduation_predicate + faculty_program_name,Manajemen Informatika,,Terakreditasi,__MISSING__,__MISSING__
PMKM,0,1,institution + program + accreditation_status + graduation_predicate + faculty_program_name,Perhotelan,,Baik,__MISSING__,__MISSING__
PMKM,0,3,institution + program + accreditation_status + graduation_predicate + faculty_program_name,Sistem Informasi,,Baik,__MISSING__,__MISSING__
PMKM,0,3,institution + program + accreditation_status + graduation_predicate + faculty_program_name,Teknik Elektronika,,Baik,__MISSING__,__MISSING__
PMKM,0,6,institution + program + accreditation_status + graduation_predicate + faculty_program_name,Teknik Informatika,,Baik,__MISSING__,__MISSING__
PMKM,0,4,institution + program + accreditation_status + graduation_predicate + faculty_program_name,Teknik Komputer,,Baik,__MISSING__,__MISSING__
PMKM,0,2,institution + program + accreditation_status + graduation_predicate + faculty_program_name,Teknik Mesin,,Baik,__MISSING__,__MISSING__
UHN,0,24,institution + program + accreditation_status + graduation_predicate + faculty_program_name,Akuntansi,,Baik,Dengan Pujian,Sekolah Vokasi/D3 Akuntansi
UHN,0,5,institution + program + accreditation_status + graduation_predicate + faculty_program_name,Akuntansi,,Baik,Sangat Memuaskan,Sekolah Vokasi/D3 Akuntansi
UHN,0,35,institution + program + accreditation_status + graduation_predicate + faculty_program_name,Akuntansi,,Baik Sekali,Dengan Pujian,Sekolah Vokasi/D3 Akuntansi
UHN,1,109,institution + program + accreditation_status + graduation_predicate + faculty_program_name,Akuntansi,,Baik Sekali,Dengan Pujian,Sekolah Vokasi/D3 Akuntansi
UHN,0,11,institution + program + accreditation_status + graduation_predicate + faculty_program_name,Akuntansi,,Baik Sekali,Sangat Memuaskan,Sekolah Vokasi/D3 Akuntansi
UHN,1,28,institution + program + accreditation_status + graduation_predicate + faculty_program_name,Akuntansi,,Baik Sekali,Sangat Memuaskan,Sekolah Vokasi/D3 Akuntansi
UHN,0,10,institution + program + accreditation_status + graduation_predicate + faculty_program_name,Akuntansi,,Terakreditasi,Dengan Pujian,Sekolah Vokasi/D3 Akuntansi
UHN,0,7,institution + program + accreditation_status + graduation_predicate + faculty_program_name,Akuntansi,,Terakreditasi,Sangat Memuaskan,Sekolah Vokasi/D3 Akuntansi
UHN,0,4,institution + program + accreditation_status + graduation_predicate + faculty_program_name,Akuntansi Sektor Publik,,Baik,Dengan Pujian,Sekolah Vokasi/D4 Akuntansi Sektor Publik
UHN,1,10,institution + program + accreditation_status + graduation_predicate + faculty_program_name,Akuntansi Sektor Publik,,Baik,Dengan Pujian,Sekolah Vokasi/D4 Akuntansi Sektor Publik
UHN,1,3,institution + program + accreditation_status + graduation_predicate + faculty_program_name,Akuntansi Sektor Publik,,Baik,Sangat Memuaskan,Sekolah Vokasi/D4 Akuntansi Sektor Publik
UHN,0,1,institution + program + accreditation_status + graduation_predicate + faculty_program_name,Akuntansi Sektor Publik,,Baik Sekali,Dengan Pujian,Sekolah Vokasi/D4 Akuntansi Sektor Publik
UHN,0,1,institution + program + accreditation_status + graduation_predicate + faculty_program_name,Akuntansi Sektor Publik,,Baik Sekali,Sangat Memuaskan,Sekolah Vokasi/D4 Akuntansi Sektor Publik
UHN,0,2,institution + program + accreditation_status + graduation_predicate + faculty_program_name,Akuntansi Sektor Publik,,Terakreditasi,Dengan Pujian,Sekolah Vokasi/D4 Akuntansi Sektor Publik
UHN,0,1,institution + program + accreditation_status + graduation_predicate + faculty_program_name,Akuntansi Sektor Publik,,Terakreditasi,Sangat Memuaskan,Sekolah Vokasi/D4 Akuntansi Sektor Publik
UHN,0,2,institution + program + accreditation_status + graduation_predicate + faculty_program_name,Analis Kesehatan,,Baik,Dengan Pujian,Fakultas Sains dan Teknologi/S1 Sistem Informasi
UHN,0,6,institution + program + accreditation_status + graduation_predicate + faculty_program_name,Analis Kesehatan,,Baik,Dengan Pujian,Fakultas Sains dan Teknologi/S1 Teknik Informatika
UHN,0,3,institution + program + accreditation_status + graduation_predicate + faculty_program_name,Analis Kesehatan,,Baik,Dengan Pujian,Sekolah Vokasi/D3 Desain Komunikasi Visual
UHN,0,4,institution + program + accreditation_status + graduation_predicate + faculty_program_name,Analis Kesehatan,,Baik,Dengan Pujian,Sekolah Vokasi/D3 Keperawatan
UHN,0,2,institution + program + accreditation_status + graduation_predicate + faculty_program_name,Analis Kesehatan,,Baik,Dengan Pujian,Sekolah Vokasi/D3 Perhotelan
UHN,0,2,institution + program + accreditation_status + graduation_predicate + faculty_program_name,Analis Kesehatan,,Baik,Sangat Memuaskan,Fakultas Sains dan Teknologi/S1 Teknik Informatika
UHN,0,6,institution + program + accreditation_status + graduation_predicate + faculty_program_name,Analis Kesehatan,,Baik,Sangat Memuaskan,Sekolah Vokasi/D3 Desain Komunikasi Visual
UHN,0,3,institution + program + accreditation_status + graduation_predicate + faculty_program_name,Analis Kesehatan,,Baik,Sangat Memuaskan,Sekolah Vokasi/D3 Keperawatan
UHN,0,1,institution + program + accreditation_status + graduation_predicate + faculty_program_name,Analis Kesehatan,,Baik,Sangat Memuaskan,Sekolah Vokasi/D4 Akuntansi Sektor Publik
UHN,0,25,institution + program + accreditation_status + graduation_predicate + faculty_program_name,Analis Kesehatan,,Baik Sekali,Dengan Pujian,Sekolah Vokasi/D3 Akuntansi
UHN,0,6,institution + program + accreditation_status + graduation_predicate + faculty_program_name,Analis Kesehatan,,Baik Sekali,Dengan Pujian,Sekolah Vokasi/D3 Farmasi
UHN,0,3,institution + program + accreditation_status + graduation_predicate + faculty_program_name,Analis Kesehatan,,Baik Sekali,Dengan Pujian,Sekolah Vokasi/D3 Kebidanan
UHN,0,18,institution + program + accreditation_status + graduation_predicate + faculty_program_name,Analis Kesehatan,,Baik Sekali,Dengan Pujian,Sekolah Vokasi/D3 Teknik Komputer
UHN,0,7,institution + program + accreditation_status + graduation_predicate + faculty_program_name,Analis Kesehatan,,Baik Sekali,Dengan Pujian,Sekolah Vokasi/D3 Teknik Mesin
UHN,0,9,institution + program + accreditation_status + graduation_predicate + faculty_program_name,Analis Kesehatan,,Baik Sekali,Dengan Pujian,Sekolah Vokasi/D4 Teknik Informatika
UHN,0,2,institution + program + accreditation_status + graduation_predicate + faculty_program_name,Analis Kesehatan,,Baik Sekali,Sangat Memuaskan,Sekolah Vokasi/D3 Akuntansi
UHN,0,13,institution + program + accreditation_status + graduation_predicate + faculty_program_name,Analis Kesehatan,,Baik Sekali,Sangat Memuaskan,Sekolah Vokasi/D3 Farmasi
UHN,0,1,institution + program + accreditation_status + graduation_predicate + faculty_program_name,Analis Kesehatan,,Baik Sekali,Sangat Memuaskan,Sekolah Vokasi/D3 Kebidanan
UHN,0,6,institution + program + accreditation_status + graduation_predicate + faculty_program_name,Analis Kesehatan,,Baik Sekali,Sangat Memuaskan,Sekolah Vokasi/D3 Teknik Komputer
UHN,0,2,institution + program + accreditation_status + graduation_predicate + faculty_program_name,Analis Kesehatan,,Baik Sekali,Sangat Memuaskan,Sekolah Vokasi/D3 Teknik Mesin
UHN,0,3,institution + program + accreditation_status + graduation_predicate + faculty_program_name,Analis Kesehatan,,Baik Sekali,Sangat Memuaskan,Sekolah Vokasi/D4 Teknik Informatika
UHN,0,4,institution + program + accreditation_status + graduation_predicate + faculty_program_name,Analis Kesehatan,,Terakreditasi,Dengan Pujian,Sekolah Vokasi/D3 Teknik Elektronika
UHN,0,2,institution + program + accreditation_status + graduation_predicate + faculty_program_name,Analis Kesehatan,,Terakreditasi,Sangat Memuaskan,Sekolah Vokasi/D3 Teknik Elektronika
UHN,0,3,institution + program + accreditation_status + graduation_predicate + faculty_program_name,Desain Komunikasi Visual,,Baik,Dengan Pujian,Sekolah Vokasi/D3 Desain Komunikasi Visual
UHN,1,12,institution + program + accreditation_status + graduation_predicate + faculty_program_name,Desain Komunikasi Visual,,Baik,Dengan Pujian,Sekolah Vokasi/D3 Desain Komunikasi Visual
UHN,1,2,institution + program + accreditation_status + graduation_predicate + faculty_program_name,Desain Komunikasi Visual,,Baik,Memuaskan,Sekolah Vokasi/D3 Desain Komunikasi Visual
UHN,0,13,institution + program + accreditation_status + graduation_predicate + faculty_program_name,Desain Komunikasi Visual,,Baik,Sangat Memuaskan,Sekolah Vokasi/D3 Desain Komunikasi Visual
UHN,1,36,institution + program + accreditation_status + graduation_predicate + faculty_program_name,Desain Komunikasi Visual,,Baik,Sangat Memuaskan,Sekolah Vokasi/D3 Desain Komunikasi Visual
UHN,0,8,institution + program + accreditation_status + graduation_predicate + faculty_program_name,Desain Komunikasi Visual,,Baik Sekali,Sangat Memuaskan,Sekolah Vokasi/D3 Desain Komunikasi Visual
UHN,0,2,institution + program + accreditation_status + graduation_predicate + faculty_program_name,Desain Komunikasi Visual,,Terakreditasi,Dengan Pujian,Sekolah Vokasi/D3 Desain Komunikasi Visual
UHN,0,2,institution + program + accreditation_status + graduation_predicate + faculty_program_name,Desain Komunikasi Visual,,Terakreditasi,Memuaskan,Sekolah Vokasi/D3 Desain Komunikasi Visual
UHN,0,5,institution + program + accreditation_status + graduation_predicate + faculty_program_name,Desain Komunikasi Visual,,Terakreditasi,Sangat Memuaskan,Sekolah Vokasi/D3 Desain Komunikasi Visual
UHN,0,11,institution + program + accreditation_status + graduation_predicate + faculty_program_name,Farmasi,,Baik,Dengan Pujian,Sekolah Vokasi/D3 Farmasi
UHN,0,8,institution + program + accreditation_status + graduation_predicate + faculty_program_name,Farmasi,,Baik,Sangat Memuaskan,Sekolah Vokasi/D3 Farmasi
UHN,0,13,institution + program + accreditation_status + graduation_predicate + faculty_program_name,Farmasi,,Baik Sekali,Dengan Pujian,Sekolah Vokasi/D3 Farmasi
UHN,1,47,institution + program + accreditation_status + graduation_predicate + faculty_program_name,Farmasi,,Baik Sekali,Dengan Pujian,Sekolah Vokasi/D3 Farmasi
UHN,0,29,institution + program + accreditation_status + graduation_predicate + faculty_program_name,Farmasi,,Baik Sekali,Sangat Memuaskan,Sekolah Vokasi/D3 Farmasi
UHN,1,80,institution + program + accreditation_status + graduation_predicate + faculty_program_name,Farmasi,,Baik Sekali,Sangat Memuaskan,Sekolah Vokasi/D3 Farmasi
UHN,0,8,institution + program + accreditation_status + graduation_predicate + faculty_program_name,Farmasi,,Terakreditasi,Dengan Pujian,Sekolah Vokasi/D3 Farmasi
UHN,0,15,institution + program + accreditation_status + graduation_predicate + faculty_program_name,Farmasi,,Terakreditasi,Sangat Memuaskan,Sekolah Vokasi/D3 Farmasi
UHN,0,2,institution + program + accreditation_status + graduation_predicate + faculty_program_name,Kebidanan,,Baik,Dengan Pujian,Sekolah Vokasi/D3 Kebidanan
UHN,0,1,institution + program + accreditation_status + graduation_predicate + faculty_program_name,Kebidanan,,Baik,Sangat Memuaskan,Sekolah Vokasi/D3 Kebidanan
UHN,0,3,institution + program + accreditation_status + graduation_predicate + faculty_program_name,Kebidanan,,Baik Sekali,Dengan Pujian,Sekolah Vokasi/D3 Kebidanan
UHN,1,9,institution + program + accreditation_status + graduation_predicate + faculty_program_name,Kebidanan,,Baik Sekali,Dengan Pujian,Sekolah Vokasi/D3 Kebidanan
UHN,0,2,institution + program + accreditation_status + graduation_predicate + faculty_program_name,Kebidanan,,Baik Sekali,Sangat Memuaskan,Sekolah Vokasi/D3 Kebidanan
UHN,1,5,institution + program + accreditation_status + graduation_predicate + faculty_program_name,Kebidanan,,Baik Sekali,Sangat Memuaskan,Sekolah Vokasi/D3 Kebidanan
UHN,0,1,institution + program + accreditation_status + graduation_predicate + faculty_program_name,Kebidanan,,Terakreditasi,Dengan Pujian,Sekolah Vokasi/D3 Kebidanan
UHN,0,10,institution + program + accreditation_status + graduation_predicate + faculty_program_name,Keperawatan,,Baik,Dengan Pujian,Sekolah Vokasi/D3 Keperawatan
UHN,1,29,institution + program + accreditation_status + graduation_predicate + faculty_program_name,Keperawatan,,Baik,Dengan Pujian,Sekolah Vokasi/D3 Keperawatan
UHN,0,5,institution + program + accreditation_status + graduation_predicate + faculty_program_name,Keperawatan,,Baik,Sangat Memuaskan,Sekolah Vokasi/D3 Keperawatan
UHN,1,17,institution + program + accreditation_status + graduation_predicate + faculty_program_name,Keperawatan,,Baik,Sangat Memuaskan,Sekolah Vokasi/D3 Keperawatan
UHN,0,5,institution + program + accreditation_status + graduation_predicate + faculty_program_name,Keperawatan,,Baik Sekali,Dengan Pujian,Sekolah Vokasi/D3 Keperawatan
UHN,0,5,institution + program + accreditation_status + graduation_predicate + faculty_program_name,Keperawatan,,Baik Sekali,Sangat Memuaskan,Sekolah Vokasi/D3 Keperawatan
UHN,0,5,institution + program + accreditation_status + graduation_predicate + faculty_program_name,Keperawatan,,Terakreditasi,Dengan Pujian,Sekolah Vokasi/D3 Keperawatan
UHN,0,1,institution + program + accreditation_status + graduation_predicate + faculty_program_name,Keperawatan,,Terakreditasi,Sangat Memuaskan,Sekolah Vokasi/D3 Keperawatan
UHN,0,4,institution + program + accreditation_status + graduation_predicate + faculty_program_name,Manajemen Informatika,,Baik,Dengan Pujian,Fakultas Sains dan Teknologi/S1 Teknik Informatika
UHN,0,4,institution + program + accreditation_status + graduation_predicate + faculty_program_name,Manajemen Informatika,,Baik,Dengan Pujian,Sekolah Vokasi/D3 Desain Komunikasi Visual
UHN,0,5,institution + program + accreditation_status + graduation_predicate + faculty_program_name,Manajemen Informatika,,Baik,Dengan Pujian,Sekolah Vokasi/D3 Keperawatan
UHN,0,1,institution + program + accreditation_status + graduation_predicate + faculty_program_name,Manajemen Informatika,,Baik,Dengan Pujian,Sekolah Vokasi/D3 Perhotelan
UHN,0,3,institution + program + accreditation_status + graduation_predicate + faculty_program_name,Manajemen Informatika,,Baik,Dengan Pujian,Sekolah Vokasi/D4 Akuntansi Sektor Publik
UHN,0,4,institution + program + accreditation_status + graduation_predicate + faculty_program_name,Manajemen Informatika,,Baik,Sangat Memuaskan,Sekolah Vokasi/D3 Desain Komunikasi Visual
UHN,0,3,institution + program + accreditation_status + graduation_predicate + faculty_program_name,Manajemen Informatika,,Baik,Sangat Memuaskan,Sekolah Vokasi/D3 Keperawatan
UHN,0,15,institution + program + accreditation_status + graduation_predicate + faculty_program_name,Manajemen Informatika,,Baik Sekali,Dengan Pujian,Sekolah Vokasi/D3 Akuntansi
UHN,0,9,institution + program + accreditation_status + graduation_predicate + faculty_program_name,Manajemen Informatika,,Baik Sekali,Dengan Pujian,Sekolah Vokasi/D3 Farmasi
UHN,0,17,institution + program + accreditation_status + graduation_predicate + faculty_program_name,Manajemen Informatika,,Baik Sekali,Dengan Pujian,Sekolah Vokasi/D3 Teknik Komputer
UHN,0,3,institution + program + accreditation_status + graduation_predicate + faculty_program_name,Manajemen Informatika,,Baik Sekali,Dengan Pujian,Sekolah Vokasi/D3 Teknik Mesin
UHN,0,11,institution + program + accreditation_status + graduation_predicate + faculty_program_name,Manajemen Informatika,,Baik Sekali,Dengan Pujian,Sekolah Vokasi/D4 Teknik Informatika
UHN,0,3,institution + program + accreditation_status + graduation_predicate + faculty_program_name,Manajemen Informatika,,Baik Sekali,Sangat Memuaskan,Sekolah Vokasi/D3 Akuntansi
UHN,0,15,institution + program + accreditation_status + graduation_predicate + faculty_program_name,Manajemen Informatika,,Baik Sekali,Sangat Memuaskan,Sekolah Vokasi/D3 Farmasi
UHN,0,1,institution + program + accreditation_status + graduation_predicate + faculty_program_name,Manajemen Informatika,,Baik Sekali,Sangat Memuaskan,Sekolah Vokasi/D3 Kebidanan
UHN,0,11,institution + program + accreditation_status + graduation_predicate + faculty_program_name,Manajemen Informatika,,Baik Sekali,Sangat Memuaskan,Sekolah Vokasi/D3 Teknik Komputer
UHN,0,4,institution + program + accreditation_status + graduation_predicate + faculty_program_name,Manajemen Informatika,,Baik Sekali,Sangat Memuaskan,Sekolah Vokasi/D3 Teknik Mesin
UHN,0,4,institution + program + accreditation_status + graduation_predicate + faculty_program_name,Manajemen Informatika,,Baik Sekali,Sangat Memuaskan,Sekolah Vokasi/D4 Teknik Informatika
UHN,0,1,institution + program + accreditation_status + graduation_predicate + faculty_program_name,Manajemen Informatika,,Terakreditasi,Dengan Pujian,Sekolah Vokasi/D3 Teknik Elektronika
UHN,0,1,institution + program + accreditation_status + graduation_predicate + faculty_program_name,Perhotelan,,Baik,Dengan Pujian,Sekolah Vokasi/D3 Perhotelan
UHN,1,5,institution + program + accreditation_status + graduation_predicate + faculty_program_name,Perhotelan,,Baik,Dengan Pujian,Sekolah Vokasi/D3 Perhotelan
UHN,0,3,institution + program + accreditation_status + graduation_predicate + faculty_program_name,Perhotelan,,Baik,Sangat Memuaskan,Sekolah Vokasi/D3 Perhotelan
UHN,1,5,institution + program + accreditation_status + graduation_predicate + faculty_program_name,Perhotelan,,Baik,Sangat Memuaskan,Sekolah Vokasi/D3 Perhotelan
UHN,0,1,institution + program + accreditation_status + graduation_predicate + faculty_program_name,Perhotelan,,Baik Sekali,Sangat Memuaskan,Sekolah Vokasi/D3 Perhotelan
UHN,0,1,institution + program + accreditation_status + graduation_predicate + faculty_program_name,Perhotelan,,Terakreditasi,Dengan Pujian,Sekolah Vokasi/D3 Perhotelan
UHN,0,1,institution + program + accreditation_status + graduation_predicate + faculty_program_name,Perhotelan,,Terakreditasi,Sangat Memuaskan,Sekolah Vokasi/D3 Perhotelan
UHN,0,3,institution + program + accreditation_status + graduation_predicate + faculty_program_name,Sistem Informasi,,Baik,Dengan Pujian,Fakultas Sains dan Teknologi/S1 Sistem Informasi
UHN,1,6,institution + program + accreditation_status + graduation_predicate + faculty_program_name,Sistem Informasi,,Baik,Dengan Pujian,Fakultas Sains dan Teknologi/S1 Sistem Informasi
UHN,1,1,institution + program + accreditation_status + graduation_predicate + faculty_program_name,Sistem Informasi,,Baik,Sangat Memuaskan,Fakultas Sains dan Teknologi/S1 Sistem Informasi
UHN,0,1,institution + program + accreditation_status + graduation_predicate + faculty_program_name,Sistem Informasi,,Baik Sekali,Sangat Memuaskan,Fakultas Sains dan Teknologi/S1 Sistem Informasi
UHN,0,1,institution + program + accreditation_status + graduation_predicate + faculty_program_name,Sistem Informasi,,Terakreditasi,Dengan Pujian,Fakultas Sains dan Teknologi/S1 Sistem Informasi
UHN,0,2,institution + program + accreditation_status + graduation_predicate + faculty_program_name,Teknik Elektronika,,Baik,Dengan Pujian,Sekolah Vokasi/D3 Teknik Elektronika
UHN,0,2,institution + program + accreditation_status + graduation_predicate + faculty_program_name,Teknik Elektronika,,Baik,Sangat Memuaskan,Sekolah Vokasi/D3 Teknik Elektronika
UHN,0,2,institution + program + accreditation_status + graduation_predicate + faculty_program_name,Teknik Elektronika,,Baik Sekali,Dengan Pujian,Sekolah Vokasi/D3 Teknik Elektronika
UHN,0,1,institution + program + accreditation_status + graduation_predicate + faculty_program_name,Teknik Elektronika,,Baik Sekali,Sangat Memuaskan,Sekolah Vokasi/D3 Teknik Elektronika
UHN,0,4,institution + program + accreditation_status + graduation_predicate + faculty_program_name,Teknik Elektronika,,Terakreditasi,Dengan Pujian,Sekolah Vokasi/D3 Teknik Elektronika
UHN,1,13,institution + program + accreditation_status + graduation_predicate + faculty_program_name,Teknik Elektronika,,Terakreditasi,Dengan Pujian,Sekolah Vokasi/D3 Teknik Elektronika
UHN,0,3,institution + program + accreditation_status + graduation_predicate + faculty_program_name,Teknik Elektronika,,Terakreditasi,Sangat Memuaskan,Sekolah Vokasi/D3 Teknik Elektronika
UHN,1,8,institution + program + accreditation_status + graduation_predicate + faculty_program_name,Teknik Elektronika,,Terakreditasi,Sangat Memuaskan,Sekolah Vokasi/D3 Teknik Elektronika
UHN,0,9,institution + program + accreditation_status + graduation_predicate + faculty_program_name,Teknik Informatika,,Baik,Dengan Pujian,Fakultas Sains dan Teknologi/S1 Teknik Informatika
UHN,1,29,institution + program + accreditation_status + graduation_predicate + faculty_program_name,Teknik Informatika,,Baik,Dengan Pujian,Fakultas Sains dan Teknologi/S1 Teknik Informatika
UHN,0,7,institution + program + accreditation_status + graduation_predicate + faculty_program_name,Teknik Informatika,,Baik,Dengan Pujian,Sekolah Vokasi/D4 Teknik Informatika
UHN,0,3,institution + program + accreditation_status + graduation_predicate + faculty_program_name,Teknik Informatika,,Baik,Sangat Memuaskan,Fakultas Sains dan Teknologi/S1 Teknik Informatika
UHN,1,7,institution + program + accreditation_status + graduation_predicate + faculty_program_name,Teknik Informatika,,Baik,Sangat Memuaskan,Fakultas Sains dan Teknologi/S1 Teknik Informatika
UHN,0,6,institution + program + accreditation_status + graduation_predicate + faculty_program_name,Teknik Informatika,,Baik,Sangat Memuaskan,Sekolah Vokasi/D4 Teknik Informatika
UHN,0,3,institution + program + accreditation_status + graduation_predicate + faculty_program_name,Teknik Informatika,,Baik Sekali,Dengan Pujian,Fakultas Sains dan Teknologi/S1 Teknik Informatika
UHN,0,14,institution + program + accreditation_status + graduation_predicate + faculty_program_name,Teknik Informatika,,Baik Sekali,Dengan Pujian,Sekolah Vokasi/D4 Teknik Informatika
UHN,1,49,institution + program + accreditation_status + graduation_predicate + faculty_program_name,Teknik Informatika,,Baik Sekali,Dengan Pujian,Sekolah Vokasi/D4 Teknik Informatika
UHN,0,1,institution + program + accreditation_status + graduation_predicate + faculty_program_name,Teknik Informatika,,Baik Sekali,Memuaskan,Sekolah Vokasi/D4 Teknik Informatika
UHN,1,1,institution + program + accreditation_status + graduation_predicate + faculty_program_name,Teknik Informatika,,Baik Sekali,Memuaskan,Sekolah Vokasi/D4 Teknik Informatika
UHN,0,13,institution + program + accreditation_status + graduation_predicate + faculty_program_name,Teknik Informatika,,Baik Sekali,Sangat Memuaskan,Sekolah Vokasi/D4 Teknik Informatika
UHN,1,32,institution + program + accreditation_status + graduation_predicate + faculty_program_name,Teknik Informatika,,Baik Sekali,Sangat Memuaskan,Sekolah Vokasi/D4 Teknik Informatika
UHN,0,7,institution + program + accreditation_status + graduation_predicate + faculty_program_name,Teknik Informatika,,Terakreditasi,Dengan Pujian,Fakultas Sains dan Teknologi/S1 Teknik Informatika
UHN,0,8,institution + program + accreditation_status + graduation_predicate + faculty_program_name,Teknik Informatika,,Terakreditasi,Dengan Pujian,Sekolah Vokasi/D4 Teknik Informatika
UHN,0,2,institution + program + accreditation_status + graduation_predicate + faculty_program_name,Teknik Informatika,,Terakreditasi,Sangat Memuaskan,Fakultas Sains dan Teknologi/S1 Teknik Informatika
UHN,0,6,institution + program + accreditation_status + graduation_predicate + faculty_program_name,Teknik Informatika,,Terakreditasi,Sangat Memuaskan,Sekolah Vokasi/D4 Teknik Informatika
UHN,0,19,institution + program + accreditation_status + graduation_predicate + faculty_program_name,Teknik Komputer,,Baik,Dengan Pujian,Sekolah Vokasi/D3 Teknik Komputer
UHN,0,7,institution + program + accreditation_status + graduation_predicate + faculty_program_name,Teknik Komputer,,Baik,Sangat Memuaskan,Sekolah Vokasi/D3 Teknik Komputer
UHN,0,41,institution + program + accreditation_status + graduation_predicate + faculty_program_name,Teknik Komputer,,Baik Sekali,Dengan Pujian,Sekolah Vokasi/D3 Teknik Komputer
UHN,1,111,institution + program + accreditation_status + graduation_predicate + faculty_program_name,Teknik Komputer,,Baik Sekali,Dengan Pujian,Sekolah Vokasi/D3 Teknik Komputer
UHN,0,11,institution + program + accreditation_status + graduation_predicate + faculty_program_name,Teknik Komputer,,Baik Sekali,Sangat Memuaskan,Sekolah Vokasi/D3 Teknik Komputer
UHN,1,45,institution + program + accreditation_status + graduation_predicate + faculty_program_name,Teknik Komputer,,Baik Sekali,Sangat Memuaskan,Sekolah Vokasi/D3 Teknik Komputer
UHN,0,16,institution + program + accreditation_status + graduation_predicate + faculty_program_name,Teknik Komputer,,Terakreditasi,Dengan Pujian,Sekolah Vokasi/D3 Teknik Komputer
UHN,0,10,institution + program + accreditation_status + graduation_predicate + faculty_program_name,Teknik Komputer,,Terakreditasi,Sangat Memuaskan,Sekolah Vokasi/D3 Teknik Komputer
UHN,0,4,institution + program + accreditation_status + graduation_predicate + faculty_program_name,Teknik Mesin,,Baik,Dengan Pujian,Sekolah Vokasi/D3 Teknik Mesin
UHN,0,2,institution + program + accreditation_status + graduation_predicate + faculty_program_name,Teknik Mesin,,Baik,Sangat Memuaskan,Sekolah Vokasi/D3 Teknik Mesin
UHN,0,5,institution + program + accreditation_status + graduation_predicate + faculty_program_name,Teknik Mesin,,Baik Sekali,Dengan Pujian,Sekolah Vokasi/D3 Teknik Mesin
UHN,1,24,institution + program + accreditation_status + graduation_predicate + faculty_program_name,Teknik Mesin,,Baik Sekali,Dengan Pujian,Sekolah Vokasi/D3 Teknik Mesin
UHN,0,10,institution + program + accreditation_status + graduation_predicate + faculty_program_name,Teknik Mesin,,Baik Sekali,Sangat Memuaskan,Sekolah Vokasi/D3 Teknik Mesin
UHN,1,23,institution + program + accreditation_status + graduation_predicate + faculty_program_name,Teknik Mesin,,Baik Sekali,Sangat Memuaskan,Sekolah Vokasi/D3 Teknik Mesin
UHN,0,5,institution + program + accreditation_status + graduation_predicate + faculty_program_name,Teknik Mesin,,Terakreditasi,Dengan Pujian,Sekolah Vokasi/D3 Teknik Mesin
UHN,0,5,institution + program + accreditation_status + graduation_predicate + faculty_program_name,Teknik Mesin,,Terakreditasi,Sangat Memuaskan,Sekolah Vokasi/D3 Teknik Mesin
PMKM,0,39,institution + education_level + accreditation_status + graduation_predicate + faculty_program_name,,Diploma 3,Baik,__MISSING__,__MISSING__
PMKM,1,116,institution + education_level + accreditation_status + graduation_predicate + faculty_program_name,,Diploma 3,Baik,__MISSING__,__MISSING__
PMKM,0,21,institution + education_level + accreditation_status + graduation_predicate + faculty_program_name,,Diploma 3,Baik Sekali,__MISSING__,__MISSING__
PMKM,0,18,institution + education_level + accreditation_status + graduation_predicate + faculty_program_name,,Diploma 3,Terakreditasi,__MISSING__,__MISSING__
PMKM,0,9,institution + education_level + accreditation_status + graduation_predicate + faculty_program_name,,Diploma Tiga,Baik,__MISSING__,__MISSING__
PMKM,0,16,institution + education_level + accreditation_status + graduation_predicate + faculty_program_name,,Sarjana,Baik,__MISSING__,__MISSING__
PMKM,0,13,institution + education_level + accreditation_status + graduation_predicate + faculty_program_name,,Sarjana Terapan,Baik,__MISSING__,__MISSING__
UHN,0,2,institution + education_level + accreditation_status + graduation_predicate + faculty_program_name,,Diploma 3,Baik,Dengan Pujian,Fakultas Sains dan Teknologi/S1 Sistem Informasi
UHN,0,4,institution + education_level + accreditation_status + graduation_predicate + faculty_program_name,,Diploma 3,Baik,Dengan Pujian,Fakultas Sains dan Teknologi/S1 Teknik Informatika
UHN,0,1,institution + education_level + accreditation_status + graduation_predicate + faculty_program_name,,Diploma 3,Baik,Dengan Pujian,Sekolah Vokasi/D3 Desain Komunikasi Visual
UHN,0,1,institution + education_level + accreditation_status + graduation_predicate + faculty_program_name,,Diploma 3,Baik,Dengan Pujian,Sekolah Vokasi/D3 Keperawatan
UHN,0,1,institution + education_level + accreditation_status + graduation_predicate + faculty_program_name,,Diploma 3,Baik,Dengan Pujian,Sekolah Vokasi/D3 Perhotelan
UHN,0,1,institution + education_level + accreditation_status + graduation_predicate + faculty_program_name,,Diploma 3,Baik,Dengan Pujian,Sekolah Vokasi/D4 Akuntansi Sektor Publik
UHN,0,2,institution + education_level + accreditation_status + graduation_predicate + faculty_program_name,,Diploma 3,Baik,Sangat Memuaskan,Fakultas Sains dan Teknologi/S1 Teknik Informatika
UHN,0,9,institution + education_level + accreditation_status + graduation_predicate + faculty_program_name,,Diploma 3,Baik,Sangat Memuaskan,Sekolah Vokasi/D3 Desain Komunikasi Visual
UHN,0,2,institution + education_level + accreditation_status + graduation_predicate + faculty_program_name,,Diploma 3,Baik,Sangat Memuaskan,Sekolah Vokasi/D3 Keperawatan
UHN,0,1,institution + education_level + accreditation_status + graduation_predicate + faculty_program_name,,Diploma 3,Baik,Sangat Memuaskan,Sekolah Vokasi/D3 Perhotelan
UHN,0,11,institution + education_level + accreditation_status + graduation_predicate + faculty_program_name,,Diploma 3,Baik Sekali,Dengan Pujian,Sekolah Vokasi/D3 Akuntansi
UHN,0,6,institution + education_level + accreditation_status + graduation_predicate + faculty_program_name,,Diploma 3,Baik Sekali,Dengan Pujian,Sekolah Vokasi/D3 Farmasi
UHN,0,1,institution + education_level + accreditation_status + graduation_predicate + faculty_program_name,,Diploma 3,Baik Sekali,Dengan Pujian,Sekolah Vokasi/D3 Kebidanan
UHN,0,13,institution + education_level + accreditation_status + graduation_predicate + faculty_program_name,,Diploma 3,Baik Sekali,Dengan Pujian,Sekolah Vokasi/D3 Teknik Komputer
UHN,0,1,institution + education_level + accreditation_status + graduation_predicate + faculty_program_name,,Diploma 3,Baik Sekali,Dengan Pujian,Sekolah Vokasi/D3 Teknik Mesin
UHN,0,7,institution + education_level + accreditation_status + graduation_predicate + faculty_program_name,,Diploma 3,Baik Sekali,Dengan Pujian,Sekolah Vokasi/D4 Teknik Informatika
UHN,0,3,institution + education_level + accreditation_status + graduation_predicate + faculty_program_name,,Diploma 3,Baik Sekali,Sangat Memuaskan,Sekolah Vokasi/D3 Akuntansi
UHN,0,13,institution + education_level + accreditation_status + graduation_predicate + faculty_program_name,,Diploma 3,Baik Sekali,Sangat Memuaskan,Sekolah Vokasi/D3 Farmasi
UHN,0,1,institution + education_level + accreditation_status + graduation_predicate + faculty_program_name,,Diploma 3,Baik Sekali,Sangat Memuaskan,Sekolah Vokasi/D3 Kebidanan
UHN,0,2,institution + education_level + accreditation_status + graduation_predicate + faculty_program_name,,Diploma 3,Baik Sekali,Sangat Memuaskan,Sekolah Vokasi/D3 Teknik Komputer
UHN,0,5,institution + education_level + accreditation_status + graduation_predicate + faculty_program_name,,Diploma 3,Baik Sekali,Sangat Memuaskan,Sekolah Vokasi/D3 Teknik Mesin
UHN,0,8,institution + education_level + accreditation_status + graduation_predicate + faculty_program_name,,Diploma 3,Baik Sekali,Sangat Memuaskan,Sekolah Vokasi/D4 Teknik Informatika
UHN,0,1,institution + education_level + accreditation_status + graduation_predicate + faculty_program_name,,Diploma Tiga,Baik,Dengan Pujian,Fakultas Sains dan Teknologi/S1 Sistem Informasi
UHN,0,5,institution + education_level + accreditation_status + graduation_predicate + faculty_program_name,,Diploma Tiga,Baik,Dengan Pujian,Fakultas Sains dan Teknologi/S1 Teknik Informatika
UHN,0,24,institution + education_level + accreditation_status + graduation_predicate + faculty_program_name,,Diploma Tiga,Baik,Dengan Pujian,Sekolah Vokasi/D3 Akuntansi
UHN,0,7,institution + education_level + accreditation_status + graduation_predicate + faculty_program_name,,Diploma Tiga,Baik,Dengan Pujian,Sekolah Vokasi/D3 Desain Komunikasi Visual
UHN,1,12,institution + education_level + accreditation_status + graduation_predicate + faculty_program_name,,Diploma Tiga,Baik,Dengan Pujian,Sekolah Vokasi/D3 Desain Komunikasi Visual
UHN,0,11,institution + education_level + accreditation_status + graduation_predicate + faculty_program_name,,Diploma Tiga,Baik,Dengan Pujian,Sekolah Vokasi/D3 Farmasi
UHN,0,2,institution + education_level + accreditation_status + graduation_predicate + faculty_program_name,,Diploma Tiga,Baik,Dengan Pujian,Sekolah Vokasi/D3 Kebidanan
UHN,0,9,institution + education_level + accreditation_status + graduation_predicate + faculty_program_name,,Diploma Tiga,Baik,Dengan Pujian,Sekolah Vokasi/D3 Keperawatan
UHN,1,29,institution + education_level + accreditation_status + graduation_predicate + faculty_program_name,,Diploma Tiga,Baik,Dengan Pujian,Sekolah Vokasi/D3 Keperawatan
UHN,0,3,institution + education_level + accreditation_status + graduation_predicate + faculty_program_name,,Diploma Tiga,Baik,Dengan Pujian,Sekolah Vokasi/D3 Perhotelan
UHN,1,5,institution + education_level + accreditation_status + graduation_predicate + faculty_program_name,,Diploma Tiga,Baik,Dengan Pujian,Sekolah Vokasi/D3 Perhotelan
UHN,0,2,institution + education_level + accreditation_status + graduation_predicate + faculty_program_name,,Diploma Tiga,Baik,Dengan Pujian,Sekolah Vokasi/D3 Teknik Elektronika
UHN,0,19,institution + education_level + accreditation_status + graduation_predicate + faculty_program_name,,Diploma Tiga,Baik,Dengan Pujian,Sekolah Vokasi/D3 Teknik Komputer
UHN,0,4,institution + education_level + accreditation_status + graduation_predicate + faculty_program_name,,Diploma Tiga,Baik,Dengan Pujian,Sekolah Vokasi/D3 Teknik Mesin
UHN,0,1,institution + education_level + accreditation_status + graduation_predicate + faculty_program_name,,Diploma Tiga,Baik,Dengan Pujian,Sekolah Vokasi/D4 Akuntansi Sektor Publik
UHN,1,2,institution + education_level + accreditation_status + graduation_predicate + faculty_program_name,,Diploma Tiga,Baik,Memuaskan,Sekolah Vokasi/D3 Desain Komunikasi Visual
UHN,0,1,institution + education_level + accreditation_status + graduation_predicate + faculty_program_name,,Diploma Tiga,Baik,Sangat Memuaskan,Fakultas Sains dan Teknologi/S1 Teknik Informatika
UHN,0,5,institution + education_level + accreditation_status + graduation_predicate + faculty_program_name,,Diploma Tiga,Baik,Sangat Memuaskan,Sekolah Vokasi/D3 Akuntansi
UHN,0,10,institution + education_level + accreditation_status + graduation_predicate + faculty_program_name,,Diploma Tiga,Baik,Sangat Memuaskan,Sekolah Vokasi/D3 Desain Komunikasi Visual
UHN,1,36,institution + education_level + accreditation_status + graduation_predicate + faculty_program_name,,Diploma Tiga,Baik,Sangat Memuaskan,Sekolah Vokasi/D3 Desain Komunikasi Visual
UHN,0,8,institution + education_level + accreditation_status + graduation_predicate + faculty_program_name,,Diploma Tiga,Baik,Sangat Memuaskan,Sekolah Vokasi/D3 Farmasi
UHN,0,1,institution + education_level + accreditation_status + graduation_predicate + faculty_program_name,,Diploma Tiga,Baik,Sangat Memuaskan,Sekolah Vokasi/D3 Kebidanan
UHN,0,6,institution + education_level + accreditation_status + graduation_predicate + faculty_program_name,,Diploma Tiga,Baik,Sangat Memuaskan,Sekolah Vokasi/D3 Keperawatan
UHN,1,17,institution + education_level + accreditation_status + graduation_predicate + faculty_program_name,,Diploma Tiga,Baik,Sangat Memuaskan,Sekolah Vokasi/D3 Keperawatan
UHN,1,5,institution + education_level + accreditation_status + graduation_predicate + faculty_program_name,,Diploma Tiga,Baik,Sangat Memuaskan,Sekolah Vokasi/D3 Perhotelan
UHN,0,2,institution + education_level + accreditation_status + graduation_predicate + faculty_program_name,,Diploma Tiga,Baik,Sangat Memuaskan,Sekolah Vokasi/D3 Teknik Elektronika
UHN,0,7,institution + education_level + accreditation_status + graduation_predicate + faculty_program_name,,Diploma Tiga,Baik,Sangat Memuaskan,Sekolah Vokasi/D3 Teknik Komputer
UHN,0,2,institution + education_level + accreditation_status + graduation_predicate + faculty_program_name,,Diploma Tiga,Baik,Sangat Memuaskan,Sekolah Vokasi/D3 Teknik Mesin
UHN,0,40,institution + education_level + accreditation_status + graduation_predicate + faculty_program_name,,Diploma Tiga,Baik Sekali,Dengan Pujian,Sekolah Vokasi/D3 Akuntansi
UHN,1,109,institution + education_level + accreditation_status + graduation_predicate + faculty_program_name,,Diploma Tiga,Baik Sekali,Dengan Pujian,Sekolah Vokasi/D3 Akuntansi
UHN,0,15,institution + education_level + accreditation_status + graduation_predicate + faculty_program_name,,Diploma Tiga,Baik Sekali,Dengan Pujian,Sekolah Vokasi/D3 Farmasi
UHN,1,47,institution + education_level + accreditation_status + graduation_predicate + faculty_program_name,,Diploma Tiga,Baik Sekali,Dengan Pujian,Sekolah Vokasi/D3 Farmasi
UHN,0,3,institution + education_level + accreditation_status + graduation_predicate + faculty_program_name,,Diploma Tiga,Baik Sekali,Dengan Pujian,Sekolah Vokasi/D3 Kebidanan
UHN,1,9,institution + education_level + accreditation_status + graduation_predicate + faculty_program_name,,Diploma Tiga,Baik Sekali,Dengan Pujian,Sekolah Vokasi/D3 Kebidanan
UHN,0,5,institution + education_level + accreditation_status + graduation_predicate + faculty_program_name,,Diploma Tiga,Baik Sekali,Dengan Pujian,Sekolah Vokasi/D3 Keperawatan
UHN,0,2,institution + education_level + accreditation_status + graduation_predicate + faculty_program_name,,Diploma Tiga,Baik Sekali,Dengan Pujian,Sekolah Vokasi/D3 Teknik Elektronika
UHN,0,35,institution + education_level + accreditation_status + graduation_predicate + faculty_program_name,,Diploma Tiga,Baik Sekali,Dengan Pujian,Sekolah Vokasi/D3 Teknik Komputer
UHN,1,111,institution + education_level + accreditation_status + graduation_predicate + faculty_program_name,,Diploma Tiga,Baik Sekali,Dengan Pujian,Sekolah Vokasi/D3 Teknik Komputer
UHN,0,10,institution + education_level + accreditation_status + graduation_predicate + faculty_program_name,,Diploma Tiga,Baik Sekali,Dengan Pujian,Sekolah Vokasi/D3 Teknik Mesin
UHN,1,24,institution + education_level + accreditation_status + graduation_predicate + faculty_program_name,,Diploma Tiga,Baik Sekali,Dengan Pujian,Sekolah Vokasi/D3 Teknik Mesin
UHN,0,7,institution + education_level + accreditation_status + graduation_predicate + faculty_program_name,,Diploma Tiga,Baik Sekali,Dengan Pujian,Sekolah Vokasi/D4 Teknik Informatika
UHN,0,1,institution + education_level + accreditation_status + graduation_predicate + faculty_program_name,,Diploma Tiga,Baik Sekali,Memuaskan,Sekolah Vokasi/D4 Teknik Informatika
UHN,0,5,institution + education_level + accreditation_status + graduation_predicate + faculty_program_name,,Diploma Tiga,Baik Sekali,Sangat Memuaskan,Sekolah Vokasi/D3 Akuntansi
UHN,1,28,institution + education_level + accreditation_status + graduation_predicate + faculty_program_name,,Diploma Tiga,Baik Sekali,Sangat Memuaskan,Sekolah Vokasi/D3 Akuntansi
UHN,0,8,institution + education_level + accreditation_status + graduation_predicate + faculty_program_name,,Diploma Tiga,Baik Sekali,Sangat Memuaskan,Sekolah Vokasi/D3 Desain Komunikasi Visual
UHN,0,28,institution + education_level + accreditation_status + graduation_predicate + faculty_program_name,,Diploma Tiga,Baik Sekali,Sangat Memuaskan,Sekolah Vokasi/D3 Farmasi
UHN,1,80,institution + education_level + accreditation_status + graduation_predicate + faculty_program_name,,Diploma Tiga,Baik Sekali,Sangat Memuaskan,Sekolah Vokasi/D3 Farmasi
UHN,0,2,institution + education_level + accreditation_status + graduation_predicate + faculty_program_name,,Diploma Tiga,Baik Sekali,Sangat Memuaskan,Sekolah Vokasi/D3 Kebidanan
UHN,1,5,institution + education_level + accreditation_status + graduation_predicate + faculty_program_name,,Diploma Tiga,Baik Sekali,Sangat Memuaskan,Sekolah Vokasi/D3 Kebidanan
UHN,0,5,institution + education_level + accreditation_status + graduation_predicate + faculty_program_name,,Diploma Tiga,Baik Sekali,Sangat Memuaskan,Sekolah Vokasi/D3 Keperawatan
UHN,0,1,institution + education_level + accreditation_status + graduation_predicate + faculty_program_name,,Diploma Tiga,Baik Sekali,Sangat Memuaskan,Sekolah Vokasi/D3 Perhotelan
UHN,0,1,institution + education_level + accreditation_status + graduation_predicate + faculty_program_name,,Diploma Tiga,Baik Sekali,Sangat Memuaskan,Sekolah Vokasi/D3 Teknik Elektronika
UHN,0,17,institution + education_level + accreditation_status + graduation_predicate + faculty_program_name,,Diploma Tiga,Baik Sekali,Sangat Memuaskan,Sekolah Vokasi/D3 Teknik Komputer
UHN,1,45,institution + education_level + accreditation_status + graduation_predicate + faculty_program_name,,Diploma Tiga,Baik Sekali,Sangat Memuaskan,Sekolah Vokasi/D3 Teknik Komputer
UHN,0,6,institution + education_level + accreditation_status + graduation_predicate + faculty_program_name,,Diploma Tiga,Baik Sekali,Sangat Memuaskan,Sekolah Vokasi/D3 Teknik Mesin
UHN,1,23,institution + education_level + accreditation_status + graduation_predicate + faculty_program_name,,Diploma Tiga,Baik Sekali,Sangat Memuaskan,Sekolah Vokasi/D3 Teknik Mesin
UHN,0,5,institution + education_level + accreditation_status + graduation_predicate + faculty_program_name,,Diploma Tiga,Baik Sekali,Sangat Memuaskan,Sekolah Vokasi/D4 Teknik Informatika
UHN,0,10,institution + education_level + accreditation_status + graduation_predicate + faculty_program_name,,Diploma Tiga,Terakreditasi,Dengan Pujian,Sekolah Vokasi/D3 Akuntansi
UHN,0,2,institution + education_level + accreditation_status + graduation_predicate + faculty_program_name,,Diploma Tiga,Terakreditasi,Dengan Pujian,Sekolah Vokasi/D3 Desain Komunikasi Visual
UHN,0,8,institution + education_level + accreditation_status + graduation_predicate + faculty_program_name,,Diploma Tiga,Terakreditasi,Dengan Pujian,Sekolah Vokasi/D3 Farmasi
UHN,0,1,institution + education_level + accreditation_status + graduation_predicate + faculty_program_name,,Diploma Tiga,Terakreditasi,Dengan Pujian,Sekolah Vokasi/D3 Kebidanan
UHN,0,5,institution + education_level + accreditation_status + graduation_predicate + faculty_program_name,,Diploma Tiga,Terakreditasi,Dengan Pujian,Sekolah Vokasi/D3 Keperawatan
UHN,0,1,institution + education_level + accreditation_status + graduation_predicate + faculty_program_name,,Diploma Tiga,Terakreditasi,Dengan Pujian,Sekolah Vokasi/D3 Perhotelan
UHN,0,5,institution + education_level + accreditation_status + graduation_predicate + faculty_program_name,,Diploma Tiga,Terakreditasi,Dengan Pujian,Sekolah Vokasi/D3 Teknik Elektronika
UHN,1,13,institution + education_level + accreditation_status + graduation_predicate + faculty_program_name,,Diploma Tiga,Terakreditasi,Dengan Pujian,Sekolah Vokasi/D3 Teknik Elektronika
UHN,0,16,institution + education_level + accreditation_status + graduation_predicate + faculty_program_name,,Diploma Tiga,Terakreditasi,Dengan Pujian,Sekolah Vokasi/D3 Teknik Komputer
UHN,0,5,institution + education_level + accreditation_status + graduation_predicate + faculty_program_name,,Diploma Tiga,Terakreditasi,Dengan Pujian,Sekolah Vokasi/D3 Teknik Mesin
UHN,0,2,institution + education_level + accreditation_status + graduation_predicate + faculty_program_name,,Diploma Tiga,Terakreditasi,Memuaskan,Sekolah Vokasi/D3 Desain Komunikasi Visual
UHN,0,7,institution + education_level + accreditation_status + graduation_predicate + faculty_program_name,,Diploma Tiga,Terakreditasi,Sangat Memuaskan,Sekolah Vokasi/D3 Akuntansi
UHN,0,5,institution + education_level + accreditation_status + graduation_predicate + faculty_program_name,,Diploma Tiga,Terakreditasi,Sangat Memuaskan,Sekolah Vokasi/D3 Desain Komunikasi Visual
UHN,0,15,institution + education_level + accreditation_status + graduation_predicate + faculty_program_name,,Diploma Tiga,Terakreditasi,Sangat Memuaskan,Sekolah Vokasi/D3 Farmasi
UHN,0,1,institution + education_level + accreditation_status + graduation_predicate + faculty_program_name,,Diploma Tiga,Terakreditasi,Sangat Memuaskan,Sekolah Vokasi/D3 Keperawatan
UHN,0,1,institution + education_level + accreditation_status + graduation_predicate + faculty_program_name,,Diploma Tiga,Terakreditasi,Sangat Memuaskan,Sekolah Vokasi/D3 Perhotelan
UHN,0,2,institution + education_level + accreditation_status + graduation_predicate + faculty_program_name,,Diploma Tiga,Terakreditasi,Sangat Memuaskan,Sekolah Vokasi/D3 Teknik Elektronika
UHN,1,8,institution + education_level + accreditation_status + graduation_predicate + faculty_program_name,,Diploma Tiga,Terakreditasi,Sangat Memuaskan,Sekolah Vokasi/D3 Teknik Elektronika
UHN,0,10,institution + education_level + accreditation_status + graduation_predicate + faculty_program_name,,Diploma Tiga,Terakreditasi,Sangat Memuaskan,Sekolah Vokasi/D3 Teknik Komputer
UHN,0,5,institution + education_level + accreditation_status + graduation_predicate + faculty_program_name,,Diploma Tiga,Terakreditasi,Sangat Memuaskan,Sekolah Vokasi/D3 Teknik Mesin
UHN,0,2,institution + education_level + accreditation_status + graduation_predicate + faculty_program_name,,Sarjana,Baik,Dengan Pujian,Fakultas Sains dan Teknologi/S1 Sistem Informasi
UHN,1,6,institution + education_level + accreditation_status + graduation_predicate + faculty_program_name,,Sarjana,Baik,Dengan Pujian,Fakultas Sains dan Teknologi/S1 Sistem Informasi
UHN,0,10,institution + education_level + accreditation_status + graduation_predicate + faculty_program_name,,Sarjana,Baik,Dengan Pujian,Fakultas Sains dan Teknologi/S1 Teknik Informatika
UHN,1,29,institution + education_level + accreditation_status + graduation_predicate + faculty_program_name,,Sarjana,Baik,Dengan Pujian,Fakultas Sains dan Teknologi/S1 Teknik Informatika
UHN,0,1,institution + education_level + accreditation_status + graduation_predicate + faculty_program_name,,Sarjana,Baik,Dengan Pujian,Sekolah Vokasi/D3 Desain Komunikasi Visual
UHN,0,6,institution + education_level + accreditation_status + graduation_predicate + faculty_program_name,,Sarjana,Baik,Dengan Pujian,Sekolah Vokasi/D3 Keperawatan
UHN,0,2,institution + education_level + accreditation_status + graduation_predicate + faculty_program_name,,Sarjana,Baik,Dengan Pujian,Sekolah Vokasi/D4 Akuntansi Sektor Publik
UHN,1,1,institution + education_level + accreditation_status + graduation_predicate + faculty_program_name,,Sarjana,Baik,Sangat Memuaskan,Fakultas Sains dan Teknologi/S1 Sistem Informasi
UHN,0,2,institution + education_level + accreditation_status + graduation_predicate + faculty_program_name,,Sarjana,Baik,Sangat Memuaskan,Fakultas Sains dan Teknologi/S1 Teknik Informatika
UHN,1,7,institution + education_level + accreditation_status + graduation_predicate + faculty_program_name,,Sarjana,Baik,Sangat Memuaskan,Fakultas Sains dan Teknologi/S1 Teknik Informatika
UHN,0,2,institution + education_level + accreditation_status + graduation_predicate + faculty_program_name,,Sarjana,Baik,Sangat Memuaskan,Sekolah Vokasi/D3 Desain Komunikasi Visual
UHN,0,3,institution + education_level + accreditation_status + graduation_predicate + faculty_program_name,,Sarjana,Baik,Sangat Memuaskan,Sekolah Vokasi/D3 Keperawatan
UHN,0,1,institution + education_level + accreditation_status + graduation_predicate + faculty_program_name,,Sarjana,Baik,Sangat Memuaskan,Sekolah Vokasi/D3 Perhotelan
UHN,0,3,institution + education_level + accreditation_status + graduation_predicate + faculty_program_name,,Sarjana,Baik Sekali,Dengan Pujian,Fakultas Sains dan Teknologi/S1 Teknik Informatika
UHN,0,12,institution + education_level + accreditation_status + graduation_predicate + faculty_program_name,,Sarjana,Baik Sekali,Dengan Pujian,Sekolah Vokasi/D3 Akuntansi
UHN,0,4,institution + education_level + accreditation_status + graduation_predicate + faculty_program_name,,Sarjana,Baik Sekali,Dengan Pujian,Sekolah Vokasi/D3 Farmasi
UHN,0,1,institution + education_level + accreditation_status + graduation_predicate + faculty_program_name,,Sarjana,Baik Sekali,Dengan Pujian,Sekolah Vokasi/D3 Kebidanan
UHN,0,8,institution + education_level + accreditation_status + graduation_predicate + faculty_program_name,,Sarjana,Baik Sekali,Dengan Pujian,Sekolah Vokasi/D3 Teknik Komputer
UHN,0,2,institution + education_level + accreditation_status + graduation_predicate + faculty_program_name,,Sarjana,Baik Sekali,Dengan Pujian,Sekolah Vokasi/D3 Teknik Mesin
UHN,0,1,institution + education_level + accreditation_status + graduation_predicate + faculty_program_name,,Sarjana,Baik Sekali,Sangat Memuaskan,Fakultas Sains dan Teknologi/S1 Sistem Informasi
UHN,0,3,institution + education_level + accreditation_status + graduation_predicate + faculty_program_name,,Sarjana,Baik Sekali,Sangat Memuaskan,Sekolah Vokasi/D3 Akuntansi
UHN,0,7,institution + education_level + accreditation_status + graduation_predicate + faculty_program_name,,Sarjana,Baik Sekali,Sangat Memuaskan,Sekolah Vokasi/D3 Farmasi
UHN,0,1,institution + education_level + accreditation_status + graduation_predicate + faculty_program_name,,Sarjana,Baik Sekali,Sangat Memuaskan,Sekolah Vokasi/D3 Kebidanan
UHN,0,4,institution + education_level + accreditation_status + graduation_predicate + faculty_program_name,,Sarjana,Baik Sekali,Sangat Memuaskan,Sekolah Vokasi/D3 Teknik Komputer
UHN,0,4,institution + education_level + accreditation_status + graduation_predicate + faculty_program_name,,Sarjana,Baik Sekali,Sangat Memuaskan,Sekolah Vokasi/D3 Teknik Mesin
UHN,0,1,institution + education_level + accreditation_status + graduation_predicate + faculty_program_name,,Sarjana,Terakreditasi,Dengan Pujian,Fakultas Sains dan Teknologi/S1 Sistem Informasi
UHN,0,7,institution + education_level + accreditation_status + graduation_predicate + faculty_program_name,,Sarjana,Terakreditasi,Dengan Pujian,Fakultas Sains dan Teknologi/S1 Teknik Informatika
UHN,0,3,institution + education_level + accreditation_status + graduation_predicate + faculty_program_name,,Sarjana,Terakreditasi,Dengan Pujian,Sekolah Vokasi/D3 Teknik Elektronika
UHN,0,2,institution + education_level + accreditation_status + graduation_predicate + faculty_program_name,,Sarjana,Terakreditasi,Sangat Memuaskan,Fakultas Sains dan Teknologi/S1 Teknik Informatika
UHN,0,1,institution + education_level + accreditation_status + graduation_predicate + faculty_program_name,,Sarjana,Terakreditasi,Sangat Memuaskan,Sekolah Vokasi/D3 Teknik Elektronika
UHN,0,1,institution + education_level + accreditation_status + graduation_predicate + faculty_program_name,,Sarjana Terapan,Baik,Dengan Pujian,Sekolah Vokasi/D3 Desain Komunikasi Visual
UHN,0,3,institution + education_level + accreditation_status + graduation_predicate + faculty_program_name,,Sarjana Terapan,Baik,Dengan Pujian,Sekolah Vokasi/D3 Keperawatan
UHN,0,3,institution + education_level + accreditation_status + graduation_predicate + faculty_program_name,,Sarjana Terapan,Baik,Dengan Pujian,Sekolah Vokasi/D4 Akuntansi Sektor Publik
UHN,1,10,institution + education_level + accreditation_status + graduation_predicate + faculty_program_name,,Sarjana Terapan,Baik,Dengan Pujian,Sekolah Vokasi/D4 Akuntansi Sektor Publik
UHN,0,7,institution + education_level + accreditation_status + graduation_predicate + faculty_program_name,,Sarjana Terapan,Baik,Dengan Pujian,Sekolah Vokasi/D4 Teknik Informatika
UHN,0,2,institution + education_level + accreditation_status + graduation_predicate + faculty_program_name,,Sarjana Terapan,Baik,Sangat Memuaskan,Sekolah Vokasi/D3 Desain Komunikasi Visual
UHN,0,1,institution + education_level + accreditation_status + graduation_predicate + faculty_program_name,,Sarjana Terapan,Baik,Sangat Memuaskan,Sekolah Vokasi/D3 Perhotelan
UHN,0,1,institution + education_level + accreditation_status + graduation_predicate + faculty_program_name,,Sarjana Terapan,Baik,Sangat Memuaskan,Sekolah Vokasi/D4 Akuntansi Sektor Publik
UHN,1,3,institution + education_level + accreditation_status + graduation_predicate + faculty_program_name,,Sarjana Terapan,Baik,Sangat Memuaskan,Sekolah Vokasi/D4 Akuntansi Sektor Publik
UHN,0,6,institution + education_level + accreditation_status + graduation_predicate + faculty_program_name,,Sarjana Terapan,Baik,Sangat Memuaskan,Sekolah Vokasi/D4 Teknik Informatika
UHN,0,12,institution + education_level + accreditation_status + graduation_predicate + faculty_program_name,,Sarjana Terapan,Baik Sekali,Dengan Pujian,Sekolah Vokasi/D3 Akuntansi
UHN,0,3,institution + education_level + accreditation_status + graduation_predicate + faculty_program_name,,Sarjana Terapan,Baik Sekali,Dengan Pujian,Sekolah Vokasi/D3 Farmasi
UHN,0,1,institution + education_level + accreditation_status + graduation_predicate + faculty_program_name,,Sarjana Terapan,Baik Sekali,Dengan Pujian,Sekolah Vokasi/D3 Kebidanan
UHN,0,20,institution + education_level + accreditation_status + graduation_predicate + faculty_program_name,,Sarjana Terapan,Baik Sekali,Dengan Pujian,Sekolah Vokasi/D3 Teknik Komputer
UHN,0,2,institution + education_level + accreditation_status + graduation_predicate + faculty_program_name,,Sarjana Terapan,Baik Sekali,Dengan Pujian,Sekolah Vokasi/D3 Teknik Mesin
UHN,0,1,institution + education_level + accreditation_status + graduation_predicate + faculty_program_name,,Sarjana Terapan,Baik Sekali,Dengan Pujian,Sekolah Vokasi/D4 Akuntansi Sektor Publik
UHN,0,20,institution + education_level + accreditation_status + graduation_predicate + faculty_program_name,,Sarjana Terapan,Baik Sekali,Dengan Pujian,Sekolah Vokasi/D4 Teknik Informatika
UHN,1,49,institution + education_level + accreditation_status + graduation_predicate + faculty_program_name,,Sarjana Terapan,Baik Sekali,Dengan Pujian,Sekolah Vokasi/D4 Teknik Informatika
UHN,1,1,institution + education_level + accreditation_status + graduation_predicate + faculty_program_name,,Sarjana Terapan,Baik Sekali,Memuaskan,Sekolah Vokasi/D4 Teknik Informatika
UHN,0,5,institution + education_level + accreditation_status + graduation_predicate + faculty_program_name,,Sarjana Terapan,Baik Sekali,Sangat Memuaskan,Sekolah Vokasi/D3 Akuntansi
UHN,0,9,institution + education_level + accreditation_status + graduation_predicate + faculty_program_name,,Sarjana Terapan,Baik Sekali,Sangat Memuaskan,Sekolah Vokasi/D3 Farmasi
UHN,0,5,institution + education_level + accreditation_status + graduation_predicate + faculty_program_name,,Sarjana Terapan,Baik Sekali,Sangat Memuaskan,Sekolah Vokasi/D3 Teknik Komputer
UHN,0,1,institution + education_level + accreditation_status + graduation_predicate + faculty_program_name,,Sarjana Terapan,Baik Sekali,Sangat Memuaskan,Sekolah Vokasi/D3 Teknik Mesin
UHN,0,1,institution + education_level + accreditation_status + graduation_predicate + faculty_program_name,,Sarjana Terapan,Baik Sekali,Sangat Memuaskan,Sekolah Vokasi/D4 Akuntansi Sektor Publik
UHN,0,7,institution + education_level + accreditation_status + graduation_predicate + faculty_program_name,,Sarjana Terapan,Baik Sekali,Sangat Memuaskan,Sekolah Vokasi/D4 Teknik Informatika
UHN,1,32,institution + education_level + accreditation_status + graduation_predicate + faculty_program_name,,Sarjana Terapan,Baik Sekali,Sangat Memuaskan,Sekolah Vokasi/D4 Teknik Informatika
UHN,0,1,institution + education_level + accreditation_status + graduation_predicate + faculty_program_name,,Sarjana Terapan,Terakreditasi,Dengan Pujian,Sekolah Vokasi/D3 Teknik Elektronika
UHN,0,2,institution + education_level + accreditation_status + graduation_predicate + faculty_program_name,,Sarjana Terapan,Terakreditasi,Dengan Pujian,Sekolah Vokasi/D4 Akuntansi Sektor Publik
UHN,0,8,institution + education_level + accreditation_status + graduation_predicate + faculty_program_name,,Sarjana Terapan,Terakreditasi,Dengan Pujian,Sekolah Vokasi/D4 Teknik Informatika
UHN,0,2,institution + education_level + accreditation_status + graduation_predicate + faculty_program_name,,Sarjana Terapan,Terakreditasi,Sangat Memuaskan,Sekolah Vokasi/D3 Teknik Elektronika
UHN,0,1,institution + education_level + accreditation_status + graduation_predicate + faculty_program_name,,Sarjana Terapan,Terakreditasi,Sangat Memuaskan,Sekolah Vokasi/D4 Akuntansi Sektor Publik
UHN,0,6,institution + education_level + accreditation_status + graduation_predicate + faculty_program_name,,Sarjana Terapan,Terakreditasi,Sangat Memuaskan,Sekolah Vokasi/D4 Teknik Informatika
,0,8,program + education_level + accreditation_status + graduation_predicate + faculty_program_name,Akuntansi,Diploma 3,Baik,__MISSING__,__MISSING__
,0,11,program + education_level + accreditation_status + graduation_predicate + faculty_program_name,Akuntansi,Diploma 3,Baik Sekali,Dengan Pujian,Sekolah Vokasi/D3 Akuntansi
,0,3,program + education_level + accreditation_status + graduation_predicate + faculty_program_name,Akuntansi,Diploma 3,Baik Sekali,Sangat Memuaskan,Sekolah Vokasi/D3 Akuntansi
,0,24,program + education_level + accreditation_status + graduation_predicate + faculty_program_name,Akuntansi,Diploma Tiga,Baik,Dengan Pujian,Sekolah Vokasi/D3 Akuntansi
,0,5,program + education_level + accreditation_status + graduation_predicate + faculty_program_name,Akuntansi,Diploma Tiga,Baik,Sangat Memuaskan,Sekolah Vokasi/D3 Akuntansi
,1,109,program + education_level + accreditation_status + graduation_predicate + faculty_program_name,Akuntansi,Diploma Tiga,Baik Sekali,Dengan Pujian,Sekolah Vokasi/D3 Akuntansi
,1,28,program + education_level + accreditation_status + graduation_predicate + faculty_program_name,Akuntansi,Diploma Tiga,Baik Sekali,Sangat Memuaskan,Sekolah Vokasi/D3 Akuntansi
,0,10,program + education_level + accreditation_status + graduation_predicate + faculty_program_name,Akuntansi,Diploma Tiga,Terakreditasi,Dengan Pujian,Sekolah Vokasi/D3 Akuntansi
,0,7,program + education_level + accreditation_status + graduation_predicate + faculty_program_name,Akuntansi,Diploma Tiga,Terakreditasi,Sangat Memuaskan,Sekolah Vokasi/D3 Akuntansi
,0,12,program + education_level + accreditation_status + graduation_predicate + faculty_program_name,Akuntansi,Sarjana,Baik Sekali,Dengan Pujian,Sekolah Vokasi/D3 Akuntansi
,0,3,program + education_level + accreditation_status + graduation_predicate + faculty_program_name,Akuntansi,Sarjana,Baik Sekali,Sangat Memuaskan,Sekolah Vokasi/D3 Akuntansi
,0,12,program + education_level + accreditation_status + graduation_predicate + faculty_program_name,Akuntansi,Sarjana Terapan,Baik Sekali,Dengan Pujian,Sekolah Vokasi/D3 Akuntansi
,0,5,program + education_level + accreditation_status + graduation_predicate + faculty_program_name,Akuntansi,Sarjana Terapan,Baik Sekali,Sangat Memuaskan,Sekolah Vokasi/D3 Akuntansi
,0,1,program + education_level + accreditation_status + graduation_predicate + faculty_program_name,Akuntansi Sektor Publik,Diploma 3,Baik,Dengan Pujian,Sekolah Vokasi/D4 Akuntansi Sektor Publik
,0,1,program + education_level + accreditation_status + graduation_predicate + faculty_program_name,Akuntansi Sektor Publik,Diploma 3,Baik,__MISSING__,__MISSING__
,0,1,program + education_level + accreditation_status + graduation_predicate + faculty_program_name,Akuntansi Sektor Publik,Diploma Tiga,Baik,Dengan Pujian,Sekolah Vokasi/D4 Akuntansi Sektor Publik
,0,2,program + education_level + accreditation_status + graduation_predicate + faculty_program_name,Akuntansi Sektor Publik,Sarjana,Baik,Dengan Pujian,Sekolah Vokasi/D4 Akuntansi Sektor Publik
,1,10,program + education_level + accreditation_status + graduation_predicate + faculty_program_name,Akuntansi Sektor Publik,Sarjana Terapan,Baik,Dengan Pujian,Sekolah Vokasi/D4 Akuntansi Sektor Publik
,1,3,program + education_level + accreditation_status + graduation_predicate + faculty_program_name,Akuntansi Sektor Publik,Sarjana Terapan,Baik,Sangat Memuaskan,Sekolah Vokasi/D4 Akuntansi Sektor Publik
,0,1,program + education_level + accreditation_status + graduation_predicate + faculty_program_name,Akuntansi Sektor Publik,Sarjana Terapan,Baik Sekali,Dengan Pujian,Sekolah Vokasi/D4 Akuntansi Sektor Publik
,0,1,program + education_level + accreditation_status + graduation_predicate + faculty_program_name,Akuntansi Sektor Publik,Sarjana Terapan,Baik Sekali,Sangat Memuaskan,Sekolah Vokasi/D4 Akuntansi Sektor Publik
,0,2,program + education_level + accreditation_status + graduation_predicate + faculty_program_name,Akuntansi Sektor Publik,Sarjana Terapan,Terakreditasi,Dengan Pujian,Sekolah Vokasi/D4 Akuntansi Sektor Publik
,0,1,program + education_level + accreditation_status + graduation_predicate + faculty_program_name,Akuntansi Sektor Publik,Sarjana Terapan,Terakreditasi,Sangat Memuaskan,Sekolah Vokasi/D4 Akuntansi Sektor Publik
,1,58,program + education_level + accreditation_status + graduation_predicate + faculty_program_name,Analis Kesehatan,Diploma 3,Baik,__MISSING__,__MISSING__
,0,10,program + education_level + accreditation_status + graduation_predicate + faculty_program_name,Analis Kesehatan,Diploma 3,Baik Sekali,__MISSING__,__MISSING__
,0,10,program + education_level + accreditation_status + graduation_predicate + faculty_program_name,Analis Kesehatan,Diploma 3,Terakreditasi,__MISSING__,__MISSING__
,0,3,program + education_level + accreditation_status + graduation_predicate + faculty_program_name,Analis Kesehatan,Diploma Tiga,Baik,Dengan Pujian,Sekolah Vokasi/D3 Desain Komunikasi Visual
,0,4,program + education_level + accreditation_status + graduation_predicate + faculty_program_name,Analis Kesehatan,Diploma Tiga,Baik,Dengan Pujian,Sekolah Vokasi/D3 Keperawatan
,0,2,program + education_level + accreditation_status + graduation_predicate + faculty_program_name,Analis Kesehatan,Diploma Tiga,Baik,Dengan Pujian,Sekolah Vokasi/D3 Perhotelan
,0,6,program + education_level + accreditation_status + graduation_predicate + faculty_program_name,Analis Kesehatan,Diploma Tiga,Baik,Sangat Memuaskan,Sekolah Vokasi/D3 Desain Komunikasi Visual
,0,3,program + education_level + accreditation_status + graduation_predicate + faculty_program_name,Analis Kesehatan,Diploma Tiga,Baik,Sangat Memuaskan,Sekolah Vokasi/D3 Keperawatan
,0,4,program + education_level + accreditation_status + graduation_predicate + faculty_program_name,Analis Kesehatan,Diploma Tiga,Baik,__MISSING__,__MISSING__
,0,25,program + education_level + accreditation_status + graduation_predicate + faculty_program_name,Analis Kesehatan,Diploma Tiga,Baik Sekali,Dengan Pujian,Sekolah Vokasi/D3 Akuntansi
,0,6,program + education_level + accreditation_status + graduation_predicate + faculty_program_name,Analis Kesehatan,Diploma Tiga,Baik Sekali,Dengan Pujian,Sekolah Vokasi/D3 Farmasi
,0,3,program + education_level + accreditation_status + graduation_predicate + faculty_program_name,Analis Kesehatan,Diploma Tiga,Baik Sekali,Dengan Pujian,Sekolah Vokasi/D3 Kebidanan
,0,18,program + education_level + accreditation_status + graduation_predicate + faculty_program_name,Analis Kesehatan,Diploma Tiga,Baik Sekali,Dengan Pujian,Sekolah Vokasi/D3 Teknik Komputer
,0,7,program + education_level + accreditation_status + graduation_predicate + faculty_program_name,Analis Kesehatan,Diploma Tiga,Baik Sekali,Dengan Pujian,Sekolah Vokasi/D3 Teknik Mesin
,0,2,program + education_level + accreditation_status + graduation_predicate + faculty_program_name,Analis Kesehatan,Diploma Tiga,Baik Sekali,Sangat Memuaskan,Sekolah Vokasi/D3 Akuntansi
,0,13,program + education_level + accreditation_status + graduation_predicate + faculty_program_name,Analis Kesehatan,Diploma Tiga,Baik Sekali,Sangat Memuaskan,Sekolah Vokasi/D3 Farmasi
,0,1,program + education_level + accreditation_status + graduation_predicate + faculty_program_name,Analis Kesehatan,Diploma Tiga,Baik Sekali,Sangat Memuaskan,Sekolah Vokasi/D3 Kebidanan
,0,6,program + education_level + accreditation_status + graduation_predicate + faculty_program_name,Analis Kesehatan,Diploma Tiga,Baik Sekali,Sangat Memuaskan,Sekolah Vokasi/D3 Teknik Komputer
,0,2,program + education_level + accreditation_status + graduation_predicate + faculty_program_name,Analis Kesehatan,Diploma Tiga,Baik Sekali,Sangat Memuaskan,Sekolah Vokasi/D3 Teknik Mesin
,0,4,program + education_level + accreditation_status + graduation_predicate + faculty_program_name,Analis Kesehatan,Diploma Tiga,Terakreditasi,Dengan Pujian,Sekolah Vokasi/D3 Teknik Elektronika
,0,2,program + education_level + accreditation_status + graduation_predicate + faculty_program_name,Analis Kesehatan,Diploma Tiga,Terakreditasi,Sangat Memuaskan,Sekolah Vokasi/D3 Teknik Elektronika
,0,2,program + education_level + accreditation_status + graduation_predicate + faculty_program_name,Analis Kesehatan,Sarjana,Baik,Dengan Pujian,Fakultas Sains dan Teknologi/S1 Sistem Informasi
,0,6,program + education_level + accreditation_status + graduation_predicate + faculty_program_name,Analis Kesehatan,Sarjana,Baik,Dengan Pujian,Fakultas Sains dan Teknologi/S1 Teknik Informatika
,0,2,program + education_level + accreditation_status + graduation_predicate + faculty_program_name,Analis Kesehatan,Sarjana,Baik,Sangat Memuaskan,Fakultas Sains dan Teknologi/S1 Teknik Informatika
,0,10,program + education_level + accreditation_status + graduation_predicate + faculty_program_name,Analis Kesehatan,Sarjana,Baik,__MISSING__,__MISSING__
,0,1,program + education_level + accreditation_status + graduation_predicate + faculty_program_name,Analis Kesehatan,Sarjana Terapan,Baik,Sangat Memuaskan,Sekolah Vokasi/D4 Akuntansi Sektor Publik
,0,5,program + education_level + accreditation_status + graduation_predicate + faculty_program_name,Analis Kesehatan,Sarjana Terapan,Baik,__MISSING__,__MISSING__
,0,9,program + education_level + accreditation_status + graduation_predicate + faculty_program_name,Analis Kesehatan,Sarjana Terapan,Baik Sekali,Dengan Pujian,Sekolah Vokasi/D4 Teknik Informatika
,0,3,program + education_level + accreditation_status + graduation_predicate + faculty_program_name,Analis Kesehatan,Sarjana Terapan,Baik Sekali,Sangat Memuaskan,Sekolah Vokasi/D4 Teknik Informatika
,0,1,program + education_level + accreditation_status + graduation_predicate + faculty_program_name,Desain Komunikasi Visual,Diploma 3,Baik,Dengan Pujian,Sekolah Vokasi/D3 Desain Komunikasi Visual
,0,9,program + education_level + accreditation_status + graduation_predicate + faculty_program_name,Desain Komunikasi Visual,Diploma 3,Baik,Sangat Memuaskan,Sekolah Vokasi/D3 Desain Komunikasi Visual
,0,6,program + education_level + accreditation_status + graduation_predicate + faculty_program_name,Desain Komunikasi Visual,Diploma 3,Baik,__MISSING__,__MISSING__
,1,12,program + education_level + accreditation_status + graduation_predicate + faculty_program_name,Desain Komunikasi Visual,Diploma Tiga,Baik,Dengan Pujian,Sekolah Vokasi/D3 Desain Komunikasi Visual
,1,2,program + education_level + accreditation_status + graduation_predicate + faculty_program_name,Desain Komunikasi Visual,Diploma Tiga,Baik,Memuaskan,Sekolah Vokasi/D3 Desain Komunikasi Visual
,1,36,program + education_level + accreditation_status + graduation_predicate + faculty_program_name,Desain Komunikasi Visual,Diploma Tiga,Baik,Sangat Memuaskan,Sekolah Vokasi/D3 Desain Komunikasi Visual
,0,8,program + education_level + accreditation_status + graduation_predicate + faculty_program_name,Desain Komunikasi Visual,Diploma Tiga,Baik Sekali,Sangat Memuaskan,Sekolah Vokasi/D3 Desain Komunikasi Visual
,0,2,program + education_level + accreditation_status + graduation_predicate + faculty_program_name,Desain Komunikasi Visual,Diploma Tiga,Terakreditasi,Dengan Pujian,Sekolah Vokasi/D3 Desain Komunikasi Visual
,0,2,program + education_level + accreditation_status + graduation_predicate + faculty_program_name,Desain Komunikasi Visual,Diploma Tiga,Terakreditasi,Memuaskan,Sekolah Vokasi/D3 Desain Komunikasi Visual
,0,5,program + education_level + accreditation_status + graduation_predicate + faculty_program_name,Desain Komunikasi Visual,Diploma Tiga,Terakreditasi,Sangat Memuaskan,Sekolah Vokasi/D3 Desain Komunikasi Visual
,0,1,program + education_level + accreditation_status + graduation_predicate + faculty_program_name,Desain Komunikasi Visual,Sarjana,Baik,Dengan Pujian,Sekolah Vokasi/D3 Desain Komunikasi Visual
,0,2,program + education_level + accreditation_status + graduation_predicate + faculty_program_name,Desain Komunikasi Visual,Sarjana,Baik,Sangat Memuaskan,Sekolah Vokasi/D3 Desain Komunikasi Visual
,0,1,program + education_level + accreditation_status + graduation_predicate + faculty_program_name,Desain Komunikasi Visual,Sarjana Terapan,Baik,Dengan Pujian,Sekolah Vokasi/D3 Desain Komunikasi Visual
,0,2,program + education_level + accreditation_status + graduation_predicate + faculty_program_name,Desain Komunikasi Visual,Sarjana Terapan,Baik,Sangat Memuaskan,Sekolah Vokasi/D3 Desain Komunikasi Visual
,1,46,program + education_level + accreditation_status + graduation_predicate + faculty_program_name,Farmasi,Diploma 3,Baik,__MISSING__,__MISSING__
,0,6,program + education_level + accreditation_status + graduation_predicate + faculty_program_name,Farmasi,Diploma 3,Baik Sekali,Dengan Pujian,Sekolah Vokasi/D3 Farmasi
,0,13,program + education_level + accreditation_status + graduation_predicate + faculty_program_name,Farmasi,Diploma 3,Baik Sekali,Sangat Memuaskan,Sekolah Vokasi/D3 Farmasi
,0,8,program + education_level + accreditation_status + graduation_predicate + faculty_program_name,Farmasi,Diploma 3,Baik Sekali,__MISSING__,__MISSING__
,0,7,program + education_level + accreditation_status + graduation_predicate + faculty_program_name,Farmasi,Diploma 3,Terakreditasi,__MISSING__,__MISSING__
,0,11,program + education_level + accreditation_status + graduation_predicate + faculty_program_name,Farmasi,Diploma Tiga,Baik,Dengan Pujian,Sekolah Vokasi/D3 Farmasi
,0,8,program + education_level + accreditation_status + graduation_predicate + faculty_program_name,Farmasi,Diploma Tiga,Baik,Sangat Memuaskan,Sekolah Vokasi/D3 Farmasi
,0,3,program + education_level + accreditation_status + graduation_predicate + faculty_program_name,Farmasi,Diploma Tiga,Baik,__MISSING__,__MISSING__
,1,47,program + education_level + accreditation_status + graduation_predicate + faculty_program_name,Farmasi,Diploma Tiga,Baik Sekali,Dengan Pujian,Sekolah Vokasi/D3 Farmasi
,1,80,program + education_level + accreditation_status + graduation_predicate + faculty_program_name,Farmasi,Diploma Tiga,Baik Sekali,Sangat Memuaskan,Sekolah Vokasi/D3 Farmasi
,0,8,program + education_level + accreditation_status + graduation_predicate + faculty_program_name,Farmasi,Diploma Tiga,Terakreditasi,Dengan Pujian,Sekolah Vokasi/D3 Farmasi
,0,15,program + education_level + accreditation_status + graduation_predicate + faculty_program_name,Farmasi,Diploma Tiga,Terakreditasi,Sangat Memuaskan,Sekolah Vokasi/D3 Farmasi
,0,6,program + education_level + accreditation_status + graduation_predicate + faculty_program_name,Farmasi,Sarjana,Baik,__MISSING__,__MISSING__
,0,4,program + education_level + accreditation_status + graduation_predicate + faculty_program_name,Farmasi,Sarjana,Baik Sekali,Dengan Pujian,Sekolah Vokasi/D3 Farmasi
,0,7,program + education_level + accreditation_status + graduation_predicate + faculty_program_name,Farmasi,Sarjana,Baik Sekali,Sangat Memuaskan,Sekolah Vokasi/D3 Farmasi
,0,6,program + education_level + accreditation_status + graduation_predicate + faculty_program_name,Farmasi,Sarjana Terapan,Baik,__MISSING__,__MISSING__
,0,3,program + education_level + accreditation_status + graduation_predicate + faculty_program_name,Farmasi,Sarjana Terapan,Baik Sekali,Dengan Pujian,Sekolah Vokasi/D3 Farmasi
,0,9,program + education_level + accreditation_status + graduation_predicate + faculty_program_name,Farmasi,Sarjana Terapan,Baik Sekali,Sangat Memuaskan,Sekolah Vokasi/D3 Farmasi
,0,3,program + education_level + accreditation_status + graduation_predicate + faculty_program_name,Kebidanan,Diploma 3,Baik,__MISSING__,__MISSING__
,0,1,program + education_level + accreditation_status + graduation_predicate + faculty_program_name,Kebidanan,Diploma 3,Baik Sekali,Dengan Pujian,Sekolah Vokasi/D3 Kebidanan
,0,1,program + education_level + accreditation_status + graduation_predicate + faculty_program_name,Kebidanan,Diploma 3,Baik Sekali,Sangat Memuaskan,Sekolah Vokasi/D3 Kebidanan
,0,2,program + education_level + accreditation_status + graduation_predicate + faculty_program_name,Kebidanan,Diploma Tiga,Baik,Dengan Pujian,Sekolah Vokasi/D3 Kebidanan
,0,1,program + education_level + accreditation_status + graduation_predicate + faculty_program_name,Kebidanan,Diploma Tiga,Baik,Sangat Memuaskan,Sekolah Vokasi/D3 Kebidanan
,1,9,program + education_level + accreditation_status + graduation_predicate + faculty_program_name,Kebidanan,Diploma Tiga,Baik Sekali,Dengan Pujian,Sekolah Vokasi/D3 Kebidanan
,1,5,program + education_level + accreditation_status + graduation_predicate + faculty_program_name,Kebidanan,Diploma Tiga,Baik Sekali,Sangat Memuaskan,Sekolah Vokasi/D3 Kebidanan
,0,1,program + education_level + accreditation_status + graduation_predicate + faculty_program_name,Kebidanan,Diploma Tiga,Terakreditasi,Dengan Pujian,Sekolah Vokasi/D3 Kebidanan
,0,1,program + education_level + accreditation_status + graduation_predicate + faculty_program_name,Kebidanan,Sarjana,Baik Sekali,Dengan Pujian,Sekolah Vokasi/D3 Kebidanan
,0,1,program + education_level + accreditation_status + graduation_predicate + faculty_program_name,Kebidanan,Sarjana,Baik Sekali,Sangat Memuaskan,Sekolah Vokasi/D3 Kebidanan
,0,1,program + education_level + accreditation_status + graduation_predicate + faculty_program_name,Kebidanan,Sarjana Terapan,Baik Sekali,Dengan Pujian,Sekolah Vokasi/D3 Kebidanan
,0,1,program + education_level + accreditation_status + graduation_predicate + faculty_program_name,Keperawatan,Diploma 3,Baik,Dengan Pujian,Sekolah Vokasi/D3 Keperawatan
,0,2,program + education_level + accreditation_status + graduation_predicate + faculty_program_name,Keperawatan,Diploma 3,Baik,Sangat Memuaskan,Sekolah Vokasi/D3 Keperawatan
,0,2,program + education_level + accreditation_status + graduation_predicate + faculty_program_name,Keperawatan,Diploma 3,Baik,__MISSING__,__MISSING__
,1,29,program + education_level + accreditation_status + graduation_predicate + faculty_program_name,Keperawatan,Diploma Tiga,Baik,Dengan Pujian,Sekolah Vokasi/D3 Keperawatan
,1,17,program + education_level + accreditation_status + graduation_predicate + faculty_program_name,Keperawatan,Diploma Tiga,Baik,Sangat Memuaskan,Sekolah Vokasi/D3 Keperawatan
,0,5,program + education_level + accreditation_status + graduation_predicate + faculty_program_name,Keperawatan,Diploma Tiga,Baik Sekali,Dengan Pujian,Sekolah Vokasi/D3 Keperawatan
,0,5,program + education_level + accreditation_status + graduation_predicate + faculty_program_name,Keperawatan,Diploma Tiga,Baik Sekali,Sangat Memuaskan,Sekolah Vokasi/D3 Keperawatan
,0,5,program + education_level + accreditation_status + graduation_predicate + faculty_program_name,Keperawatan,Diploma Tiga,Terakreditasi,Dengan Pujian,Sekolah Vokasi/D3 Keperawatan
,0,1,program + education_level + accreditation_status + graduation_predicate + faculty_program_name,Keperawatan,Diploma Tiga,Terakreditasi,Sangat Memuaskan,Sekolah Vokasi/D3 Keperawatan
,0,6,program + education_level + accreditation_status + graduation_predicate + faculty_program_name,Keperawatan,Sarjana,Baik,Dengan Pujian,Sekolah Vokasi/D3 Keperawatan
,0,3,program + education_level + accreditation_status + graduation_predicate + faculty_program_name,Keperawatan,Sarjana,Baik,Sangat Memuaskan,Sekolah Vokasi/D3 Keperawatan
,0,3,program + education_level + accreditation_status + graduation_predicate + faculty_program_name,Keperawatan,Sarjana Terapan,Baik,Dengan Pujian,Sekolah Vokasi/D3 Keperawatan
,1,12,program + education_level + accreditation_status + graduation_predicate + faculty_program_name,Manajemen Informatika,Diploma 3,Baik,__MISSING__,__MISSING__
,0,3,program + education_level + accreditation_status + graduation_predicate + faculty_program_name,Manajemen Informatika,Diploma 3,Baik Sekali,__MISSING__,__MISSING__
,0,1,program + education_level + accreditation_status + graduation_predicate + faculty_program_name,Manajemen Informatika,Diploma 3,Terakreditasi,__MISSING__,__MISSING__
,0,4,program + education_level + accreditation_status + graduation_predicate + faculty_program_name,Manajemen Informatika,Diploma Tiga,Baik,Dengan Pujian,Sekolah Vokasi/D3 Desain Komunikasi Visual
,0,5,program + education_level + accreditation_status + graduation_predicate + faculty_program_name,Manajemen Informatika,Diploma Tiga,Baik,Dengan Pujian,Sekolah Vokasi/D3 Keperawatan
,0,1,program + education_level + accreditation_status + graduation_predicate + faculty_program_name,Manajemen Informatika,Diploma Tiga,Baik,Dengan Pujian,Sekolah Vokasi/D3 Perhotelan
,0,4,program + education_level + accreditation_status + graduation_predicate + faculty_program_name,Manajemen Informatika,Diploma Tiga,Baik,Sangat Memuaskan,Sekolah Vokasi/D3 Desain Komunikasi Visual
,0,3,program + education_level + accreditation_status + graduation_predicate + faculty_program_name,Manajemen Informatika,Diploma Tiga,Baik,Sangat Memuaskan,Sekolah Vokasi/D3 Keperawatan
,0,2,program + education_level + accreditation_status + graduation_predicate + faculty_program_name,Manajemen Informatika,Diploma Tiga,Baik,__MISSING__,__MISSING__
,0,15,program + education_level + accreditation_status + graduation_predicate + faculty_program_name,Manajemen Informatika,Diploma Tiga,Baik Sekali,Dengan Pujian,Sekolah Vokasi/D3 Akuntansi
,0,9,program + education_level + accreditation_status + graduation_predicate + faculty_program_name,Manajemen Informatika,Diploma Tiga,Baik Sekali,Dengan Pujian,Sekolah Vokasi/D3 Farmasi
,0,17,program + education_level + accreditation_status + graduation_predicate + faculty_program_name,Manajemen Informatika,Diploma Tiga,Baik Sekali,Dengan Pujian,Sekolah Vokasi/D3 Teknik Komputer
,0,3,program + education_level + accreditation_status + graduation_predicate + faculty_program_name,Manajemen Informatika,Diploma Tiga,Baik Sekali,Dengan Pujian,Sekolah Vokasi/D3 Teknik Mesin
,0,3,program + education_level + accreditation_status + graduation_predicate + faculty_program_name,Manajemen Informatika,Diploma Tiga,Baik Sekali,Sangat Memuaskan,Sekolah Vokasi/D3 Akuntansi
,0,15,program + education_level + accreditation_status + graduation_predicate + faculty_program_name,Manajemen Informatika,Diploma Tiga,Baik Sekali,Sangat Memuaskan,Sekolah Vokasi/D3 Farmasi
,0,1,program + education_level + accreditation_status + graduation_predicate + faculty_program_name,Manajemen Informatika,Diploma Tiga,Baik Sekali,Sangat Memuaskan,Sekolah Vokasi/D3 Kebidanan
,0,11,program + education_level + accreditation_status + graduation_predicate + faculty_program_name,Manajemen Informatika,Diploma Tiga,Baik Sekali,Sangat Memuaskan,Sekolah Vokasi/D3 Teknik Komputer
,0,4,program + education_level + accreditation_status + graduation_predicate + faculty_program_name,Manajemen Informatika,Diploma Tiga,Baik Sekali,Sangat Memuaskan,Sekolah Vokasi/D3 Teknik Mesin
,0,1,program + education_level + accreditation_status + graduation_predicate + faculty_program_name,Manajemen Informatika,Diploma Tiga,Terakreditasi,Dengan Pujian,Sekolah Vokasi/D3 Teknik Elektronika
,0,4,program + education_level + accreditation_status + graduation_predicate + faculty_program_name,Manajemen Informatika,Sarjana,Baik,Dengan Pujian,Fakultas Sains dan Teknologi/S1 Teknik Informatika
,0,3,program + education_level + accreditation_status + graduation_predicate + faculty_program_name,Manajemen Informatika,Sarjana Terapan,Baik,Dengan Pujian,Sekolah Vokasi/D4 Akuntansi Sektor Publik
,0,2,program + education_level + accreditation_status + graduation_predicate + faculty_program_name,Manajemen Informatika,Sarjana Terapan,Baik,__MISSING__,__MISSING__
,0,11,program + education_level + accreditation_status + graduation_predicate + faculty_program_name,Manajemen Informatika,Sarjana Terapan,Baik Sekali,Dengan Pujian,Sekolah Vokasi/D4 Teknik Informatika
,0,4,program + education_level + accreditation_status + graduation_predicate + faculty_program_name,Manajemen Informatika,Sarjana Terapan,Baik Sekali,Sangat Memuaskan,Sekolah Vokasi/D4 Teknik Informatika
,0,1,program + education_level + accreditation_status + graduation_predicate + faculty_program_name,Perhotelan,Diploma 3,Baik,Dengan Pujian,Sekolah Vokasi/D3 Perhotelan
,0,1,program + education_level + accreditation_status + graduation_predicate + faculty_program_name,Perhotelan,Diploma 3,Baik,Sangat Memuaskan,Sekolah Vokasi/D3 Perhotelan
,0,1,program + education_level + accreditation_status + graduation_predicate + faculty_program_name,Perhotelan,Diploma 3,Baik,__MISSING__,__MISSING__
,1,5,program + education_level + accreditation_status + graduation_predicate + faculty_program_name,Perhotelan,Diploma Tiga,Baik,Dengan Pujian,Sekolah Vokasi/D3 Perhotelan
,1,5,program + education_level + accreditation_status + graduation_predicate + faculty_program_name,Perhotelan,Diploma Tiga,Baik,Sangat Memuaskan,Sekolah Vokasi/D3 Perhotelan
,0,1,program + education_level + accreditation_status + graduation_predicate + faculty_program_name,Perhotelan,Diploma Tiga,Baik Sekali,Sangat Memuaskan,Sekolah Vokasi/D3 Perhotelan
,0,1,program + education_level + accreditation_status + graduation_predicate + faculty_program_name,Perhotelan,Diploma Tiga,Terakreditasi,Dengan Pujian,Sekolah Vokasi/D3 Perhotelan
,0,1,program + education_level + accreditation_status + graduation_predicate + faculty_program_name,Perhotelan,Diploma Tiga,Terakreditasi,Sangat Memuaskan,Sekolah Vokasi/D3 Perhotelan
,0,1,program + education_level + accreditation_status + graduation_predicate + faculty_program_name,Perhotelan,Sarjana,Baik,Sangat Memuaskan,Sekolah Vokasi/D3 Perhotelan
,0,1,program + education_level + accreditation_status + graduation_predicate + faculty_program_name,Perhotelan,Sarjana Terapan,Baik,Sangat Memuaskan,Sekolah Vokasi/D3 Perhotelan
,0,2,program + education_level + accreditation_status + graduation_predicate + faculty_program_name,Sistem Informasi,Diploma 3,Baik,Dengan Pujian,Fakultas Sains dan Teknologi/S1 Sistem Informasi
,0,3,program + education_level + accreditation_status + graduation_predicate + faculty_program_name,Sistem Informasi,Diploma 3,Baik,__MISSING__,__MISSING__
,0,1,program + education_level + accreditation_status + graduation_predicate + faculty_program_name,Sistem Informasi,Diploma Tiga,Baik,Dengan Pujian,Fakultas Sains dan Teknologi/S1 Sistem Informasi
,1,6,program + education_level + accreditation_status + graduation_predicate + faculty_program_name,Sistem Informasi,Sarjana,Baik,Dengan Pujian,Fakultas Sains dan Teknologi/S1 Sistem Informasi
,1,1,program + education_level + accreditation_status + graduation_predicate + faculty_program_name,Sistem Informasi,Sarjana,Baik,Sangat Memuaskan,Fakultas Sains dan Teknologi/S1 Sistem Informasi
,0,1,program + education_level + accreditation_status + graduation_predicate + faculty_program_name,Sistem Informasi,Sarjana,Baik Sekali,Sangat Memuaskan,Fakultas Sains dan Teknologi/S1 Sistem Informasi
,0,1,program + education_level + accreditation_status + graduation_predicate + faculty_program_name,Sistem Informasi,Sarjana,Terakreditasi,Dengan Pujian,Fakultas Sains dan Teknologi/S1 Sistem Informasi
,0,3,program + education_level + accreditation_status + graduation_predicate + faculty_program_name,Teknik Elektronika,Diploma 3,Baik,__MISSING__,__MISSING__
,0,2,program + education_level + accreditation_status + graduation_predicate + faculty_program_name,Teknik Elektronika,Diploma Tiga,Baik,Dengan Pujian,Sekolah Vokasi/D3 Teknik Elektronika
,0,2,program + education_level + accreditation_status + graduation_predicate + faculty_program_name,Teknik Elektronika,Diploma Tiga,Baik,Sangat Memuaskan,Sekolah Vokasi/D3 Teknik Elektronika
,0,2,program + education_level + accreditation_status + graduation_predicate + faculty_program_name,Teknik Elektronika,Diploma Tiga,Baik Sekali,Dengan Pujian,Sekolah Vokasi/D3 Teknik Elektronika
,0,1,program + education_level + accreditation_status + graduation_predicate + faculty_program_name,Teknik Elektronika,Diploma Tiga,Baik Sekali,Sangat Memuaskan,Sekolah Vokasi/D3 Teknik Elektronika
,1,13,program + education_level + accreditation_status + graduation_predicate + faculty_program_name,Teknik Elektronika,Diploma Tiga,Terakreditasi,Dengan Pujian,Sekolah Vokasi/D3 Teknik Elektronika
,1,8,program + education_level + accreditation_status + graduation_predicate + faculty_program_name,Teknik Elektronika,Diploma Tiga,Terakreditasi,Sangat Memuaskan,Sekolah Vokasi/D3 Teknik Elektronika
,0,3,program + education_level + accreditation_status + graduation_predicate + faculty_program_name,Teknik Elektronika,Sarjana,Terakreditasi,Dengan Pujian,Sekolah Vokasi/D3 Teknik Elektronika
,0,1,program + education_level + accreditation_status + graduation_predicate + faculty_program_name,Teknik Elektronika,Sarjana,Terakreditasi,Sangat Memuaskan,Sekolah Vokasi/D3 Teknik Elektronika
,0,1,program + education_level + accreditation_status + graduation_predicate + faculty_program_name,Teknik Elektronika,Sarjana Terapan,Terakreditasi,Dengan Pujian,Sekolah Vokasi/D3 Teknik Elektronika
,0,2,program + education_level + accreditation_status + graduation_predicate + faculty_program_name,Teknik Elektronika,Sarjana Terapan,Terakreditasi,Sangat Memuaskan,Sekolah Vokasi/D3 Teknik Elektronika
,0,4,program + education_level + accreditation_status + graduation_predicate + faculty_program_name,Teknik Informatika,Diploma 3,Baik,Dengan Pujian,Fakultas Sains dan Teknologi/S1 Teknik Informatika
,0,2,program + education_level + accreditation_status + graduation_predicate + faculty_program_name,Teknik Informatika,Diploma 3,Baik,Sangat Memuaskan,Fakultas Sains dan Teknologi/S1 Teknik Informatika
,0,6,program + education_level + accreditation_status + graduation_predicate + faculty_program_name,Teknik Informatika,Diploma 3,Baik,__MISSING__,__MISSING__
,0,7,program + education_level + accreditation_status + graduation_predicate + faculty_program_name,Teknik Informatika,Diploma 3,Baik Sekali,Dengan Pujian,Sekolah Vokasi/D4 Teknik Informatika
,0,8,program + education_level + accreditation_status + graduation_predicate + faculty_program_name,Teknik Informatika,Diploma 3,Baik Sekali,Sangat Memuaskan,Sekolah Vokasi/D4 Teknik Informatika
,0,5,program + education_level + accreditation_status + graduation_predicate + faculty_program_name,Teknik Informatika,Diploma Tiga,Baik,Dengan Pujian,Fakultas Sains dan Teknologi/S1 Teknik Informatika
,0,1,program + education_level + accreditation_status + graduation_predicate + faculty_program_name,Teknik Informatika,Diploma Tiga,Baik,Sangat Memuaskan,Fakultas Sains dan Teknologi/S1 Teknik Informatika
,0,7,program + education_level + accreditation_status + graduation_predicate + faculty_program_name,Teknik Informatika,Diploma Tiga,Baik Sekali,Dengan Pujian,Sekolah Vokasi/D4 Teknik Informatika
,0,1,program + education_level + accreditation_status + graduation_predicate + faculty_program_name,Teknik Informatika,Diploma Tiga,Baik Sekali,Memuaskan,Sekolah Vokasi/D4 Teknik Informatika
,0,5,program + education_level + accreditation_status + graduation_predicate + faculty_program_name,Teknik Informatika,Diploma Tiga,Baik Sekali,Sangat Memuaskan,Sekolah Vokasi/D4 Teknik Informatika
,1,29,program + education_level + accreditation_status + graduation_predicate + faculty_program_name,Teknik Informatika,Sarjana,Baik,Dengan Pujian,Fakultas Sains dan Teknologi/S1 Teknik Informatika
,1,7,program + education_level + accreditation_status + graduation_predicate + faculty_program_name,Teknik Informatika,Sarjana,Baik,Sangat Memuaskan,Fakultas Sains dan Teknologi/S1 Teknik Informatika
,0,3,program + education_level + accreditation_status + graduation_predicate + faculty_program_name,Teknik Informatika,Sarjana,Baik Sekali,Dengan Pujian,Fakultas Sains dan Teknologi/S1 Teknik Informatika
,0,7,program + education_level + accreditation_status + graduation_predicate + faculty_program_name,Teknik Informatika,Sarjana,Terakreditasi,Dengan Pujian,Fakultas Sains dan Teknologi/S1 Teknik Informatika
,0,2,program + education_level + accreditation_status + graduation_predicate + faculty_program_name,Teknik Informatika,Sarjana,Terakreditasi,Sangat Memuaskan,Fakultas Sains dan Teknologi/S1 Teknik Informatika
,0,7,program + education_level + accreditation_status + graduation_predicate + faculty_program_name,Teknik Informatika,Sarjana Terapan,Baik,Dengan Pujian,Sekolah Vokasi/D4 Teknik Informatika
,0,6,program + education_level + accreditation_status + graduation_predicate + faculty_program_name,Teknik Informatika,Sarjana Terapan,Baik,Sangat Memuaskan,Sekolah Vokasi/D4 Teknik Informatika
,1,49,program + education_level + accreditation_status + graduation_predicate + faculty_program_name,Teknik Informatika,Sarjana Terapan,Baik Sekali,Dengan Pujian,Sekolah Vokasi/D4 Teknik Informatika
,1,1,program + education_level + accreditation_status + graduation_predicate + faculty_program_name,Teknik Informatika,Sarjana Terapan,Baik Sekali,Memuaskan,Sekolah Vokasi/D4 Teknik Informatika
,1,32,program + education_level + accreditation_status + graduation_predicate + faculty_program_name,Teknik Informatika,Sarjana Terapan,Baik Sekali,Sangat Memuaskan,Sekolah Vokasi/D4 Teknik Informatika
,0,8,program + education_level + accreditation_status + graduation_predicate + faculty_program_name,Teknik Informatika,Sarjana Terapan,Terakreditasi,Dengan Pujian,Sekolah Vokasi/D4 Teknik Informatika
,0,6,program + education_level + accreditation_status + graduation_predicate + faculty_program_name,Teknik Informatika,Sarjana Terapan,Terakreditasi,Sangat Memuaskan,Sekolah Vokasi/D4 Teknik Informatika
,0,4,program + education_level + accreditation_status + graduation_predicate + faculty_program_name,Teknik Komputer,Diploma 3,Baik,__MISSING__,__MISSING__
,0,13,program + education_level + accreditation_status + graduation_predicate + faculty_program_name,Teknik Komputer,Diploma 3,Baik Sekali,Dengan Pujian,Sekolah Vokasi/D3 Teknik Komputer
,0,2,program + education_level + accreditation_status + graduation_predicate + faculty_program_name,Teknik Komputer,Diploma 3,Baik Sekali,Sangat Memuaskan,Sekolah Vokasi/D3 Teknik Komputer
,0,19,program + education_level + accreditation_status + graduation_predicate + faculty_program_name,Teknik Komputer,Diploma Tiga,Baik,Dengan Pujian,Sekolah Vokasi/D3 Teknik Komputer
,0,7,program + education_level + accreditation_status + graduation_predicate + faculty_program_name,Teknik Komputer,Diploma Tiga,Baik,Sangat Memuaskan,Sekolah Vokasi/D3 Teknik Komputer
,1,111,program + education_level + accreditation_status + graduation_predicate + faculty_program_name,Teknik Komputer,Diploma Tiga,Baik Sekali,Dengan Pujian,Sekolah Vokasi/D3 Teknik Komputer
,1,45,program + education_level + accreditation_status + graduation_predicate + faculty_program_name,Teknik Komputer,Diploma Tiga,Baik Sekali,Sangat Memuaskan,Sekolah Vokasi/D3 Teknik Komputer
,0,16,program + education_level + accreditation_status + graduation_predicate + faculty_program_name,Teknik Komputer,Diploma Tiga,Terakreditasi,Dengan Pujian,Sekolah Vokasi/D3 Teknik Komputer
,0,10,program + education_level + accreditation_status + graduation_predicate + faculty_program_name,Teknik Komputer,Diploma Tiga,Terakreditasi,Sangat Memuaskan,Sekolah Vokasi/D3 Teknik Komputer
,0,8,program + education_level + accreditation_status + graduation_predicate + faculty_program_name,Teknik Komputer,Sarjana,Baik Sekali,Dengan Pujian,Sekolah Vokasi/D3 Teknik Komputer
,0,4,program + education_level + accreditation_status + graduation_predicate + faculty_program_name,Teknik Komputer,Sarjana,Baik Sekali,Sangat Memuaskan,Sekolah Vokasi/D3 Teknik Komputer
,0,20,program + education_level + accreditation_status + graduation_predicate + faculty_program_name,Teknik Komputer,Sarjana Terapan,Baik Sekali,Dengan Pujian,Sekolah Vokasi/D3 Teknik Komputer
,0,5,program + education_level + accreditation_status + graduation_predicate + faculty_program_name,Teknik Komputer,Sarjana Terapan,Baik Sekali,Sangat Memuaskan,Sekolah Vokasi/D3 Teknik Komputer
,0,2,program + education_level + accreditation_status + graduation_predicate + faculty_program_name,Teknik Mesin,Diploma 3,Baik,__MISSING__,__MISSING__
,0,1,program + education_level + accreditation_status + graduation_predicate + faculty_program_name,Teknik Mesin,Diploma 3,Baik Sekali,Dengan Pujian,Sekolah Vokasi/D3 Teknik Mesin
,0,5,program + education_level + accreditation_status + graduation_predicate + faculty_program_name,Teknik Mesin,Diploma 3,Baik Sekali,Sangat Memuaskan,Sekolah Vokasi/D3 Teknik Mesin
,0,4,program + education_level + accreditation_status + graduation_predicate + faculty_program_name,Teknik Mesin,Diploma Tiga,Baik,Dengan Pujian,Sekolah Vokasi/D3 Teknik Mesin
,0,2,program + education_level + accreditation_status + graduation_predicate + faculty_program_name,Teknik Mesin,Diploma Tiga,Baik,Sangat Memuaskan,Sekolah Vokasi/D3 Teknik Mesin
,1,24,program + education_level + accreditation_status + graduation_predicate + faculty_program_name,Teknik Mesin,Diploma Tiga,Baik Sekali,Dengan Pujian,Sekolah Vokasi/D3 Teknik Mesin
,1,23,program + education_level + accreditation_status + graduation_predicate + faculty_program_name,Teknik Mesin,Diploma Tiga,Baik Sekali,Sangat Memuaskan,Sekolah Vokasi/D3 Teknik Mesin
,0,5,program + education_level + accreditation_status + graduation_predicate + faculty_program_name,Teknik Mesin,Diploma Tiga,Terakreditasi,Dengan Pujian,Sekolah Vokasi/D3 Teknik Mesin
,0,5,program + education_level + accreditation_status + graduation_predicate + faculty_program_name,Teknik Mesin,Diploma Tiga,Terakreditasi,Sangat Memuaskan,Sekolah Vokasi/D3 Teknik Mesin
,0,2,program + education_level + accreditation_status + graduation_predicate + faculty_program_name,Teknik Mesin,Sarjana,Baik Sekali,Dengan Pujian,Sekolah Vokasi/D3 Teknik Mesin
,0,4,program + education_level + accreditation_status + graduation_predicate + faculty_program_name,Teknik Mesin,Sarjana,Baik Sekali,Sangat Memuaskan,Sekolah Vokasi/D3 Teknik Mesin
,0,2,program + education_level + accreditation_status + graduation_predicate + faculty_program_name,Teknik Mesin,Sarjana Terapan,Baik Sekali,Dengan Pujian,Sekolah Vokasi/D3 Teknik Mesin
,0,1,program + education_level + accreditation_status + graduation_predicate + faculty_program_name,Teknik Mesin,Sarjana Terapan,Baik Sekali,Sangat Memuaskan,Sekolah Vokasi/D3 Teknik Mesin
PMKM,0,8,institution + program + education_level + accreditation_status + graduation_predicate + faculty_program_name,Akuntansi,Diploma 3,Baik,__MISSING__,__MISSING__
PMKM,0,1,institution + program + education_level + accreditation_status + graduation_predicate + faculty_program_name,Akuntansi Sektor Publik,Diploma 3,Baik,__MISSING__,__MISSING__
PMKM,1,58,institution + program + education_level + accreditation_status + graduation_predicate + faculty_program_name,Analis Kesehatan,Diploma 3,Baik,__MISSING__,__MISSING__
PMKM,0,10,institution + program + education_level + accreditation_status + graduation_predicate + faculty_program_name,Analis Kesehatan,Diploma 3,Baik Sekali,__MISSING__,__MISSING__
PMKM,0,10,institution + program + education_level + accreditation_status + graduation_predicate + faculty_program_name,Analis Kesehatan,Diploma 3,Terakreditasi,__MISSING__,__MISSING__
PMKM,0,4,institution + program + education_level + accreditation_status + graduation_predicate + faculty_program_name,Analis Kesehatan,Diploma Tiga,Baik,__MISSING__,__MISSING__
PMKM,0,10,institution + program + education_level + accreditation_status + graduation_predicate + faculty_program_name,Analis Kesehatan,Sarjana,Baik,__MISSING__,__MISSING__
PMKM,0,5,institution + program + education_level + accreditation_status + graduation_predicate + faculty_program_name,Analis Kesehatan,Sarjana Terapan,Baik,__MISSING__,__MISSING__
PMKM,0,6,institution + program + education_level + accreditation_status + graduation_predicate + faculty_program_name,Desain Komunikasi Visual,Diploma 3,Baik,__MISSING__,__MISSING__
PMKM,1,46,institution + program + education_level + accreditation_status + graduation_predicate + faculty_program_name,Farmasi,Diploma 3,Baik,__MISSING__,__MISSING__
PMKM,0,8,institution + program + education_level + accreditation_status + graduation_predicate + faculty_program_name,Farmasi,Diploma 3,Baik Sekali,__MISSING__,__MISSING__
PMKM,0,7,institution + program + education_level + accreditation_status + graduation_predicate + faculty_program_name,Farmasi,Diploma 3,Terakreditasi,__MISSING__,__MISSING__
PMKM,0,3,institution + program + education_level + accreditation_status + graduation_predicate + faculty_program_name,Farmasi,Diploma Tiga,Baik,__MISSING__,__MISSING__
PMKM,0,6,institution + program + education_level + accreditation_status + graduation_predicate + faculty_program_name,Farmasi,Sarjana,Baik,__MISSING__,__MISSING__
PMKM,0,6,institution + program + education_level + accreditation_status + graduation_predicate + faculty_program_name,Farmasi,Sarjana Terapan,Baik,__MISSING__,__MISSING__
PMKM,0,3,institution + program + education_level + accreditation_status + graduation_predicate + faculty_program_name,Kebidanan,Diploma 3,Baik,__MISSING__,__MISSING__
PMKM,0,2,institution + program + education_level + accreditation_status + graduation_predicate + faculty_program_name,Keperawatan,Diploma 3,Baik,__MISSING__,__MISSING__
PMKM,1,12,institution + program + education_level + accreditation_status + graduation_predicate + faculty_program_name,Manajemen Informatika,Diploma 3,Baik,__MISSING__,__MISSING__
PMKM,0,3,institution + program + education_level + accreditation_status + graduation_predicate + faculty_program_name,Manajemen Informatika,Diploma 3,Baik Sekali,__MISSING__,__MISSING__
PMKM,0,1,institution + program + education_level + accreditation_status + graduation_predicate + faculty_program_name,Manajemen Informatika,Diploma 3,Terakreditasi,__MISSING__,__MISSING__
PMKM,0,2,institution + program + education_level + accreditation_status + graduation_predicate + faculty_program_name,Manajemen Informatika,Diploma Tiga,Baik,__MISSING__,__MISSING__
PMKM,0,2,institution + program + education_level + accreditation_status + graduation_predicate + faculty_program_name,Manajemen Informatika,Sarjana Terapan,Baik,__MISSING__,__MISSING__
PMKM,0,1,institution + program + education_level + accreditation_status + graduation_predicate + faculty_program_name,Perhotelan,Diploma 3,Baik,__MISSING__,__MISSING__
PMKM,0,3,institution + program + education_level + accreditation_status + graduation_predicate + faculty_program_name,Sistem Informasi,Diploma 3,Baik,__MISSING__,__MISSING__
PMKM,0,3,institution + program + education_level + accreditation_status + graduation_predicate + faculty_program_name,Teknik Elektronika,Diploma 3,Baik,__MISSING__,__MISSING__
PMKM,0,6,institution + program + education_level + accreditation_status + graduation_predicate + faculty_program_name,Teknik Informatika,Diploma 3,Baik,__MISSING__,__MISSING__
PMKM,0,4,institution + program + education_level + accreditation_status + graduation_predicate + faculty_program_name,Teknik Komputer,Diploma 3,Baik,__MISSING__,__MISSING__
PMKM,0,2,institution + program + education_level + accreditation_status + graduation_predicate + faculty_program_name,Teknik Mesin,Diploma 3,Baik,__MISSING__,__MISSING__
UHN,0,11,institution + program + education_level + accreditation_status + graduation_predicate + faculty_program_name,Akuntansi,Diploma 3,Baik Sekali,Dengan Pujian,Sekolah Vokasi/D3 Akuntansi
UHN,0,3,institution + program + education_level + accreditation_status + graduation_predicate + faculty_program_name,Akuntansi,Diploma 3,Baik Sekali,Sangat Memuaskan,Sekolah Vokasi/D3 Akuntansi
UHN,0,24,institution + program + education_level + accreditation_status + graduation_predicate + faculty_program_name,Akuntansi,Diploma Tiga,Baik,Dengan Pujian,Sekolah Vokasi/D3 Akuntansi
UHN,0,5,institution + program + education_level + accreditation_status + graduation_predicate + faculty_program_name,Akuntansi,Diploma Tiga,Baik,Sangat Memuaskan,Sekolah Vokasi/D3 Akuntansi
UHN,1,109,institution + program + education_level + accreditation_status + graduation_predicate + faculty_program_name,Akuntansi,Diploma Tiga,Baik Sekali,Dengan Pujian,Sekolah Vokasi/D3 Akuntansi
UHN,1,28,institution + program + education_level + accreditation_status + graduation_predicate + faculty_program_name,Akuntansi,Diploma Tiga,Baik Sekali,Sangat Memuaskan,Sekolah Vokasi/D3 Akuntansi
UHN,0,10,institution + program + education_level + accreditation_status + graduation_predicate + faculty_program_name,Akuntansi,Diploma Tiga,Terakreditasi,Dengan Pujian,Sekolah Vokasi/D3 Akuntansi
UHN,0,7,institution + program + education_level + accreditation_status + graduation_predicate + faculty_program_name,Akuntansi,Diploma Tiga,Terakreditasi,Sangat Memuaskan,Sekolah Vokasi/D3 Akuntansi
UHN,0,12,institution + program + education_level + accreditation_status + graduation_predicate + faculty_program_name,Akuntansi,Sarjana,Baik Sekali,Dengan Pujian,Sekolah Vokasi/D3 Akuntansi
UHN,0,3,institution + program + education_level + accreditation_status + graduation_predicate + faculty_program_name,Akuntansi,Sarjana,Baik Sekali,Sangat Memuaskan,Sekolah Vokasi/D3 Akuntansi
UHN,0,12,institution + program + education_level + accreditation_status + graduation_predicate + faculty_program_name,Akuntansi,Sarjana Terapan,Baik Sekali,Dengan Pujian,Sekolah Vokasi/D3 Akuntansi
UHN,0,5,institution + program + education_level + accreditation_status + graduation_predicate + faculty_program_name,Akuntansi,Sarjana Terapan,Baik Sekali,Sangat Memuaskan,Sekolah Vokasi/D3 Akuntansi
UHN,0,1,institution + program + education_level + accreditation_status + graduation_predicate + faculty_program_name,Akuntansi Sektor Publik,Diploma 3,Baik,Dengan Pujian,Sekolah Vokasi/D4 Akuntansi Sektor Publik
UHN,0,1,institution + program + education_level + accreditation_status + graduation_predicate + faculty_program_name,Akuntansi Sektor Publik,Diploma Tiga,Baik,Dengan Pujian,Sekolah Vokasi/D4 Akuntansi Sektor Publik
UHN,0,2,institution + program + education_level + accreditation_status + graduation_predicate + faculty_program_name,Akuntansi Sektor Publik,Sarjana,Baik,Dengan Pujian,Sekolah Vokasi/D4 Akuntansi Sektor Publik
UHN,1,10,institution + program + education_level + accreditation_status + graduation_predicate + faculty_program_name,Akuntansi Sektor Publik,Sarjana Terapan,Baik,Dengan Pujian,Sekolah Vokasi/D4 Akuntansi Sektor Publik
UHN,1,3,institution + program + education_level + accreditation_status + graduation_predicate + faculty_program_name,Akuntansi Sektor Publik,Sarjana Terapan,Baik,Sangat Memuaskan,Sekolah Vokasi/D4 Akuntansi Sektor Publik
UHN,0,1,institution + program + education_level + accreditation_status + graduation_predicate + faculty_program_name,Akuntansi Sektor Publik,Sarjana Terapan,Baik Sekali,Dengan Pujian,Sekolah Vokasi/D4 Akuntansi Sektor Publik
UHN,0,1,institution + program + education_level + accreditation_status + graduation_predicate + faculty_program_name,Akuntansi Sektor Publik,Sarjana Terapan,Baik Sekali,Sangat Memuaskan,Sekolah Vokasi/D4 Akuntansi Sektor Publik
UHN,0,2,institution + program + education_level + accreditation_status + graduation_predicate + faculty_program_name,Akuntansi Sektor Publik,Sarjana Terapan,Terakreditasi,Dengan Pujian,Sekolah Vokasi/D4 Akuntansi Sektor Publik
UHN,0,1,institution + program + education_level + accreditation_status + graduation_predicate + faculty_program_name,Akuntansi Sektor Publik,Sarjana Terapan,Terakreditasi,Sangat Memuaskan,Sekolah Vokasi/D4 Akuntansi Sektor Publik
UHN,0,3,institution + program + education_level + accreditation_status + graduation_predicate + faculty_program_name,Analis Kesehatan,Diploma Tiga,Baik,Dengan Pujian,Sekolah Vokasi/D3 Desain Komunikasi Visual
UHN,0,4,institution + program + education_level + accreditation_status + graduation_predicate + faculty_program_name,Analis Kesehatan,Diploma Tiga,Baik,Dengan Pujian,Sekolah Vokasi/D3 Keperawatan
UHN,0,2,institution + program + education_level + accreditation_status + graduation_predicate + faculty_program_name,Analis Kesehatan,Diploma Tiga,Baik,Dengan Pujian,Sekolah Vokasi/D3 Perhotelan
UHN,0,6,institution + program + education_level + accreditation_status + graduation_predicate + faculty_program_name,Analis Kesehatan,Diploma Tiga,Baik,Sangat Memuaskan,Sekolah Vokasi/D3 Desain Komunikasi Visual
UHN,0,3,institution + program + education_level + accreditation_status + graduation_predicate + faculty_program_name,Analis Kesehatan,Diploma Tiga,Baik,Sangat Memuaskan,Sekolah Vokasi/D3 Keperawatan
UHN,0,25,institution + program + education_level + accreditation_status + graduation_predicate + faculty_program_name,Analis Kesehatan,Diploma Tiga,Baik Sekali,Dengan Pujian,Sekolah Vokasi/D3 Akuntansi
UHN,0,6,institution + program + education_level + accreditation_status + graduation_predicate + faculty_program_name,Analis Kesehatan,Diploma Tiga,Baik Sekali,Dengan Pujian,Sekolah Vokasi/D3 Farmasi
UHN,0,3,institution + program + education_level + accreditation_status + graduation_predicate + faculty_program_name,Analis Kesehatan,Diploma Tiga,Baik Sekali,Dengan Pujian,Sekolah Vokasi/D3 Kebidanan
UHN,0,18,institution + program + education_level + accreditation_status + graduation_predicate + faculty_program_name,Analis Kesehatan,Diploma Tiga,Baik Sekali,Dengan Pujian,Sekolah Vokasi/D3 Teknik Komputer
UHN,0,7,institution + program + education_level + accreditation_status + graduation_predicate + faculty_program_name,Analis Kesehatan,Diploma Tiga,Baik Sekali,Dengan Pujian,Sekolah Vokasi/D3 Teknik Mesin
UHN,0,2,institution + program + education_level + accreditation_status + graduation_predicate + faculty_program_name,Analis Kesehatan,Diploma Tiga,Baik Sekali,Sangat Memuaskan,Sekolah Vokasi/D3 Akuntansi
UHN,0,13,institution + program + education_level + accreditation_status + graduation_predicate + faculty_program_name,Analis Kesehatan,Diploma Tiga,Baik Sekali,Sangat Memuaskan,Sekolah Vokasi/D3 Farmasi
UHN,0,1,institution + program + education_level + accreditation_status + graduation_predicate + faculty_program_name,Analis Kesehatan,Diploma Tiga,Baik Sekali,Sangat Memuaskan,Sekolah Vokasi/D3 Kebidanan
UHN,0,6,institution + program + education_level + accreditation_status + graduation_predicate + faculty_program_name,Analis Kesehatan,Diploma Tiga,Baik Sekali,Sangat Memuaskan,Sekolah Vokasi/D3 Teknik Komputer
UHN,0,2,institution + program + education_level + accreditation_status + graduation_predicate + faculty_program_name,Analis Kesehatan,Diploma Tiga,Baik Sekali,Sangat Memuaskan,Sekolah Vokasi/D3 Teknik Mesin
UHN,0,4,institution + program + education_level + accreditation_status + graduation_predicate + faculty_program_name,Analis Kesehatan,Diploma Tiga,Terakreditasi,Dengan Pujian,Sekolah Vokasi/D3 Teknik Elektronika
UHN,0,2,institution + program + education_level + accreditation_status + graduation_predicate + faculty_program_name,Analis Kesehatan,Diploma Tiga,Terakreditasi,Sangat Memuaskan,Sekolah Vokasi/D3 Teknik Elektronika
UHN,0,2,institution + program + education_level + accreditation_status + graduation_predicate + faculty_program_name,Analis Kesehatan,Sarjana,Baik,Dengan Pujian,Fakultas Sains dan Teknologi/S1 Sistem Informasi
UHN,0,6,institution + program + education_level + accreditation_status + graduation_predicate + faculty_program_name,Analis Kesehatan,Sarjana,Baik,Dengan Pujian,Fakultas Sains dan Teknologi/S1 Teknik Informatika
UHN,0,2,institution + program + education_level + accreditation_status + graduation_predicate + faculty_program_name,Analis Kesehatan,Sarjana,Baik,Sangat Memuaskan,Fakultas Sains dan Teknologi/S1 Teknik Informatika
UHN,0,1,institution + program + education_level + accreditation_status + graduation_predicate + faculty_program_name,Analis Kesehatan,Sarjana Terapan,Baik,Sangat Memuaskan,Sekolah Vokasi/D4 Akuntansi Sektor Publik
UHN,0,9,institution + program + education_level + accreditation_status + graduation_predicate + faculty_program_name,Analis Kesehatan,Sarjana Terapan,Baik Sekali,Dengan Pujian,Sekolah Vokasi/D4 Teknik Informatika
UHN,0,3,institution + program + education_level + accreditation_status + graduation_predicate + faculty_program_name,Analis Kesehatan,Sarjana Terapan,Baik Sekali,Sangat Memuaskan,Sekolah Vokasi/D4 Teknik Informatika
UHN,0,1,institution + program + education_level + accreditation_status + graduation_predicate + faculty_program_name,Desain Komunikasi Visual,Diploma 3,Baik,Dengan Pujian,Sekolah Vokasi/D3 Desain Komunikasi Visual
UHN,0,9,institution + program + education_level + accreditation_status + graduation_predicate + faculty_program_name,Desain Komunikasi Visual,Diploma 3,Baik,Sangat Memuaskan,Sekolah Vokasi/D3 Desain Komunikasi Visual
UHN,1,12,institution + program + education_level + accreditation_status + graduation_predicate + faculty_program_name,Desain Komunikasi Visual,Diploma Tiga,Baik,Dengan Pujian,Sekolah Vokasi/D3 Desain Komunikasi Visual
UHN,1,2,institution + program + education_level + accreditation_status + graduation_predicate + faculty_program_name,Desain Komunikasi Visual,Diploma Tiga,Baik,Memuaskan,Sekolah Vokasi/D3 Desain Komunikasi Visual
UHN,1,36,institution + program + education_level + accreditation_status + graduation_predicate + faculty_program_name,Desain Komunikasi Visual,Diploma Tiga,Baik,Sangat Memuaskan,Sekolah Vokasi/D3 Desain Komunikasi Visual
UHN,0,8,institution + program + education_level + accreditation_status + graduation_predicate + faculty_program_name,Desain Komunikasi Visual,Diploma Tiga,Baik Sekali,Sangat Memuaskan,Sekolah Vokasi/D3 Desain Komunikasi Visual
UHN,0,2,institution + program + education_level + accreditation_status + graduation_predicate + faculty_program_name,Desain Komunikasi Visual,Diploma Tiga,Terakreditasi,Dengan Pujian,Sekolah Vokasi/D3 Desain Komunikasi Visual
UHN,0,2,institution + program + education_level + accreditation_status + graduation_predicate + faculty_program_name,Desain Komunikasi Visual,Diploma Tiga,Terakreditasi,Memuaskan,Sekolah Vokasi/D3 Desain Komunikasi Visual
UHN,0,5,institution + program + education_level + accreditation_status + graduation_predicate + faculty_program_name,Desain Komunikasi Visual,Diploma Tiga,Terakreditasi,Sangat Memuaskan,Sekolah Vokasi/D3 Desain Komunikasi Visual
UHN,0,1,institution + program + education_level + accreditation_status + graduation_predicate + faculty_program_name,Desain Komunikasi Visual,Sarjana,Baik,Dengan Pujian,Sekolah Vokasi/D3 Desain Komunikasi Visual
UHN,0,2,institution + program + education_level + accreditation_status + graduation_predicate + faculty_program_name,Desain Komunikasi Visual,Sarjana,Baik,Sangat Memuaskan,Sekolah Vokasi/D3 Desain Komunikasi Visual
UHN,0,1,institution + program + education_level + accreditation_status + graduation_predicate + faculty_program_name,Desain Komunikasi Visual,Sarjana Terapan,Baik,Dengan Pujian,Sekolah Vokasi/D3 Desain Komunikasi Visual
UHN,0,2,institution + program + education_level + accreditation_status + graduation_predicate + faculty_program_name,Desain Komunikasi Visual,Sarjana Terapan,Baik,Sangat Memuaskan,Sekolah Vokasi/D3 Desain Komunikasi Visual
UHN,0,6,institution + program + education_level + accreditation_status + graduation_predicate + faculty_program_name,Farmasi,Diploma 3,Baik Sekali,Dengan Pujian,Sekolah Vokasi/D3 Farmasi
UHN,0,13,institution + program + education_level + accreditation_status + graduation_predicate + faculty_program_name,Farmasi,Diploma 3,Baik Sekali,Sangat Memuaskan,Sekolah Vokasi/D3 Farmasi
UHN,0,11,institution + program + education_level + accreditation_status + graduation_predicate + faculty_program_name,Farmasi,Diploma Tiga,Baik,Dengan Pujian,Sekolah Vokasi/D3 Farmasi
UHN,0,8,institution + program + education_level + accreditation_status + graduation_predicate + faculty_program_name,Farmasi,Diploma Tiga,Baik,Sangat Memuaskan,Sekolah Vokasi/D3 Farmasi
UHN,1,47,institution + program + education_level + accreditation_status + graduation_predicate + faculty_program_name,Farmasi,Diploma Tiga,Baik Sekali,Dengan Pujian,Sekolah Vokasi/D3 Farmasi
UHN,1,80,institution + program + education_level + accreditation_status + graduation_predicate + faculty_program_name,Farmasi,Diploma Tiga,Baik Sekali,Sangat Memuaskan,Sekolah Vokasi/D3 Farmasi
UHN,0,8,institution + program + education_level + accreditation_status + graduation_predicate + faculty_program_name,Farmasi,Diploma Tiga,Terakreditasi,Dengan Pujian,Sekolah Vokasi/D3 Farmasi
UHN,0,15,institution + program + education_level + accreditation_status + graduation_predicate + faculty_program_name,Farmasi,Diploma Tiga,Terakreditasi,Sangat Memuaskan,Sekolah Vokasi/D3 Farmasi
UHN,0,4,institution + program + education_level + accreditation_status + graduation_predicate + faculty_program_name,Farmasi,Sarjana,Baik Sekali,Dengan Pujian,Sekolah Vokasi/D3 Farmasi
UHN,0,7,institution + program + education_level + accreditation_status + graduation_predicate + faculty_program_name,Farmasi,Sarjana,Baik Sekali,Sangat Memuaskan,Sekolah Vokasi/D3 Farmasi
UHN,0,3,institution + program + education_level + accreditation_status + graduation_predicate + faculty_program_name,Farmasi,Sarjana Terapan,Baik Sekali,Dengan Pujian,Sekolah Vokasi/D3 Farmasi
UHN,0,9,institution + program + education_level + accreditation_status + graduation_predicate + faculty_program_name,Farmasi,Sarjana Terapan,Baik Sekali,Sangat Memuaskan,Sekolah Vokasi/D3 Farmasi
UHN,0,1,institution + program + education_level + accreditation_status + graduation_predicate + faculty_program_name,Kebidanan,Diploma 3,Baik Sekali,Dengan Pujian,Sekolah Vokasi/D3 Kebidanan
UHN,0,1,institution + program + education_level + accreditation_status + graduation_predicate + faculty_program_name,Kebidanan,Diploma 3,Baik Sekali,Sangat Memuaskan,Sekolah Vokasi/D3 Kebidanan
UHN,0,2,institution + program + education_level + accreditation_status + graduation_predicate + faculty_program_name,Kebidanan,Diploma Tiga,Baik,Dengan Pujian,Sekolah Vokasi/D3 Kebidanan
UHN,0,1,institution + program + education_level + accreditation_status + graduation_predicate + faculty_program_name,Kebidanan,Diploma Tiga,Baik,Sangat Memuaskan,Sekolah Vokasi/D3 Kebidanan
UHN,1,9,institution + program + education_level + accreditation_status + graduation_predicate + faculty_program_name,Kebidanan,Diploma Tiga,Baik Sekali,Dengan Pujian,Sekolah Vokasi/D3 Kebidanan
UHN,1,5,institution + program + education_level + accreditation_status + graduation_predicate + faculty_program_name,Kebidanan,Diploma Tiga,Baik Sekali,Sangat Memuaskan,Sekolah Vokasi/D3 Kebidanan
UHN,0,1,institution + program + education_level + accreditation_status + graduation_predicate + faculty_program_name,Kebidanan,Diploma Tiga,Terakreditasi,Dengan Pujian,Sekolah Vokasi/D3 Kebidanan
UHN,0,1,institution + program + education_level + accreditation_status + graduation_predicate + faculty_program_name,Kebidanan,Sarjana,Baik Sekali,Dengan Pujian,Sekolah Vokasi/D3 Kebidanan
UHN,0,1,institution + program + education_level + accreditation_status + graduation_predicate + faculty_program_name,Kebidanan,Sarjana,Baik Sekali,Sangat Memuaskan,Sekolah Vokasi/D3 Kebidanan
UHN,0,1,institution + program + education_level + accreditation_status + graduation_predicate + faculty_program_name,Kebidanan,Sarjana Terapan,Baik Sekali,Dengan Pujian,Sekolah Vokasi/D3 Kebidanan
UHN,0,1,institution + program + education_level + accreditation_status + graduation_predicate + faculty_program_name,Keperawatan,Diploma 3,Baik,Dengan Pujian,Sekolah Vokasi/D3 Keperawatan
UHN,0,2,institution + program + education_level + accreditation_status + graduation_predicate + faculty_program_name,Keperawatan,Diploma 3,Baik,Sangat Memuaskan,Sekolah Vokasi/D3 Keperawatan
UHN,1,29,institution + program + education_level + accreditation_status + graduation_predicate + faculty_program_name,Keperawatan,Diploma Tiga,Baik,Dengan Pujian,Sekolah Vokasi/D3 Keperawatan
UHN,1,17,institution + program + education_level + accreditation_status + graduation_predicate + faculty_program_name,Keperawatan,Diploma Tiga,Baik,Sangat Memuaskan,Sekolah Vokasi/D3 Keperawatan
UHN,0,5,institution + program + education_level + accreditation_status + graduation_predicate + faculty_program_name,Keperawatan,Diploma Tiga,Baik Sekali,Dengan Pujian,Sekolah Vokasi/D3 Keperawatan
UHN,0,5,institution + program + education_level + accreditation_status + graduation_predicate + faculty_program_name,Keperawatan,Diploma Tiga,Baik Sekali,Sangat Memuaskan,Sekolah Vokasi/D3 Keperawatan
UHN,0,5,institution + program + education_level + accreditation_status + graduation_predicate + faculty_program_name,Keperawatan,Diploma Tiga,Terakreditasi,Dengan Pujian,Sekolah Vokasi/D3 Keperawatan
UHN,0,1,institution + program + education_level + accreditation_status + graduation_predicate + faculty_program_name,Keperawatan,Diploma Tiga,Terakreditasi,Sangat Memuaskan,Sekolah Vokasi/D3 Keperawatan
UHN,0,6,institution + program + education_level + accreditation_status + graduation_predicate + faculty_program_name,Keperawatan,Sarjana,Baik,Dengan Pujian,Sekolah Vokasi/D3 Keperawatan
UHN,0,3,institution + program + education_level + accreditation_status + graduation_predicate + faculty_program_name,Keperawatan,Sarjana,Baik,Sangat Memuaskan,Sekolah Vokasi/D3 Keperawatan
UHN,0,3,institution + program + education_level + accreditation_status + graduation_predicate + faculty_program_name,Keperawatan,Sarjana Terapan,Baik,Dengan Pujian,Sekolah Vokasi/D3 Keperawatan
UHN,0,4,institution + program + education_level + accreditation_status + graduation_predicate + faculty_program_name,Manajemen Informatika,Diploma Tiga,Baik,Dengan Pujian,Sekolah Vokasi/D3 Desain Komunikasi Visual
UHN,0,5,institution + program + education_level + accreditation_status + graduation_predicate + faculty_program_name,Manajemen Informatika,Diploma Tiga,Baik,Dengan Pujian,Sekolah Vokasi/D3 Keperawatan
UHN,0,1,institution + program + education_level + accreditation_status + graduation_predicate + faculty_program_name,Manajemen Informatika,Diploma Tiga,Baik,Dengan Pujian,Sekolah Vokasi/D3 Perhotelan
UHN,0,4,institution + program + education_level + accreditation_status + graduation_predicate + faculty_program_name,Manajemen Informatika,Diploma Tiga,Baik,Sangat Memuaskan,Sekolah Vokasi/D3 Desain Komunikasi Visual
UHN,0,3,institution + program + education_level + accreditation_status + graduation_predicate + faculty_program_name,Manajemen Informatika,Diploma Tiga,Baik,Sangat Memuaskan,Sekolah Vokasi/D3 Keperawatan
UHN,0,15,institution + program + education_level + accreditation_status + graduation_predicate + faculty_program_name,Manajemen Informatika,Diploma Tiga,Baik Sekali,Dengan Pujian,Sekolah Vokasi/D3 Akuntansi
UHN,0,9,institution + program + education_level + accreditation_status + graduation_predicate + faculty_program_name,Manajemen Informatika,Diploma Tiga,Baik Sekali,Dengan Pujian,Sekolah Vokasi/D3 Farmasi
UHN,0,17,institution + program + education_level + accreditation_status + graduation_predicate + faculty_program_name,Manajemen Informatika,Diploma Tiga,Baik Sekali,Dengan Pujian,Sekolah Vokasi/D3 Teknik Komputer
UHN,0,3,institution + program + education_level + accreditation_status + graduation_predicate + faculty_program_name,Manajemen Informatika,Diploma Tiga,Baik Sekali,Dengan Pujian,Sekolah Vokasi/D3 Teknik Mesin
UHN,0,3,institution + program + education_level + accreditation_status + graduation_predicate + faculty_program_name,Manajemen Informatika,Diploma Tiga,Baik Sekali,Sangat Memuaskan,Sekolah Vokasi/D3 Akuntansi
UHN,0,15,institution + program + education_level + accreditation_status + graduation_predicate + faculty_program_name,Manajemen Informatika,Diploma Tiga,Baik Sekali,Sangat Memuaskan,Sekolah Vokasi/D3 Farmasi
UHN,0,1,institution + program + education_level + accreditation_status + graduation_predicate + faculty_program_name,Manajemen Informatika,Diploma Tiga,Baik Sekali,Sangat Memuaskan,Sekolah Vokasi/D3 Kebidanan
UHN,0,11,institution + program + education_level + accreditation_status + graduation_predicate + faculty_program_name,Manajemen Informatika,Diploma Tiga,Baik Sekali,Sangat Memuaskan,Sekolah Vokasi/D3 Teknik Komputer
UHN,0,4,institution + program + education_level + accreditation_status + graduation_predicate + faculty_program_name,Manajemen Informatika,Diploma Tiga,Baik Sekali,Sangat Memuaskan,Sekolah Vokasi/D3 Teknik Mesin
UHN,0,1,institution + program + education_level + accreditation_status + graduation_predicate + faculty_program_name,Manajemen Informatika,Diploma Tiga,Terakreditasi,Dengan Pujian,Sekolah Vokasi/D3 Teknik Elektronika
UHN,0,4,institution + program + education_level + accreditation_status + graduation_predicate + faculty_program_name,Manajemen Informatika,Sarjana,Baik,Dengan Pujian,Fakultas Sains dan Teknologi/S1 Teknik Informatika
UHN,0,3,institution + program + education_level + accreditation_status + graduation_predicate + faculty_program_name,Manajemen Informatika,Sarjana Terapan,Baik,Dengan Pujian,Sekolah Vokasi/D4 Akuntansi Sektor Publik
UHN,0,11,institution + program + education_level + accreditation_status + graduation_predicate + faculty_program_name,Manajemen Informatika,Sarjana Terapan,Baik Sekali,Dengan Pujian,Sekolah Vokasi/D4 Teknik Informatika
UHN,0,4,institution + program + education_level + accreditation_status + graduation_predicate + faculty_program_name,Manajemen Informatika,Sarjana Terapan,Baik Sekali,Sangat Memuaskan,Sekolah Vokasi/D4 Teknik Informatika
UHN,0,1,institution + program + education_level + accreditation_status + graduation_predicate + faculty_program_name,Perhotelan,Diploma 3,Baik,Dengan Pujian,Sekolah Vokasi/D3 Perhotelan
UHN,0,1,institution + program + education_level + accreditation_status + graduation_predicate + faculty_program_name,Perhotelan,Diploma 3,Baik,Sangat Memuaskan,Sekolah Vokasi/D3 Perhotelan
UHN,1,5,institution + program + education_level + accreditation_status + graduation_predicate + faculty_program_name,Perhotelan,Diploma Tiga,Baik,Dengan Pujian,Sekolah Vokasi/D3 Perhotelan
UHN,1,5,institution + program + education_level + accreditation_status + graduation_predicate + faculty_program_name,Perhotelan,Diploma Tiga,Baik,Sangat Memuaskan,Sekolah Vokasi/D3 Perhotelan
UHN,0,1,institution + program + education_level + accreditation_status + graduation_predicate + faculty_program_name,Perhotelan,Diploma Tiga,Baik Sekali,Sangat Memuaskan,Sekolah Vokasi/D3 Perhotelan
UHN,0,1,institution + program + education_level + accreditation_status + graduation_predicate + faculty_program_name,Perhotelan,Diploma Tiga,Terakreditasi,Dengan Pujian,Sekolah Vokasi/D3 Perhotelan
UHN,0,1,institution + program + education_level + accreditation_status + graduation_predicate + faculty_program_name,Perhotelan,Diploma Tiga,Terakreditasi,Sangat Memuaskan,Sekolah Vokasi/D3 Perhotelan
UHN,0,1,institution + program + education_level + accreditation_status + graduation_predicate + faculty_program_name,Perhotelan,Sarjana,Baik,Sangat Memuaskan,Sekolah Vokasi/D3 Perhotelan
UHN,0,1,institution + program + education_level + accreditation_status + graduation_predicate + faculty_program_name,Perhotelan,Sarjana Terapan,Baik,Sangat Memuaskan,Sekolah Vokasi/D3 Perhotelan
UHN,0,2,institution + program + education_level + accreditation_status + graduation_predicate + faculty_program_name,Sistem Informasi,Diploma 3,Baik,Dengan Pujian,Fakultas Sains dan Teknologi/S1 Sistem Informasi
UHN,0,1,institution + program + education_level + accreditation_status + graduation_predicate + faculty_program_name,Sistem Informasi,Diploma Tiga,Baik,Dengan Pujian,Fakultas Sains dan Teknologi/S1 Sistem Informasi
UHN,1,6,institution + program + education_level + accreditation_status + graduation_predicate + faculty_program_name,Sistem Informasi,Sarjana,Baik,Dengan Pujian,Fakultas Sains dan Teknologi/S1 Sistem Informasi
UHN,1,1,institution + program + education_level + accreditation_status + graduation_predicate + faculty_program_name,Sistem Informasi,Sarjana,Baik,Sangat Memuaskan,Fakultas Sains dan Teknologi/S1 Sistem Informasi
UHN,0,1,institution + program + education_level + accreditation_status + graduation_predicate + faculty_program_name,Sistem Informasi,Sarjana,Baik Sekali,Sangat Memuaskan,Fakultas Sains dan Teknologi/S1 Sistem Informasi
UHN,0,1,institution + program + education_level + accreditation_status + graduation_predicate + faculty_program_name,Sistem Informasi,Sarjana,Terakreditasi,Dengan Pujian,Fakultas Sains dan Teknologi/S1 Sistem Informasi
UHN,0,2,institution + program + education_level + accreditation_status + graduation_predicate + faculty_program_name,Teknik Elektronika,Diploma Tiga,Baik,Dengan Pujian,Sekolah Vokasi/D3 Teknik Elektronika
UHN,0,2,institution + program + education_level + accreditation_status + graduation_predicate + faculty_program_name,Teknik Elektronika,Diploma Tiga,Baik,Sangat Memuaskan,Sekolah Vokasi/D3 Teknik Elektronika
UHN,0,2,institution + program + education_level + accreditation_status + graduation_predicate + faculty_program_name,Teknik Elektronika,Diploma Tiga,Baik Sekali,Dengan Pujian,Sekolah Vokasi/D3 Teknik Elektronika
UHN,0,1,institution + program + education_level + accreditation_status + graduation_predicate + faculty_program_name,Teknik Elektronika,Diploma Tiga,Baik Sekali,Sangat Memuaskan,Sekolah Vokasi/D3 Teknik Elektronika
UHN,1,13,institution + program + education_level + accreditation_status + graduation_predicate + faculty_program_name,Teknik Elektronika,Diploma Tiga,Terakreditasi,Dengan Pujian,Sekolah Vokasi/D3 Teknik Elektronika
UHN,1,8,institution + program + education_level + accreditation_status + graduation_predicate + faculty_program_name,Teknik Elektronika,Diploma Tiga,Terakreditasi,Sangat Memuaskan,Sekolah Vokasi/D3 Teknik Elektronika
UHN,0,3,institution + program + education_level + accreditation_status + graduation_predicate + faculty_program_name,Teknik Elektronika,Sarjana,Terakreditasi,Dengan Pujian,Sekolah Vokasi/D3 Teknik Elektronika
UHN,0,1,institution + program + education_level + accreditation_status + graduation_predicate + faculty_program_name,Teknik Elektronika,Sarjana,Terakreditasi,Sangat Memuaskan,Sekolah Vokasi/D3 Teknik Elektronika
UHN,0,1,institution + program + education_level + accreditation_status + graduation_predicate + faculty_program_name,Teknik Elektronika,Sarjana Terapan,Terakreditasi,Dengan Pujian,Sekolah Vokasi/D3 Teknik Elektronika
UHN,0,2,institution + program + education_level + accreditation_status + graduation_predicate + faculty_program_name,Teknik Elektronika,Sarjana Terapan,Terakreditasi,Sangat Memuaskan,Sekolah Vokasi/D3 Teknik Elektronika
UHN,0,4,institution + program + education_level + accreditation_status + graduation_predicate + faculty_program_name,Teknik Informatika,Diploma 3,Baik,Dengan Pujian,Fakultas Sains dan Teknologi/S1 Teknik Informatika
UHN,0,2,institution + program + education_level + accreditation_status + graduation_predicate + faculty_program_name,Teknik Informatika,Diploma 3,Baik,Sangat Memuaskan,Fakultas Sains dan Teknologi/S1 Teknik Informatika
UHN,0,7,institution + program + education_level + accreditation_status + graduation_predicate + faculty_program_name,Teknik Informatika,Diploma 3,Baik Sekali,Dengan Pujian,Sekolah Vokasi/D4 Teknik Informatika
UHN,0,8,institution + program + education_level + accreditation_status + graduation_predicate + faculty_program_name,Teknik Informatika,Diploma 3,Baik Sekali,Sangat Memuaskan,Sekolah Vokasi/D4 Teknik Informatika
UHN,0,5,institution + program + education_level + accreditation_status + graduation_predicate + faculty_program_name,Teknik Informatika,Diploma Tiga,Baik,Dengan Pujian,Fakultas Sains dan Teknologi/S1 Teknik Informatika
UHN,0,1,institution + program + education_level + accreditation_status + graduation_predicate + faculty_program_name,Teknik Informatika,Diploma Tiga,Baik,Sangat Memuaskan,Fakultas Sains dan Teknologi/S1 Teknik Informatika
UHN,0,7,institution + program + education_level + accreditation_status + graduation_predicate + faculty_program_name,Teknik Informatika,Diploma Tiga,Baik Sekali,Dengan Pujian,Sekolah Vokasi/D4 Teknik Informatika
UHN,0,1,institution + program + education_level + accreditation_status + graduation_predicate + faculty_program_name,Teknik Informatika,Diploma Tiga,Baik Sekali,Memuaskan,Sekolah Vokasi/D4 Teknik Informatika
UHN,0,5,institution + program + education_level + accreditation_status + graduation_predicate + faculty_program_name,Teknik Informatika,Diploma Tiga,Baik Sekali,Sangat Memuaskan,Sekolah Vokasi/D4 Teknik Informatika
UHN,1,29,institution + program + education_level + accreditation_status + graduation_predicate + faculty_program_name,Teknik Informatika,Sarjana,Baik,Dengan Pujian,Fakultas Sains dan Teknologi/S1 Teknik Informatika
UHN,1,7,institution + program + education_level + accreditation_status + graduation_predicate + faculty_program_name,Teknik Informatika,Sarjana,Baik,Sangat Memuaskan,Fakultas Sains dan Teknologi/S1 Teknik Informatika
UHN,0,3,institution + program + education_level + accreditation_status + graduation_predicate + faculty_program_name,Teknik Informatika,Sarjana,Baik Sekali,Dengan Pujian,Fakultas Sains dan Teknologi/S1 Teknik Informatika
UHN,0,7,institution + program + education_level + accreditation_status + graduation_predicate + faculty_program_name,Teknik Informatika,Sarjana,Terakreditasi,Dengan Pujian,Fakultas Sains dan Teknologi/S1 Teknik Informatika
UHN,0,2,institution + program + education_level + accreditation_status + graduation_predicate + faculty_program_name,Teknik Informatika,Sarjana,Terakreditasi,Sangat Memuaskan,Fakultas Sains dan Teknologi/S1 Teknik Informatika
UHN,0,7,institution + program + education_level + accreditation_status + graduation_predicate + faculty_program_name,Teknik Informatika,Sarjana Terapan,Baik,Dengan Pujian,Sekolah Vokasi/D4 Teknik Informatika
UHN,0,6,institution + program + education_level + accreditation_status + graduation_predicate + faculty_program_name,Teknik Informatika,Sarjana Terapan,Baik,Sangat Memuaskan,Sekolah Vokasi/D4 Teknik Informatika
UHN,1,49,institution + program + education_level + accreditation_status + graduation_predicate + faculty_program_name,Teknik Informatika,Sarjana Terapan,Baik Sekali,Dengan Pujian,Sekolah Vokasi/D4 Teknik Informatika
UHN,1,1,institution + program + education_level + accreditation_status + graduation_predicate + faculty_program_name,Teknik Informatika,Sarjana Terapan,Baik Sekali,Memuaskan,Sekolah Vokasi/D4 Teknik Informatika
UHN,1,32,institution + program + education_level + accreditation_status + graduation_predicate + faculty_program_name,Teknik Informatika,Sarjana Terapan,Baik Sekali,Sangat Memuaskan,Sekolah Vokasi/D4 Teknik Informatika
UHN,0,8,institution + program + education_level + accreditation_status + graduation_predicate + faculty_program_name,Teknik Informatika,Sarjana Terapan,Terakreditasi,Dengan Pujian,Sekolah Vokasi/D4 Teknik Informatika
UHN,0,6,institution + program + education_level + accreditation_status + graduation_predicate + faculty_program_name,Teknik Informatika,Sarjana Terapan,Terakreditasi,Sangat Memuaskan,Sekolah Vokasi/D4 Teknik Informatika
UHN,0,13,institution + program + education_level + accreditation_status + graduation_predicate + faculty_program_name,Teknik Komputer,Diploma 3,Baik Sekali,Dengan Pujian,Sekolah Vokasi/D3 Teknik Komputer
UHN,0,2,institution + program + education_level + accreditation_status + graduation_predicate + faculty_program_name,Teknik Komputer,Diploma 3,Baik Sekali,Sangat Memuaskan,Sekolah Vokasi/D3 Teknik Komputer
UHN,0,19,institution + program + education_level + accreditation_status + graduation_predicate + faculty_program_name,Teknik Komputer,Diploma Tiga,Baik,Dengan Pujian,Sekolah Vokasi/D3 Teknik Komputer
UHN,0,7,institution + program + education_level + accreditation_status + graduation_predicate + faculty_program_name,Teknik Komputer,Diploma Tiga,Baik,Sangat Memuaskan,Sekolah Vokasi/D3 Teknik Komputer
UHN,1,111,institution + program + education_level + accreditation_status + graduation_predicate + faculty_program_name,Teknik Komputer,Diploma Tiga,Baik Sekali,Dengan Pujian,Sekolah Vokasi/D3 Teknik Komputer
UHN,1,45,institution + program + education_level + accreditation_status + graduation_predicate + faculty_program_name,Teknik Komputer,Diploma Tiga,Baik Sekali,Sangat Memuaskan,Sekolah Vokasi/D3 Teknik Komputer
UHN,0,16,institution + program + education_level + accreditation_status + graduation_predicate + faculty_program_name,Teknik Komputer,Diploma Tiga,Terakreditasi,Dengan Pujian,Sekolah Vokasi/D3 Teknik Komputer
UHN,0,10,institution + program + education_level + accreditation_status + graduation_predicate + faculty_program_name,Teknik Komputer,Diploma Tiga,Terakreditasi,Sangat Memuaskan,Sekolah Vokasi/D3 Teknik Komputer
UHN,0,8,institution + program + education_level + accreditation_status + graduation_predicate + faculty_program_name,Teknik Komputer,Sarjana,Baik Sekali,Dengan Pujian,Sekolah Vokasi/D3 Teknik Komputer
UHN,0,4,institution + program + education_level + accreditation_status + graduation_predicate + faculty_program_name,Teknik Komputer,Sarjana,Baik Sekali,Sangat Memuaskan,Sekolah Vokasi/D3 Teknik Komputer
UHN,0,20,institution + program + education_level + accreditation_status + graduation_predicate + faculty_program_name,Teknik Komputer,Sarjana Terapan,Baik Sekali,Dengan Pujian,Sekolah Vokasi/D3 Teknik Komputer
UHN,0,5,institution + program + education_level + accreditation_status + graduation_predicate + faculty_program_name,Teknik Komputer,Sarjana Terapan,Baik Sekali,Sangat Memuaskan,Sekolah Vokasi/D3 Teknik Komputer
UHN,0,1,institution + program + education_level + accreditation_status + graduation_predicate + faculty_program_name,Teknik Mesin,Diploma 3,Baik Sekali,Dengan Pujian,Sekolah Vokasi/D3 Teknik Mesin
UHN,0,5,institution + program + education_level + accreditation_status + graduation_predicate + faculty_program_name,Teknik Mesin,Diploma 3,Baik Sekali,Sangat Memuaskan,Sekolah Vokasi/D3 Teknik Mesin
UHN,0,4,institution + program + education_level + accreditation_status + graduation_predicate + faculty_program_name,Teknik Mesin,Diploma Tiga,Baik,Dengan Pujian,Sekolah Vokasi/D3 Teknik Mesin
UHN,0,2,institution + program + education_level + accreditation_status + graduation_predicate + faculty_program_name,Teknik Mesin,Diploma Tiga,Baik,Sangat Memuaskan,Sekolah Vokasi/D3 Teknik Mesin
UHN,1,24,institution + program + education_level + accreditation_status + graduation_predicate + faculty_program_name,Teknik Mesin,Diploma Tiga,Baik Sekali,Dengan Pujian,Sekolah Vokasi/D3 Teknik Mesin
UHN,1,23,institution + program + education_level + accreditation_status + graduation_predicate + faculty_program_name,Teknik Mesin,Diploma Tiga,Baik Sekali,Sangat Memuaskan,Sekolah Vokasi/D3 Teknik Mesin
UHN,0,5,institution + program + education_level + accreditation_status + graduation_predicate + faculty_program_name,Teknik Mesin,Diploma Tiga,Terakreditasi,Dengan Pujian,Sekolah Vokasi/D3 Teknik Mesin
UHN,0,5,institution + program + education_level + accreditation_status + graduation_predicate + faculty_program_name,Teknik Mesin,Diploma Tiga,Terakreditasi,Sangat Memuaskan,Sekolah Vokasi/D3 Teknik Mesin
UHN,0,2,institution + program + education_level + accreditation_status + graduation_predicate + faculty_program_name,Teknik Mesin,Sarjana,Baik Sekali,Dengan Pujian,Sekolah Vokasi/D3 Teknik Mesin
UHN,0,4,institution + program + education_level + accreditation_status + graduation_predicate + faculty_program_name,Teknik Mesin,Sarjana,Baik Sekali,Sangat Memuaskan,Sekolah Vokasi/D3 Teknik Mesin
UHN,0,2,institution + program + education_level + accreditation_status + graduation_predicate + faculty_program_name,Teknik Mesin,Sarjana Terapan,Baik Sekali,Dengan Pujian,Sekolah Vokasi/D3 Teknik Mesin
UHN,0,1,institution + program + education_level + accreditation_status + graduation_predicate + faculty_program_name,Teknik Mesin,Sarjana Terapan,Baik Sekali,Sangat Memuaskan,Sekolah Vokasi/D3 Teknik Mesin
