credential_id,institution,program,education_level,accreditation_status,gpa,graduation_predicate,graduation_date,faculty_program_name,label,manipulation_type,institution_program_key,institution_program_valid,program_education_key,program_education_valid,program_accreditation_key,program_accreditation_valid,semantic_consistency_score
UHN-0301,UHN,Teknik Mesin,Diploma Tiga,Baik Sekali,3.58823529411765,Dengan Pujian,31 Januari 2026,Sekolah Vokasi/D3 Teknik Mesin,1,none,UHN_Teknik Mesin,1,Teknik Mesin_Diploma Tiga,1,Teknik Mesin_Baik Sekali,1,1.0
UHN-INV-0214,UHN,Akuntansi,Diploma Tiga,Baik,3.75221238938053,Dengan Pujian,5 Februari 2026,Sekolah Vokasi/D3 Akuntansi,0,accreditation_swap,UHN_Akuntansi,1,Akuntansi_Diploma Tiga,1,Akuntansi_Baik,0,0.6666666666666666
UHN-0536,UHN,Teknik Komputer,Diploma Tiga,Baik Sekali,3.59322033898305,Dengan Pujian,31 Januari 2026,Sekolah Vokasi/D3 Teknik Komputer,1,none,UHN_Teknik Komputer,1,Teknik Komputer_Diploma Tiga,1,Teknik Komputer_Baik Sekali,1,1.0
UHN-INV-0457,UHN,Farmasi,Diploma Tiga,Baik,3.8125,Dengan Pujian,31 Januari 2026,Sekolah Vokasi/D3 Farmasi,0,accreditation_swap,UHN_Farmasi,1,Farmasi_Diploma Tiga,1,Farmasi_Baik,1,1.0
UHN-0562,UHN,Teknik Komputer,Diploma Tiga,Baik Sekali,3.76271186440678,Dengan Pujian,31 Januari 2026,Sekolah Vokasi/D3 Teknik Komputer,1,none,UHN_Teknik Komputer,1,Teknik Komputer_Diploma Tiga,1,Teknik Komputer_Baik Sekali,1,1.0
PMKM-INV-0059,PMKM,Manajemen Informatika,Diploma 3,Terakreditasi,,,,,0,accreditation_swap,PMKM_Manajemen Informatika,1,Manajemen Informatika_Diploma 3,1,Manajemen Informatika_Terakreditasi,0,0.6666666666666666
UHN-0406,UHN,Farmasi,Diploma Tiga,Baik Sekali,3.20535714285714,Sangat Memuaskan,31 Januari 2026,Sekolah Vokasi/D3 Farmasi,1,none,UHN_Farmasi,1,Farmasi_Diploma Tiga,1,Farmasi_Baik Sekali,1,1.0
PMKM-INV-0016,PMKM,Kebidanan,Diploma 3,Baik,,,,,0,cross_institution_program,PMKM_Kebidanan,0,Kebidanan_Diploma 3,0,Kebidanan_Baik,0,0.0
UHN-0024,UHN,Keperawatan,Diploma Tiga,Baik,3.8125,Dengan Pujian,31 Januari 2026,Sekolah Vokasi/D3 Keperawatan,1,none,UHN_Keperawatan,1,Keperawatan_Diploma Tiga,1,Keperawatan_Baik,1,1.0
PMKM-0811,PMKM,Analis Kesehatan,Diploma 3,Baik,,,,,1,none,PMKM_Analis Kesehatan,1,Analis Kesehatan_Diploma 3,1,Analis Kesehatan_Baik,1,1.0
UHN-INV-0491,UHN,Farmasi,Diploma 3,Baik Sekali,3.70535714285714,Dengan Pujian,31 Januari 2026,Sekolah Vokasi/D3 Farmasi,0,education_level_swap,UHN_Farmasi,1,Farmasi_Diploma 3,1,Farmasi_Baik Sekali,1,1.0
UHN-0427,UHN,Farmasi,Diploma Tiga,Baik Sekali,3.52678571428571,Dengan Pujian,31 Januari 2026,Sekolah Vokasi/D3 Farmasi,1,none,UHN_Farmasi,1,Farmasi_Diploma Tiga,1,Farmasi_Baik Sekali,1,1.0
UHN-0544,UHN,Teknik Komputer,Diploma Tiga,Baik Sekali,3.69491525423729,Dengan Pujian,31 Januari 2026,Sekolah Vokasi/D3 Teknik Komputer,1,none,UHN_Teknik Komputer,1,Teknik Komputer_Diploma Tiga,1,Teknik Komputer_Baik Sekali,1,1.0
UHN-INV-0725,UHN,Teknik Informatika,Diploma Tiga,Baik Sekali,3.90540540540541,Dengan Pujian,31 Januari 2026,Sekolah Vokasi/D4 Teknik Informatika,0,education_level_swap,UHN_Teknik Informatika,1,Teknik Informatika_Diploma Tiga,0,Teknik Informatika_Baik Sekali,1,0.6666666666666666
UHN-0527,UHN,Teknik Komputer,Diploma Tiga,Baik Sekali,3.69491525423729,Dengan Pujian,31 Januari 2026,Sekolah Vokasi/D3 Teknik Komputer,1,none,UHN_Teknik Komputer,1,Teknik Komputer_Diploma Tiga,1,Teknik Komputer_Baik Sekali,1,1.0
UHN-INV-0075,UHN,Analis Kesehatan,Sarjana,Baik,3.81,Dengan Pujian,31 Januari 2026,Fakultas Sains dan Teknologi/S1 Teknik Informatika,0,cross_institution_program,UHN_Analis Kesehatan,0,Analis Kesehatan_Sarjana,0,Analis Kesehatan_Baik,1,0.3333333333333333
UHN-0353,UHN,Teknik Elektronika,Diploma Tiga,Terakreditasi,3.73728813559322,Dengan Pujian,31 Januari 2026,Sekolah Vokasi/D3 Teknik Elektronika,1,none,UHN_Teknik Elektronika,1,Teknik Elektronika_Diploma Tiga,1,Teknik Elektronika_Terakreditasi,1,1.0
UHN-0248,UHN,Akuntansi,Diploma Tiga,Baik Sekali,3.83185840707965,Dengan Pujian,5 Februari 2026,Sekolah Vokasi/D3 Akuntansi,1,none,UHN_Akuntansi,1,Akuntansi_Diploma Tiga,1,Akuntansi_Baik Sekali,1,1.0
PMKM-0846,PMKM,Farmasi,Diploma 3,Baik,,,,,1,none,PMKM_Farmasi,1,Farmasi_Diploma 3,1,Farmasi_Baik,1,1.0
UHN-INV-0244,UHN,Akuntansi,Diploma Tiga,Terakreditasi,3.70796460176991,Dengan Pujian,5 Februari 2026,Sekolah Vokasi/D3 Akuntansi,0,accreditation_swap,UHN_Akuntansi,1,Akuntansi_Diploma Tiga,1,Akuntansi_Terakreditasi,0,0.6666666666666666
UHN-0494,UHN,Farmasi,Diploma Tiga,Baik Sekali,3.4375,Sangat Memuaskan,31 Januari 2026,Sekolah Vokasi/D3 Farmasi,1,none,UHN_Farmasi,1,Farmasi_Diploma Tiga,1,Farmasi_Baik Sekali,1,1.0
UHN-INV-0443,UHN,Farmasi,Diploma 3,Baik Sekali,3.65178571428571,Dengan Pujian,31 Januari 2026,Sekolah Vokasi/D3 Farmasi,0,education_level_swap,UHN_Farmasi,1,Farmasi_Diploma 3,1,Farmasi_Baik Sekali,1,1.0
UHN-INV-0239,UHN,Akuntansi,Sarjana Terapan,Baik Sekali,3.44247787610619,Sangat Memuaskan,5 Februari 2026,Sekolah Vokasi/D3 Akuntansi,0,education_level_swap,UHN_Akuntansi,1,Akuntansi_Sarjana Terapan,0,Akuntansi_Baik Sekali,1,0.6666666666666666
PMKM-0840,PMKM,Farmasi,Diploma 3,Baik,,,,,1,none,PMKM_Farmasi,1,Farmasi_Diploma 3,1,Farmasi_Baik,1,1.0
UHN-0189,UHN,Akuntansi,Diploma Tiga,Baik Sekali,3.83185840707965,Dengan Pujian,5 Februari 2026,Sekolah Vokasi/D3 Akuntansi,1,none,UHN_Akuntansi,1,Akuntansi_Diploma Tiga,1,Akuntansi_Baik Sekali,1,1.0
UHN-INV-0715,UHN,Teknik Informatika,Sarjana Terapan,Baik,3.65540540540541,Dengan Pujian,31 Januari 2026,Sekolah Vokasi/D4 Teknik Informatika,0,accreditation_swap,UHN_Teknik Informatika,1,Teknik Informatika_Sarjana Terapan,1,Teknik Informatika_Baik,1,1.0
UHN-0549,UHN,Teknik Komputer,Diploma Tiga,Baik Sekali,3.59322033898305,Dengan Pujian,31 Januari 2026,Sekolah Vokasi/D3 Teknik Komputer,1,none,UHN_Teknik Komputer,1,Teknik Komputer_Diploma Tiga,1,Teknik Komputer_Baik Sekali,1,1.0
UHN-0600,UHN,Teknik Komputer,Diploma Tiga,Baik Sekali,3.54237288135593,Dengan Pujian,31 Januari 2026,Sekolah Vokasi/D3 Teknik Komputer,1,none,UHN_Teknik Komputer,1,Teknik Komputer_Diploma Tiga,1,Teknik Komputer_Baik Sekali,1,1.0
UHN-0528,UHN,Teknik Komputer,Diploma Tiga,Baik Sekali,3.45762711864407,Sangat Memuaskan,31 Januari 2026,Sekolah Vokasi/D3 Teknik Komputer,1,none,UHN_Teknik Komputer,1,Teknik Komputer_Diploma Tiga,1,Teknik Komputer_Baik Sekali,1,1.0
UHN-0669,UHN,Teknik Informatika,Sarjana Terapan,Baik Sekali,3.46621621621622,Sangat Memuaskan,31 Januari 2026,Sekolah Vokasi/D4 Teknik Informatika,1,none,UHN_Teknik Informatika,1,Teknik Informatika_Sarjana Terapan,1,Teknik Informatika_Baik Sekali,1,1.0
UHN-0412,UHN,Farmasi,Diploma Tiga,Baik Sekali,3.46428571428571,Sangat Memuaskan,31 Januari 2026,Sekolah Vokasi/D3 Farmasi,1,none,UHN_Farmasi,1,Farmasi_Diploma Tiga,1,Farmasi_Baik Sekali,1,1.0
UHN-INV-0554,UHN,Teknik Komputer,Sarjana Terapan,Baik Sekali,3.71186440677966,Dengan Pujian,31 Januari 2026,Sekolah Vokasi/D3 Teknik Komputer,0,education_level_swap,UHN_Teknik Komputer,1,Teknik Komputer_Sarjana Terapan,0,Teknik Komputer_Baik Sekali,1,0.6666666666666666
UHN-0711,UHN,Teknik Informatika,Sarjana Terapan,Baik Sekali,3.62162162162162,Dengan Pujian,31 Januari 2026,Sekolah Vokasi/D4 Teknik Informatika,1,none,UHN_Teknik Informatika,1,Teknik Informatika_Sarjana Terapan,1,Teknik Informatika_Baik Sekali,1,1.0
UHN-0434,UHN,Farmasi,Diploma Tiga,Baik Sekali,3.40178571428571,Sangat Memuaskan,31 Januari 2026,Sekolah Vokasi/D3 Farmasi,1,none,UHN_Farmasi,1,Farmasi_Diploma Tiga,1,Farmasi_Baik Sekali,1,1.0
UHN-INV-0465,UHN,Analis Kesehatan,Diploma Tiga,Baik Sekali,3.45535714285714,Sangat Memuaskan,31 Januari 2026,Sekolah Vokasi/D3 Farmasi,0,cross_institution_program,UHN_Analis Kesehatan,0,Analis Kesehatan_Diploma Tiga,0,Analis Kesehatan_Baik Sekali,0,0.0
UHN-INV-0256,UHN,Akuntansi,Diploma Tiga,Terakreditasi,3.76991150442478,Dengan Pujian,5 Februari 2026,Sekolah Vokasi/D3 Akuntansi,0,accreditation_swap,UHN_Akuntansi,1,Akuntansi_Diploma Tiga,1,Akuntansi_Terakreditasi,0,0.6666666666666666
PMKM-INV-0060,PMKM,Manajemen Informatika,Diploma Tiga,Baik,,,,,0,education_level_swap,PMKM_Manajemen Informatika,1,Manajemen Informatika_Diploma Tiga,0,Manajemen Informatika_Baik,1,0.6666666666666666
UHN-0584,UHN,Teknik Komputer,Diploma Tiga,Baik Sekali,3.69491525423729,Dengan Pujian,31 Januari 2026,Sekolah Vokasi/D3 Teknik Komputer,1,none,UHN_Teknik Komputer,1,Teknik Komputer_Diploma Tiga,1,Teknik Komputer_Baik Sekali,1,1.0
UHN-INV-0179,UHN,Akuntansi,Sarjana,Baik Sekali,3.74336283185841,Dengan Pujian,5 Februari 2026,Sekolah Vokasi/D3 Akuntansi,0,education_level_swap,UHN_Akuntansi,1,Akuntansi_Sarjana,0,Akuntansi_Baik Sekali,1,0.6666666666666666
UHN-INV-0398,UHN,Farmasi,Sarjana,Baik Sekali,3.21428571428571,Sangat Memuaskan,31 Januari 2026,Sekolah Vokasi/D3 Farmasi,0,education_level_swap,UHN_Farmasi,1,Farmasi_Sarjana,0,Farmasi_Baik Sekali,1,0.6666666666666666
UHN-INV-0315,UHN,Analis Kesehatan,Diploma Tiga,Baik Sekali,3.71428571428571,Dengan Pujian,31 Januari 2026,Sekolah Vokasi/D3 Teknik Mesin,0,cross_institution_program,UHN_Analis Kesehatan,0,Analis Kesehatan_Diploma Tiga,0,Analis Kesehatan_Baik Sekali,0,0.0
PMKM-INV-0112,PMKM,Teknik Komputer,Diploma 3,Baik,,,,,0,cross_institution_program,PMKM_Teknik Komputer,0,Teknik Komputer_Diploma 3,0,Teknik Komputer_Baik,0,0.0
PMKM-0793,PMKM,Analis Kesehatan,Diploma 3,Baik,,,,,1,none,PMKM_Analis Kesehatan,1,Analis Kesehatan_Diploma 3,1,Analis Kesehatan_Baik,1,1.0
UHN-0722,UHN,Teknik Informatika,Sarjana Terapan,Baik Sekali,3.7027027027027,Dengan Pujian,31 Januari 2026,Sekolah Vokasi/D4 Teknik Informatika,1,none,UHN_Teknik Informatika,1,Teknik Informatika_Sarjana Terapan,1,Teknik Informatika_Baik Sekali,1,1.0
UHN-INV-0675,UHN,Analis Kesehatan,Sarjana Terapan,Baik Sekali,3.53378378378378,Dengan Pujian,31 Januari 2026,Sekolah Vokasi/D4 Teknik Informatika,0,cross_institution_program,UHN_Analis Kesehatan,0,Analis Kesehatan_Sarjana Terapan,0,Analis Kesehatan_Baik Sekali,0,0.0
UHN-INV-0207,UHN,Analis Kesehatan,Diploma Tiga,Baik Sekali,3.73451327433628,Dengan Pujian,5 Februari 2026,Sekolah Vokasi/D3 Akuntansi,0,cross_institution_program,UHN_Analis Kesehatan,0,Analis Kesehatan_Diploma Tiga,0,Analis Kesehatan_Baik Sekali,0,0.0
UHN-INV-0227,UHN,Akuntansi,Diploma 3,Baik Sekali,3.70796460176991,Dengan Pujian,5 Februari 2026,Sekolah Vokasi/D3 Akuntansi,0,education_level_swap,UHN_Akuntansi,1,Akuntansi_Diploma 3,0,Akuntansi_Baik Sekali,1,0.6666666666666666
UHN-INV-0217,UHN,Akuntansi,Diploma Tiga,Baik,3.72566371681416,Dengan Pujian,5 Februari 2026,Sekolah Vokasi/D3 Akuntansi,0,accreditation_swap,UHN_Akuntansi,1,Akuntansi_Diploma Tiga,1,Akuntansi_Baik,0,0.6666666666666666
UHN-0426,UHN,Farmasi,Diploma Tiga,Baik Sekali,3.21428571428571,Sangat Memuaskan,31 Januari 2026,Sekolah Vokasi/D3 Farmasi,1,none,UHN_Farmasi,1,Farmasi_Diploma Tiga,1,Farmasi_Baik Sekali,1,1.0
UHN-0116,UHN,Desain Komunikasi Visual,Diploma Tiga,Baik,3.87610619469027,Dengan Pujian,31 Januari 2026,Sekolah Vokasi/D3 Desain Komunikasi Visual,1,none,UHN_Desain Komunikasi Visual,1,Desain Komunikasi Visual_Diploma Tiga,1,Desain Komunikasi Visual_Baik,1,1.0
UHN-INV-0079,UHN,Teknik Informatika,Sarjana,Terakreditasi,3.87333333333333,Dengan Pujian,31 Januari 2026,Fakultas Sains dan Teknologi/S1 Teknik Informatika,0,accreditation_swap,UHN_Teknik Informatika,1,Teknik Informatika_Sarjana,1,Teknik Informatika_Terakreditasi,0,0.6666666666666666
UHN-0630,UHN,Teknik Komputer,Diploma Tiga,Baik Sekali,3.40677966101695,Sangat Memuaskan,31 Januari 2026,Sekolah Vokasi/D3 Teknik Komputer,1,none,UHN_Teknik Komputer,1,Teknik Komputer_Diploma Tiga,1,Teknik Komputer_Baik Sekali,1,1.0
UHN-INV-0633,UHN,Manajemen Informatika,Diploma Tiga,Baik Sekali,3.4406779661017,Sangat Memuaskan,31 Januari 2026,Sekolah Vokasi/D3 Teknik Komputer,0,cross_institution_program,UHN_Manajemen Informatika,0,Manajemen Informatika_Diploma Tiga,0,Manajemen Informatika_Baik Sekali,0,0.0
UHN-0423,UHN,Farmasi,Diploma Tiga,Baik Sekali,3.09821428571429,Sangat Memuaskan,31 Januari 2026,Sekolah Vokasi/D3 Farmasi,1,none,UHN_Farmasi,1,Farmasi_Diploma Tiga,1,Farmasi_Baik Sekali,1,1.0
PMKM-0779,PMKM,Analis Kesehatan,Diploma 3,Baik,,,,,1,none,PMKM_Analis Kesehatan,1,Analis Kesehatan_Diploma 3,1,Analis Kesehatan_Baik,1,1.0
UHN-0298,UHN,Teknik Mesin,Diploma Tiga,Baik Sekali,3.27731092436975,Sangat Memuaskan,31 Januari 2026,Sekolah Vokasi/D3 Teknik Mesin,1,none,UHN_Teknik Mesin,1,Teknik Mesin_Diploma Tiga,1,Teknik Mesin_Baik Sekali,1,1.0
UHN-0186,UHN,Akuntansi,Diploma Tiga,Baik Sekali,3.74336283185841,Dengan Pujian,5 Februari 2026,Sekolah Vokasi/D3 Akuntansi,1,none,UHN_Akuntansi,1,Akuntansi_Diploma Tiga,1,Akuntansi_Baik Sekali,1,1.0
UHN-0272,UHN,Akuntansi,Diploma Tiga,Baik Sekali,3.19469026548673,Sangat Memuaskan,5 Februari 2026,Sekolah Vokasi/D3 Akuntansi,1,none,UHN_Akuntansi,1,Akuntansi_Diploma Tiga,1,Akuntansi_Baik Sekali,1,1.0
UHN-INV-0078,UHN,Manajemen Informatika,Sarjana,Baik,3.91,Dengan Pujian,31 Januari 2026,Fakultas Sains dan Teknologi/S1 Teknik Informatika,0,cross_institution_program,UHN_Manajemen Informatika,0,Manajemen Informatika_Sarjana,0,Manajemen Informatika_Baik,1,0.3333333333333333
UHN-INV-0452,UHN,Farmasi,Diploma 3,Baik Sekali,3.6875,Dengan Pujian,31 Januari 2026,Sekolah Vokasi/D3 Farmasi,0,education_level_swap,UHN_Farmasi,1,Farmasi_Diploma 3,1,Farmasi_Baik Sekali,1,1.0
UHN-INV-0042,UHN,Analis Kesehatan,Diploma Tiga,Baik,3.60714285714286,Dengan Pujian,31 Januari 2026,Sekolah Vokasi/D3 Keperawatan,0,cross_institution_program,UHN_Analis Kesehatan,0,Analis Kesehatan_Diploma Tiga,0,Analis Kesehatan_Baik,1,0.3333333333333333
UHN-0439,UHN,Farmasi,Diploma Tiga,Baik Sekali,3.6875,Dengan Pujian,31 Januari 2026,Sekolah Vokasi/D3 Farmasi,1,none,UHN_Farmasi,1,Farmasi_Diploma Tiga,1,Farmasi_Baik Sekali,1,1.0
PMKM-0799,PMKM,Analis Kesehatan,Diploma 3,Baik,,,,,1,none,PMKM_Analis Kesehatan,1,Analis Kesehatan_Diploma 3,1,Analis Kesehatan_Baik,1,1.0
UHN-0395,UHN,Farmasi,Diploma Tiga,Baik Sekali,3.5,Sangat Memuaskan,31 Januari 2026,Sekolah Vokasi/D3 Farmasi,1,none,UHN_Farmasi,1,Farmasi_Diploma Tiga,1,Farmasi_Baik Sekali,1,1.0
UHN-INV-0060,UHN,Analis Kesehatan,Sarjana,Baik,3.71333333333333,Dengan Pujian,31 Januari 2026,Fakultas Sains dan Teknologi/S1 Teknik Informatika,0,cross_institution_program,UHN_Analis Kesehatan,0,Analis Kesehatan_Sarjana,0,Analis Kesehatan_Baik,1,0.3333333333333333
UHN-INV-0064,UHN,Teknik Informatika,Sarjana,Terakreditasi,3.88666666666667,Dengan Pujian,31 Januari 2026,Fakultas Sains dan Teknologi/S1 Teknik Informatika,0,accreditation_swap,UHN_Teknik Informatika,1,Teknik Informatika_Sarjana,1,Teknik Informatika_Terakreditasi,0,0.6666666666666666
UHN-0555,UHN,Teknik Komputer,Diploma Tiga,Baik Sekali,3.76271186440678,Dengan Pujian,31 Januari 2026,Sekolah Vokasi/D3 Teknik Komputer,1,none,UHN_Teknik Komputer,1,Teknik Komputer_Diploma Tiga,1,Teknik Komputer_Baik Sekali,1,1.0
PMKM-INV-0004,PMKM,Akuntansi,Diploma 3,Baik,,,,,0,cross_institution_program,PMKM_Akuntansi,0,Akuntansi_Diploma 3,0,Akuntansi_Baik,0,0.0
PMKM-INV-0041,PMKM,Analis Kesehatan,Diploma 3,Baik Sekali,,,,,0,accreditation_swap,PMKM_Analis Kesehatan,1,Analis Kesehatan_Diploma 3,1,Analis Kesehatan_Baik Sekali,0,0.6666666666666666
UHN-0255,UHN,Akuntansi,Diploma Tiga,Baik Sekali,3.76991150442478,Dengan Pujian,5 Februari 2026,Sekolah Vokasi/D3 Akuntansi,1,none,UHN_Akuntansi,1,Akuntansi_Diploma Tiga,1,Akuntansi_Baik Sekali,1,1.0
UHN-0430,UHN,Farmasi,Diploma Tiga,Baik Sekali,3.50892857142857,Dengan Pujian,31 Januari 2026,Sekolah Vokasi/D3 Farmasi,1,none,UHN_Farmasi,1,Farmasi_Diploma Tiga,1,Farmasi_Baik Sekali,1,1.0
UHN-INV-0727,UHN,Teknik Informatika,Sarjana Terapan,Terakreditasi,3.25675675675676,Sangat Memuaskan,31 Januari 2026,Sekolah Vokasi/D4 Teknik Informatika,0,accreditation_swap,UHN_Teknik Informatika,1,Teknik Informatika_Sarjana Terapan,1,Teknik Informatika_Terakreditasi,0,0.6666666666666666
PMKM-INV-0061,PMKM,Akuntansi,Diploma 3,Baik,,,,,0,cross_institution_program,PMKM_Akuntansi,0,Akuntansi_Diploma 3,0,Akuntansi_Baik,0,0.0
PMKM-0858,PMKM,Manajemen Informatika,Diploma 3,Baik,,,,,1,none,PMKM_Manajemen Informatika,1,Manajemen Informatika_Diploma 3,1,Manajemen Informatika_Baik,1,1.0
UHN-0577,UHN,Teknik Komputer,Diploma Tiga,Baik Sekali,3.76271186440678,Dengan Pujian,31 Januari 2026,Sekolah Vokasi/D3 Teknik Komputer,1,none,UHN_Teknik Komputer,1,Teknik Komputer_Diploma Tiga,1,Teknik Komputer_Baik Sekali,1,1.0
UHN-INV-0566,UHN,Teknik Komputer,Sarjana Terapan,Baik Sekali,3.69491525423729,Dengan Pujian,31 Januari 2026,Sekolah Vokasi/D3 Teknik Komputer,0,education_level_swap,UHN_Teknik Komputer,1,Teknik Komputer_Sarjana Terapan,0,Teknik Komputer_Baik Sekali,1,0.6666666666666666
UHN-0415,UHN,Farmasi,Diploma Tiga,Baik Sekali,3.55357142857143,Dengan Pujian,31 Januari 2026,Sekolah Vokasi/D3 Farmasi,1,none,UHN_Farmasi,1,Farmasi_Diploma Tiga,1,Farmasi_Baik Sekali,1,1.0
UHN-0463,UHN,Farmasi,Diploma Tiga,Baik Sekali,3.58035714285714,Dengan Pujian,31 Januari 2026,Sekolah Vokasi/D3 Farmasi,1,none,UHN_Farmasi,1,Farmasi_Diploma Tiga,1,Farmasi_Baik Sekali,1,1.0
UHN-0050,UHN,Sistem Informasi,Sarjana,Baik,3.84,Dengan Pujian,31 Januari 2026,Fakultas Sains dan Teknologi/S1 Sistem Informasi,1,none,UHN_Sistem Informasi,1,Sistem Informasi_Sarjana,1,Sistem Informasi_Baik,1,1.0
UHN-0568,UHN,Teknik Komputer,Diploma Tiga,Baik Sekali,3.67796610169492,Dengan Pujian,31 Januari 2026,Sekolah Vokasi/D3 Teknik Komputer,1,none,UHN_Teknik Komputer,1,Teknik Komputer_Diploma Tiga,1,Teknik Komputer_Baik Sekali,1,1.0
UHN-0552,UHN,Teknik Komputer,Diploma Tiga,Baik Sekali,3.66101694915254,Dengan Pujian,31 Januari 2026,Sekolah Vokasi/D3 Teknik Komputer,1,none,UHN_Teknik Komputer,1,Teknik Komputer_Diploma Tiga,1,Teknik Komputer_Baik Sekali,1,1.0
UHN-INV-0294,UHN,Manajemen Informatika,Diploma Tiga,Baik Sekali,3.82352941176471,Dengan Pujian,31 Januari 2026,Sekolah Vokasi/D3 Teknik Mesin,0,cross_institution_program,UHN_Manajemen Informatika,0,Manajemen Informatika_Diploma Tiga,0,Manajemen Informatika_Baik Sekali,0,0.0
UHN-INV-0103,UHN,Desain Komunikasi Visual,Diploma Tiga,Baik Sekali,3.30088495575221,Sangat Memuaskan,31 Januari 2026,Sekolah Vokasi/D3 Desain Komunikasi Visual,0,accreditation_swap,UHN_Desain Komunikasi Visual,1,Desain Komunikasi Visual_Diploma Tiga,1,Desain Komunikasi Visual_Baik Sekali,0,0.6666666666666666
UHN-0325,UHN,Teknik Mesin,Diploma Tiga,Baik Sekali,3.43697478991597,Sangat Memuaskan,31 Januari 2026,Sekolah Vokasi/D3 Teknik Mesin,1,none,UHN_Teknik Mesin,1,Teknik Mesin_Diploma Tiga,1,Teknik Mesin_Baik Sekali,1,1.0
UHN-INV-0655,UHN,Teknik Komputer,Diploma Tiga,Terakreditasi,3.86440677966102,Dengan Pujian,31 Januari 2026,Sekolah Vokasi/D3 Teknik Komputer,0,accreditation_swap,UHN_Teknik Komputer,1,Teknik Komputer_Diploma Tiga,1,Teknik Komputer_Terakreditasi,0,0.6666666666666666
PMKM-INV-0115,PMKM,Teknik Informatika,Diploma 3,Baik,,,,,0,cross_institution_program,PMKM_Teknik Informatika,0,Teknik Informatika_Diploma 3,0,Teknik Informatika_Baik,1,0.3333333333333333
UHN-0372,UHN,Farmasi,Diploma Tiga,Baik Sekali,2.98214285714286,Sangat Memuaskan,31 Januari 2026,Sekolah Vokasi/D3 Farmasi,1,none,UHN_Farmasi,1,Farmasi_Diploma Tiga,1,Farmasi_Baik Sekali,1,1.0
UHN-INV-0101,UHN,Desain Komunikasi Visual,Sarjana,Baik,3.23008849557522,Sangat Memuaskan,31 Januari 2026,Sekolah Vokasi/D3 Desain Komunikasi Visual,0,education_level_swap,UHN_Desain Komunikasi Visual,1,Desain Komunikasi Visual_Sarjana,0,Desain Komunikasi Visual_Baik,1,0.6666666666666666
UHN-0204,UHN,Akuntansi,Diploma Tiga,Baik Sekali,3.86725663716814,Dengan Pujian,5 Februari 2026,Sekolah Vokasi/D3 Akuntansi,1,none,UHN_Akuntansi,1,Akuntansi_Diploma Tiga,1,Akuntansi_Baik Sekali,1,1.0
PMKM-INV-0022,PMKM,Kebidanan,Diploma 3,Baik,,,,,0,cross_institution_program,PMKM_Kebidanan,0,Kebidanan_Diploma 3,0,Kebidanan_Baik,0,0.0
PMKM-INV-0083,PMKM,Farmasi,Diploma 3,Baik Sekali,,,,,0,accreditation_swap,PMKM_Farmasi,1,Farmasi_Diploma 3,1,Farmasi_Baik Sekali,1,1.0
PMKM-0843,PMKM,Farmasi,Diploma 3,Baik,,,,,1,none,PMKM_Farmasi,1,Farmasi_Diploma 3,1,Farmasi_Baik,1,1.0
UHN-0079,UHN,Teknik Informatika,Sarjana,Baik,3.87333333333333,Dengan Pujian,31 Januari 2026,Fakultas Sains dan Teknologi/S1 Teknik Informatika,1,none,UHN_Teknik Informatika,1,Teknik Informatika_Sarjana,1,Teknik Informatika_Baik,1,1.0
UHN-0725,UHN,Teknik Informatika,Sarjana Terapan,Baik Sekali,3.90540540540541,Dengan Pujian,31 Januari 2026,Sekolah Vokasi/D4 Teknik Informatika,1,none,UHN_Teknik Informatika,1,Teknik Informatika_Sarjana Terapan,1,Teknik Informatika_Baik Sekali,1,1.0
UHN-0535,UHN,Teknik Komputer,Diploma Tiga,Baik Sekali,3.38983050847458,Sangat Memuaskan,31 Januari 2026,Sekolah Vokasi/D3 Teknik Komputer,1,none,UHN_Teknik Komputer,1,Teknik Komputer_Diploma Tiga,1,Teknik Komputer_Baik Sekali,1,1.0
UHN-INV-0157,UHN,Akuntansi,Diploma Tiga,Baik,3.78761061946903,Dengan Pujian,5 Februari 2026,Sekolah Vokasi/D3 Akuntansi,0,accreditation_swap,UHN_Akuntansi,1,Akuntansi_Diploma Tiga,1,Akuntansi_Baik,0,0.6666666666666666
UHN-INV-0475,UHN,Farmasi,Diploma Tiga,Baik,3.33035714285714,Sangat Memuaskan,31 Januari 2026,Sekolah Vokasi/D3 Farmasi,0,accreditation_swap,UHN_Farmasi,1,Farmasi_Diploma Tiga,1,Farmasi_Baik,1,1.0
PMKM-INV-0099,PMKM,Farmasi,Sarjana,Baik,,,,,0,education_level_swap,PMKM_Farmasi,1,Farmasi_Sarjana,0,Farmasi_Baik,1,0.6666666666666666
UHN-0071,UHN,Teknik Informatika,Sarjana,Baik,3.41666666666667,Sangat Memuaskan,31 Januari 2026,Fakultas Sains dan Teknologi/S1 Teknik Informatika,1,none,UHN_Teknik Informatika,1,Teknik Informatika_Sarjana,1,Teknik Informatika_Baik,1,1.0
UHN-0614,UHN,Teknik Komputer,Diploma Tiga,Baik Sekali,3.84745762711864,Dengan Pujian,31 Januari 2026,Sekolah Vokasi/D3 Teknik Komputer,1,none,UHN_Teknik Komputer,1,Teknik Komputer_Diploma Tiga,1,Teknik Komputer_Baik Sekali,1,1.0
PMKM-INV-0034,PMKM,Akuntansi,Diploma 3,Baik,,,,,0,cross_institution_program,PMKM_Akuntansi,0,Akuntansi_Diploma 3,0,Akuntansi_Baik,0,0.0
UHN-0070,UHN,Teknik Informatika,Sarjana,Baik,3.81,Dengan Pujian,31 Januari 2026,Fakultas Sains dan Teknologi/S1 Teknik Informatika,1,none,UHN_Teknik Informatika,1,Teknik Informatika_Sarjana,1,Teknik Informatika_Baik,1,1.0
UHN-INV-0339,UHN,Analis Kesehatan,Diploma Tiga,Terakreditasi,3.66101694915254,Dengan Pujian,31 Januari 2026,Sekolah Vokasi/D3 Teknik Elektronika,0,cross_institution_program,UHN_Analis Kesehatan,0,Analis Kesehatan_Diploma Tiga,0,Analis Kesehatan_Terakreditasi,0,0.0
UHN-INV-0143,UHN,Kebidanan,Sarjana Terapan,Baik Sekali,3.52100840336134,Dengan Pujian,31 Januari 2026,Sekolah Vokasi/D3 Kebidanan,0,education_level_swap,UHN_Kebidanan,1,Kebidanan_Sarjana Terapan,0,Kebidanan_Baik Sekali,1,0.6666666666666666
PMKM-INV-0065,PMKM,Analis Kesehatan,Diploma 3,Baik Sekali,,,,,0,accreditation_swap,PMKM_Analis Kesehatan,1,Analis Kesehatan_Diploma 3,1,Analis Kesehatan_Baik Sekali,0,0.6666666666666666
UHN-INV-0470,UHN,Farmasi,Sarjana Terapan,Baik Sekali,3.05357142857143,Sangat Memuaskan,31 Januari 2026,Sekolah Vokasi/D3 Farmasi,0,education_level_swap,UHN_Farmasi,1,Farmasi_Sarjana Terapan,0,Farmasi_Baik Sekali,1,0.6666666666666666
UHN-0495,UHN,Farmasi,Diploma Tiga,Baik Sekali,3.5,Sangat Memuaskan,31 Januari 2026,Sekolah Vokasi/D3 Farmasi,1,none,UHN_Farmasi,1,Farmasi_Diploma Tiga,1,Farmasi_Baik Sekali,1,1.0
PMKM-INV-0070,PMKM,Teknik Komputer,Diploma 3,Baik,,,,,0,cross_institution_program,PMKM_Teknik Komputer,0,Teknik Komputer_Diploma 3,0,Teknik Komputer_Baik,0,0.0
UHN-INV-0607,UHN,Teknik Komputer,Diploma Tiga,Baik,2.88135593220339,Sangat Memuaskan,31 Januari 2026,Sekolah Vokasi/D3 Teknik Komputer,0,accreditation_swap,UHN_Teknik Komputer,1,Teknik Komputer_Diploma Tiga,1,Teknik Komputer_Baik,0,0.6666666666666666
UHN-INV-0137,UHN,Desain Komunikasi Visual,Diploma 3,Baik,3.07079646017699,Sangat Memuaskan,31 Januari 2026,Sekolah Vokasi/D3 Desain Komunikasi Visual,0,education_level_swap,UHN_Desain Komunikasi Visual,1,Desain Komunikasi Visual_Diploma 3,0,Desain Komunikasi Visual_Baik,1,0.6666666666666666
UHN-INV-0722,UHN,Teknik Informatika,Diploma 3,Baik Sekali,3.7027027027027,Dengan Pujian,31 Januari 2026,Sekolah Vokasi/D4 Teknik Informatika,0,education_level_swap,UHN_Teknik Informatika,1,Teknik Informatika_Diploma 3,0,Teknik Informatika_Baik Sekali,1,0.6666666666666666
UHN-0638,UHN,Teknik Komputer,Diploma Tiga,Baik Sekali,3.84745762711864,Dengan Pujian,31 Januari 2026,Sekolah Vokasi/D3 Teknik Komputer,1,none,UHN_Teknik Komputer,1,Teknik Komputer_Diploma Tiga,1,Teknik Komputer_Baik Sekali,1,1.0
UHN-0368,UHN,Perhotelan,Diploma Tiga,Baik,3.34166666666667,Sangat Memuaskan,31 Januari 2026,Sekolah Vokasi/D3 Perhotelan,1,none,UHN_Perhotelan,1,Perhotelan_Diploma Tiga,1,Perhotelan_Baik,1,1.0
UHN-0276,UHN,Akuntansi,Diploma Tiga,Baik Sekali,3.65486725663717,Dengan Pujian,5 Februari 2026,Sekolah Vokasi/D3 Akuntansi,1,none,UHN_Akuntansi,1,Akuntansi_Diploma Tiga,1,Akuntansi_Baik Sekali,1,1.0
UHN-0721,UHN,Teknik Informatika,Sarjana Terapan,Baik Sekali,3.81081081081081,Dengan Pujian,31 Januari 2026,Sekolah Vokasi/D4 Teknik Informatika,1,none,UHN_Teknik Informatika,1,Teknik Informatika_Sarjana Terapan,1,Teknik Informatika_Baik Sekali,1,1.0
UHN-0066,UHN,Teknik Informatika,Sarjana,Baik,3.68333333333333,Dengan Pujian,31 Januari 2026,Fakultas Sains dan Teknologi/S1 Teknik Informatika,1,none,UHN_Teknik Informatika,1,Teknik Informatika_Sarjana,1,Teknik Informatika_Baik,1,1.0
UHN-INV-0186,UHN,Analis Kesehatan,Diploma Tiga,Baik Sekali,3.74336283185841,Dengan Pujian,5 Februari 2026,Sekolah Vokasi/D3 Akuntansi,0,cross_institution_program,UHN_Analis Kesehatan,0,Analis Kesehatan_Diploma Tiga,0,Analis Kesehatan_Baik Sekali,0,0.0
UHN-0716,UHN,Teknik Informatika,Sarjana Terapan,Baik Sekali,3.64189189189189,Dengan Pujian,31 Januari 2026,Sekolah Vokasi/D4 Teknik Informatika,1,none,UHN_Teknik Informatika,1,Teknik Informatika_Sarjana Terapan,1,Teknik Informatika_Baik Sekali,1,1.0
UHN-0571,UHN,Teknik Komputer,Diploma Tiga,Baik Sekali,3.52542372881356,Dengan Pujian,31 Januari 2026,Sekolah Vokasi/D3 Teknik Komputer,1,none,UHN_Teknik Komputer,1,Teknik Komputer_Diploma Tiga,1,Teknik Komputer_Baik Sekali,1,1.0
UHN-INV-0270,UHN,Analis Kesehatan,Diploma Tiga,Baik Sekali,3.95575221238938,Dengan Pujian,5 Februari 2026,Sekolah Vokasi/D3 Akuntansi,0,cross_institution_program,UHN_Analis Kesehatan,0,Analis Kesehatan_Diploma Tiga,0,Analis Kesehatan_Baik Sekali,0,0.0
UHN-0515,UHN,Teknik Komputer,Diploma Tiga,Baik Sekali,3.94915254237288,Dengan Pujian,31 Januari 2026,Sekolah Vokasi/D3 Teknik Komputer,1,none,UHN_Teknik Komputer,1,Teknik Komputer_Diploma Tiga,1,Teknik Komputer_Baik Sekali,1,1.0
PMKM-0839,PMKM,Farmasi,Diploma 3,Baik,,,,,1,none,PMKM_Farmasi,1,Farmasi_Diploma 3,1,Farmasi_Baik,1,1.0
UHN-0136,UHN,Desain Komunikasi Visual,Diploma Tiga,Baik,3.13274336283186,Sangat Memuaskan,31 Januari 2026,Sekolah Vokasi/D3 Desain Komunikasi Visual,1,none,UHN_Desain Komunikasi Visual,1,Desain Komunikasi Visual_Diploma Tiga,1,Desain Komunikasi Visual_Baik,1,1.0
UHN-0240,UHN,Akuntansi,Diploma Tiga,Baik Sekali,3.85840707964602,Dengan Pujian,5 Februari 2026,Sekolah Vokasi/D3 Akuntansi,1,none,UHN_Akuntansi,1,Akuntansi_Diploma Tiga,1,Akuntansi_Baik Sekali,1,1.0
UHN-0290,UHN,Akuntansi,Diploma Tiga,Baik Sekali,3.67256637168142,Dengan Pujian,5 Februari 2026,Sekolah Vokasi/D3 Akuntansi,1,none,UHN_Akuntansi,1,Akuntansi_Diploma Tiga,1,Akuntansi_Baik Sekali,1,1.0
UHN-INV-0540,UHN,Manajemen Informatika,Diploma Tiga,Baik Sekali,3.33898305084746,Sangat Memuaskan,31 Januari 2026,Sekolah Vokasi/D3 Teknik Komputer,0,cross_institution_program,UHN_Manajemen Informatika,0,Manajemen Informatika_Diploma Tiga,0,Manajemen Informatika_Baik Sekali,0,0.0
UHN-0030,UHN,Keperawatan,Diploma Tiga,Baik,3.92857142857143,Dengan Pujian,31 Januari 2026,Sekolah Vokasi/D3 Keperawatan,1,none,UHN_Keperawatan,1,Keperawatan_Diploma Tiga,1,Keperawatan_Baik,1,1.0
UHN-0465,UHN,Farmasi,Diploma Tiga,Baik Sekali,3.45535714285714,Sangat Memuaskan,31 Januari 2026,Sekolah Vokasi/D3 Farmasi,1,none,UHN_Farmasi,1,Farmasi_Diploma Tiga,1,Farmasi_Baik Sekali,1,1.0
PMKM-INV-0052,PMKM,Sistem Informasi,Diploma 3,Baik,,,,,0,cross_institution_program,PMKM_Sistem Informasi,0,Sistem Informasi_Diploma 3,0,Sistem Informasi_Baik,1,0.3333333333333333
UHN-INV-0560,UHN,Teknik Komputer,Diploma 3,Baik Sekali,3.6271186440678,Dengan Pujian,31 Januari 2026,Sekolah Vokasi/D3 Teknik Komputer,0,education_level_swap,UHN_Teknik Komputer,1,Teknik Komputer_Diploma 3,0,Teknik Komputer_Baik Sekali,1,0.6666666666666666
UHN-0031,UHN,Keperawatan,Diploma Tiga,Baik,3.91964285714286,Dengan Pujian,31 Januari 2026,Sekolah Vokasi/D3 Keperawatan,1,none,UHN_Keperawatan,1,Keperawatan_Diploma Tiga,1,Keperawatan_Baik,1,1.0
PMKM-INV-0111,PMKM,Manajemen Informatika,Sarjana Terapan,Baik,,,,,0,education_level_swap,PMKM_Manajemen Informatika,1,Manajemen Informatika_Sarjana Terapan,0,Manajemen Informatika_Baik,1,0.6666666666666666
PMKM-INV-0029,PMKM,Analis Kesehatan,Diploma 3,Baik Sekali,,,,,0,accreditation_swap,PMKM_Analis Kesehatan,1,Analis Kesehatan_Diploma 3,1,Analis Kesehatan_Baik Sekali,0,0.6666666666666666
UHN-INV-0255,UHN,Analis Kesehatan,Diploma Tiga,Baik Sekali,3.76991150442478,Dengan Pujian,5 Februari 2026,Sekolah Vokasi/D3 Akuntansi,0,cross_institution_program,UHN_Analis Kesehatan,0,Analis Kesehatan_Diploma Tiga,0,Analis Kesehatan_Baik Sekali,0,0.0
UHN-0304,UHN,Teknik Mesin,Diploma Tiga,Baik Sekali,3.7563025210084,Dengan Pujian,31 Januari 2026,Sekolah Vokasi/D3 Teknik Mesin,1,none,UHN_Teknik Mesin,1,Teknik Mesin_Diploma Tiga,1,Teknik Mesin_Baik Sekali,1,1.0
UHN-0100,UHN,Desain Komunikasi Visual,Diploma Tiga,Baik,3.4070796460177,Sangat Memuaskan,31 Januari 2026,Sekolah Vokasi/D3 Desain Komunikasi Visual,1,none,UHN_Desain Komunikasi Visual,1,Desain Komunikasi Visual_Diploma Tiga,1,Desain Komunikasi Visual_Baik,1,1.0
UHN-0399,UHN,Farmasi,Diploma Tiga,Baik Sekali,3.23214285714286,Sangat Memuaskan,31 Januari 2026,Sekolah Vokasi/D3 Farmasi,1,none,UHN_Farmasi,1,Farmasi_Diploma Tiga,1,Farmasi_Baik Sekali,1,1.0
UHN-0260,UHN,Akuntansi,Diploma Tiga,Baik Sekali,3.91150442477876,Dengan Pujian,5 Februari 2026,Sekolah Vokasi/D3 Akuntansi,1,none,UHN_Akuntansi,1,Akuntansi_Diploma Tiga,1,Akuntansi_Baik Sekali,1,1.0
UHN-0352,UHN,Teknik Elektronika,Diploma Tiga,Terakreditasi,3.34745762711864,Sangat Memuaskan,31 Januari 2026,Sekolah Vokasi/D3 Teknik Elektronika,1,none,UHN_Teknik Elektronika,1,Teknik Elektronika_Diploma Tiga,1,Teknik Elektronika_Terakreditasi,1,1.0
UHN-INV-0013,UHN,Keperawatan,Diploma Tiga,Baik Sekali,3.41071428571429,Sangat Memuaskan,31 Januari 2026,Sekolah Vokasi/D3 Keperawatan,0,accreditation_swap,UHN_Keperawatan,1,Keperawatan_Diploma Tiga,1,Keperawatan_Baik Sekali,0,0.6666666666666666
UHN-INV-0018,UHN,Analis Kesehatan,Diploma Tiga,Baik,3.39285714285714,Sangat Memuaskan,31 Januari 2026,Sekolah Vokasi/D3 Keperawatan,0,cross_institution_program,UHN_Analis Kesehatan,0,Analis Kesehatan_Diploma Tiga,0,Analis Kesehatan_Baik,1,0.3333333333333333
UHN-0252,UHN,Akuntansi,Diploma Tiga,Baik Sekali,3.60176991150443,Dengan Pujian,5 Februari 2026,Sekolah Vokasi/D3 Akuntansi,1,none,UHN_Akuntansi,1,Akuntansi_Diploma Tiga,1,Akuntansi_Baik Sekali,1,1.0
UHN-INV-0070,UHN,Teknik Informatika,Sarjana,Terakreditasi,3.81,Dengan Pujian,31 Januari 2026,Fakultas Sains dan Teknologi/S1 Teknik Informatika,0,accreditation_swap,UHN_Teknik Informatika,1,Teknik Informatika_Sarjana,1,Teknik Informatika_Terakreditasi,0,0.6666666666666666
UHN-INV-0640,UHN,Teknik Komputer,Diploma Tiga,Terakreditasi,3.74576271186441,Dengan Pujian,31 Januari 2026,Sekolah Vokasi/D3 Teknik Komputer,0,accreditation_swap,UHN_Teknik Komputer,1,Teknik Komputer_Diploma Tiga,1,Teknik Komputer_Terakreditasi,0,0.6666666666666666
PMKM-INV-0046,PMKM,Akuntansi,Diploma 3,Baik,,,,,0,cross_institution_program,PMKM_Akuntansi,0,Akuntansi_Diploma 3,0,Akuntansi_Baik,0,0.0
PMKM-INV-0048,PMKM,Analis Kesehatan,Sarjana Terapan,Baik,,,,,0,education_level_swap,PMKM_Analis Kesehatan,1,Analis Kesehatan_Sarjana Terapan,0,Analis Kesehatan_Baik,1,0.6666666666666666
UHN-INV-0328,UHN,Teknik Mesin,Diploma Tiga,Terakreditasi,3.32773109243698,Sangat Memuaskan,31 Januari 2026,Sekolah Vokasi/D3 Teknik Mesin,0,accreditation_swap,UHN_Teknik Mesin,1,Teknik Mesin_Diploma Tiga,1,Teknik Mesin_Terakreditasi,0,0.6666666666666666
UHN-0033,UHN,Keperawatan,Diploma Tiga,Baik,3.66964285714286,Dengan Pujian,31 Januari 2026,Sekolah Vokasi/D3 Keperawatan,1,none,UHN_Keperawatan,1,Keperawatan_Diploma Tiga,1,Keperawatan_Baik,1,1.0
UHN-INV-0451,UHN,Farmasi,Diploma Tiga,Baik,3.71428571428571,Dengan Pujian,31 Januari 2026,Sekolah Vokasi/D3 Farmasi,0,accreditation_swap,UHN_Farmasi,1,Farmasi_Diploma Tiga,1,Farmasi_Baik,1,1.0
UHN-INV-0616,UHN,Teknik Komputer,Diploma Tiga,Baik,3.72881355932203,Dengan Pujian,31 Januari 2026,Sekolah Vokasi/D3 Teknik Komputer,0,accreditation_swap,UHN_Teknik Komputer,1,Teknik Komputer_Diploma Tiga,1,Teknik Komputer_Baik,0,0.6666666666666666
UHN-0384,UHN,Farmasi,Diploma Tiga,Baik Sekali,3.58035714285714,Dengan Pujian,31 Januari 2026,Sekolah Vokasi/D3 Farmasi,1,none,UHN_Farmasi,1,Farmasi_Diploma Tiga,1,Farmasi_Baik Sekali,1,1.0
UHN-0417,UHN,Farmasi,Diploma Tiga,Baik Sekali,3.44642857142857,Sangat Memuaskan,31 Januari 2026,Sekolah Vokasi/D3 Farmasi,1,none,UHN_Farmasi,1,Farmasi_Diploma Tiga,1,Farmasi_Baik Sekali,1,1.0
UHN-INV-0004,UHN,Keperawatan,Diploma Tiga,Baik Sekali,3.44642857142857,Sangat Memuaskan,31 Januari 2026,Sekolah Vokasi/D3 Keperawatan,0,accreditation_swap,UHN_Keperawatan,1,Keperawatan_Diploma Tiga,1,Keperawatan_Baik Sekali,0,0.6666666666666666
PMKM-0845,PMKM,Farmasi,Diploma 3,Baik,,,,,1,none,PMKM_Farmasi,1,Farmasi_Diploma 3,1,Farmasi_Baik,1,1.0
UHN-INV-0580,UHN,Teknik Komputer,Diploma Tiga,Baik,3.86440677966102,Dengan Pujian,31 Januari 2026,Sekolah Vokasi/D3 Teknik Komputer,0,accreditation_swap,UHN_Teknik Komputer,1,Teknik Komputer_Diploma Tiga,1,Teknik Komputer_Baik,0,0.6666666666666666
UHN-0299,UHN,Teknik Mesin,Diploma Tiga,Baik Sekali,3.68067226890756,Dengan Pujian,31 Januari 2026,Sekolah Vokasi/D3 Teknik Mesin,1,none,UHN_Teknik Mesin,1,Teknik Mesin_Diploma Tiga,1,Teknik Mesin_Baik Sekali,1,1.0
UHN-0482,UHN,Farmasi,Diploma Tiga,Baik Sekali,3.11607142857143,Sangat Memuaskan,31 Januari 2026,Sekolah Vokasi/D3 Farmasi,1,none,UHN_Farmasi,1,Farmasi_Diploma Tiga,1,Farmasi_Baik Sekali,1,1.0
UHN-0045,UHN,Keperawatan,Diploma Tiga,Baik,3.44642857142857,Sangat Memuaskan,31 Januari 2026,Sekolah Vokasi/D3 Keperawatan,1,none,UHN_Keperawatan,1,Keperawatan_Diploma Tiga,1,Keperawatan_Baik,1,1.0
UHN-0174,UHN,Akuntansi,Diploma Tiga,Baik Sekali,3.95575221238938,Dengan Pujian,5 Februari 2026,Sekolah Vokasi/D3 Akuntansi,1,none,UHN_Akuntansi,1,Akuntansi_Diploma Tiga,1,Akuntansi_Baik Sekali,1,1.0
UHN-INV-0384,UHN,Manajemen Informatika,Diploma Tiga,Baik Sekali,3.58035714285714,Dengan Pujian,31 Januari 2026,Sekolah Vokasi/D3 Farmasi,0,cross_institution_program,UHN_Manajemen Informatika,0,Manajemen Informatika_Diploma Tiga,0,Manajemen Informatika_Baik Sekali,0,0.0
UHN-0619,UHN,Teknik Komputer,Diploma Tiga,Baik Sekali,3.50847457627119,Dengan Pujian,31 Januari 2026,Sekolah Vokasi/D3 Teknik Komputer,1,none,UHN_Teknik Komputer,1,Teknik Komputer_Diploma Tiga,1,Teknik Komputer_Baik Sekali,1,1.0
UHN-INV-0040,UHN,Keperawatan,Diploma Tiga,Baik Sekali,3.65178571428571,Dengan Pujian,31 Januari 2026,Sekolah Vokasi/D3 Keperawatan,0,accreditation_swap,UHN_Keperawatan,1,Keperawatan_Diploma Tiga,1,Keperawatan_Baik Sekali,0,0.6666666666666666
UHN-0060,UHN,Teknik Informatika,Sarjana,Baik,3.71333333333333,Dengan Pujian,31 Januari 2026,Fakultas Sains dan Teknologi/S1 Teknik Informatika,1,none,UHN_Teknik Informatika,1,Teknik Informatika_Sarjana,1,Teknik Informatika_Baik,1,1.0
UHN-INV-0376,UHN,Farmasi,Diploma Tiga,Terakreditasi,2.86607142857143,Sangat Memuaskan,31 Januari 2026,Sekolah Vokasi/D3 Farmasi,0,accreditation_swap,UHN_Farmasi,1,Farmasi_Diploma Tiga,1,Farmasi_Terakreditasi,0,0.6666666666666666
UHN-INV-0544,UHN,Teknik Komputer,Diploma Tiga,Terakreditasi,3.69491525423729,Dengan Pujian,31 Januari 2026,Sekolah Vokasi/D3 Teknik Komputer,0,accreditation_swap,UHN_Teknik Komputer,1,Teknik Komputer_Diploma Tiga,1,Teknik Komputer_Terakreditasi,0,0.6666666666666666
UHN-0744,UHN,Teknik Informatika,Sarjana Terapan,Baik Sekali,3.64864864864865,Dengan Pujian,31 Januari 2026,Sekolah Vokasi/D4 Teknik Informatika,1,none,UHN_Teknik Informatika,1,Teknik Informatika_Sarjana Terapan,1,Teknik Informatika_Baik Sekali,1,1.0
UHN-0615,UHN,Teknik Komputer,Diploma Tiga,Baik Sekali,3.93220338983051,Dengan Pujian,31 Januari 2026,Sekolah Vokasi/D3 Teknik Komputer,1,none,UHN_Teknik Komputer,1,Teknik Komputer_Diploma Tiga,1,Teknik Komputer_Baik Sekali,1,1.0
UHN-0680,UHN,Teknik Informatika,Sarjana Terapan,Baik Sekali,3.2027027027027,Sangat Memuaskan,31 Januari 2026,Sekolah Vokasi/D4 Teknik Informatika,1,none,UHN_Teknik Informatika,1,Teknik Informatika_Sarjana Terapan,1,Teknik Informatika_Baik Sekali,1,1.0
PMKM-INV-0045,PMKM,Analis Kesehatan,Sarjana,Baik,,,,,0,education_level_swap,PMKM_Analis Kesehatan,1,Analis Kesehatan_Sarjana,0,Analis Kesehatan_Baik,1,0.6666666666666666
UHN-0241,UHN,Akuntansi,Diploma Tiga,Baik Sekali,3.70796460176991,Dengan Pujian,5 Februari 2026,Sekolah Vokasi/D3 Akuntansi,1,none,UHN_Akuntansi,1,Akuntansi_Diploma Tiga,1,Akuntansi_Baik Sekali,1,1.0
UHN-INV-0345,UHN,Analis Kesehatan,Diploma Tiga,Terakreditasi,3.5,Sangat Memuaskan,31 Januari 2026,Sekolah Vokasi/D3 Teknik Elektronika,0,cross_institution_program,UHN_Analis Kesehatan,0,Analis Kesehatan_Diploma Tiga,0,Analis Kesehatan_Terakreditasi,0,0.0
UHN-INV-0519,UHN,Analis Kesehatan,Diploma Tiga,Baik Sekali,3.55932203389831,Dengan Pujian,31 Januari 2026,Sekolah Vokasi/D3 Teknik Komputer,0,cross_institution_program,UHN_Analis Kesehatan,0,Analis Kesehatan_Diploma Tiga,0,Analis Kesehatan_Baik Sekali,0,0.0
UHN-0708,UHN,Teknik Informatika,Sarjana Terapan,Baik Sekali,3.83108108108108,Dengan Pujian,31 Januari 2026,Sekolah Vokasi/D4 Teknik Informatika,1,none,UHN_Teknik Informatika,1,Teknik Informatika_Sarjana Terapan,1,Teknik Informatika_Baik Sekali,1,1.0
UHN-INV-0257,UHN,Akuntansi,Diploma 3,Baik Sekali,3.89380530973451,Dengan Pujian,5 Februari 2026,Sekolah Vokasi/D3 Akuntansi,0,education_level_swap,UHN_Akuntansi,1,Akuntansi_Diploma 3,0,Akuntansi_Baik Sekali,1,0.6666666666666666
PMKM-INV-0038,PMKM,Analis Kesehatan,Diploma 3,Terakreditasi,,,,,0,accreditation_swap,PMKM_Analis Kesehatan,1,Analis Kesehatan_Diploma 3,1,Analis Kesehatan_Terakreditasi,0,0.6666666666666666
UHN-INV-0311,UHN,Teknik Mesin,Diploma 3,Baik Sekali,3.74789915966387,Dengan Pujian,31 Januari 2026,Sekolah Vokasi/D3 Teknik Mesin,0,education_level_swap,UHN_Teknik Mesin,1,Teknik Mesin_Diploma 3,0,Teknik Mesin_Baik Sekali,1,0.6666666666666666
UHN-0416,UHN,Farmasi,Diploma Tiga,Baik Sekali,3.46428571428571,Sangat Memuaskan,31 Januari 2026,Sekolah Vokasi/D3 Farmasi,1,none,UHN_Farmasi,1,Farmasi_Diploma Tiga,1,Farmasi_Baik Sekali,1,1.0
UHN-INV-0528,UHN,Manajemen Informatika,Diploma Tiga,Baik Sekali,3.45762711864407,Sangat Memuaskan,31 Januari 2026,Sekolah Vokasi/D3 Teknik Komputer,0,cross_institution_program,UHN_Manajemen Informatika,0,Manajemen Informatika_Diploma Tiga,0,Manajemen Informatika_Baik Sekali,0,0.0
PMKM-INV-0105,PMKM,Analis Kesehatan,Sarjana,Baik,,,,,0,education_level_swap,PMKM_Analis Kesehatan,1,Analis Kesehatan_Sarjana,0,Analis Kesehatan_Baik,1,0.6666666666666666
UHN-INV-0738,UHN,Analis Kesehatan,Sarjana Terapan,Baik Sekali,3.95945945945946,Dengan Pujian,31 Januari 2026,Sekolah Vokasi/D4 Teknik Informatika,0,cross_institution_program,UHN_Analis Kesehatan,0,Analis Kesehatan_Sarjana Terapan,0,Analis Kesehatan_Baik Sekali,0,0.0
PMKM-0830,PMKM,Farmasi,Diploma 3,Baik,,,,,1,none,PMKM_Farmasi,1,Farmasi_Diploma 3,1,Farmasi_Baik,1,1.0
UHN-INV-0642,UHN,Manajemen Informatika,Diploma Tiga,Baik Sekali,3.38983050847458,Sangat Memuaskan,31 Januari 2026,Sekolah Vokasi/D3 Teknik Komputer,0,cross_institution_program,UHN_Manajemen Informatika,0,Manajemen Informatika_Diploma Tiga,0,Manajemen Informatika_Baik Sekali,0,0.0
UHN-INV-0176,UHN,Akuntansi,Diploma 3,Baik Sekali,3.07079646017699,Sangat Memuaskan,5 Februari 2026,Sekolah Vokasi/D3 Akuntansi,0,education_level_swap,UHN_Akuntansi,1,Akuntansi_Diploma 3,0,Akuntansi_Baik Sekali,1,0.6666666666666666
UHN-0479,UHN,Farmasi,Diploma Tiga,Baik Sekali,3.41071428571429,Sangat Memuaskan,31 Januari 2026,Sekolah Vokasi/D3 Farmasi,1,none,UHN_Farmasi,1,Farmasi_Diploma Tiga,1,Farmasi_Baik Sekali,1,1.0
UHN-0603,UHN,Teknik Komputer,Diploma Tiga,Baik Sekali,3.66101694915254,Dengan Pujian,31 Januari 2026,Sekolah Vokasi/D3 Teknik Komputer,1,none,UHN_Teknik Komputer,1,Teknik Komputer_Diploma Tiga,1,Teknik Komputer_Baik Sekali,1,1.0
UHN-INV-0641,UHN,Teknik Komputer,Sarjana Terapan,Baik Sekali,3.77966101694915,Dengan Pujian,31 Januari 2026,Sekolah Vokasi/D3 Teknik Komputer,0,education_level_swap,UHN_Teknik Komputer,1,Teknik Komputer_Sarjana Terapan,0,Teknik Komputer_Baik Sekali,1,0.6666666666666666
UHN-0472,UHN,Farmasi,Diploma Tiga,Baik Sekali,3.39285714285714,Sangat Memuaskan,31 Januari 2026,Sekolah Vokasi/D3 Farmasi,1,none,UHN_Farmasi,1,Farmasi_Diploma Tiga,1,Farmasi_Baik Sekali,1,1.0
UHN-0068,UHN,Teknik Informatika,Sarjana,Baik,3.57666666666667,Dengan Pujian,31 Januari 2026,Fakultas Sains dan Teknologi/S1 Teknik Informatika,1,none,UHN_Teknik Informatika,1,Teknik Informatika_Sarjana,1,Teknik Informatika_Baik,1,1.0
UHN-INV-0705,UHN,Analis Kesehatan,Sarjana Terapan,Baik Sekali,3.60135135135135,Dengan Pujian,31 Januari 2026,Sekolah Vokasi/D4 Teknik Informatika,0,cross_institution_program,UHN_Analis Kesehatan,0,Analis Kesehatan_Sarjana Terapan,0,Analis Kesehatan_Baik Sekali,0,0.0
UHN-INV-0003,UHN,Manajemen Informatika,Diploma Tiga,Baik,3.19642857142857,Sangat Memuaskan,31 Januari 2026,Sekolah Vokasi/D3 Keperawatan,0,cross_institution_program,UHN_Manajemen Informatika,0,Manajemen Informatika_Diploma Tiga,0,Manajemen Informatika_Baik,1,0.3333333333333333
UHN-0125,UHN,Desain Komunikasi Visual,Diploma Tiga,Baik,2.84955752212389,Sangat Memuaskan,31 Januari 2026,Sekolah Vokasi/D3 Desain Komunikasi Visual,1,none,UHN_Desain Komunikasi Visual,1,Desain Komunikasi Visual_Diploma Tiga,1,Desain Komunikasi Visual_Baik,1,1.0
UHN-0213,UHN,Akuntansi,Diploma Tiga,Baik Sekali,3.69026548672566,Dengan Pujian,5 Februari 2026,Sekolah Vokasi/D3 Akuntansi,1,none,UHN_Akuntansi,1,Akuntansi_Diploma Tiga,1,Akuntansi_Baik Sekali,1,1.0
UHN-0731,UHN,Teknik Informatika,Sarjana Terapan,Baik Sekali,3.88513513513514,Dengan Pujian,31 Januari 2026,Sekolah Vokasi/D4 Teknik Informatika,1,none,UHN_Teknik Informatika,1,Teknik Informatika_Sarjana Terapan,1,Teknik Informatika_Baik Sekali,1,1.0
UHN-INV-0524,UHN,Teknik Komputer,Sarjana,Baik Sekali,3.72881355932203,Dengan Pujian,31 Januari 2026,Sekolah Vokasi/D3 Teknik Komputer,0,education_level_swap,UHN_Teknik Komputer,1,Teknik Komputer_Sarjana,0,Teknik Komputer_Baik Sekali,1,0.6666666666666666
UHN-INV-0228,UHN,Analis Kesehatan,Diploma Tiga,Baik Sekali,3.84955752212389,Dengan Pujian,5 Februari 2026,Sekolah Vokasi/D3 Akuntansi,0,cross_institution_program,UHN_Analis Kesehatan,0,Analis Kesehatan_Diploma Tiga,0,Analis Kesehatan_Baik Sekali,0,0.0
UHN-0681,UHN,Teknik Informatika,Sarjana Terapan,Baik Sekali,3.72972972972973,Dengan Pujian,31 Januari 2026,Sekolah Vokasi/D4 Teknik Informatika,1,none,UHN_Teknik Informatika,1,Teknik Informatika_Sarjana Terapan,1,Teknik Informatika_Baik Sekali,1,1.0
PMKM-0821,PMKM,Analis Kesehatan,Diploma 3,Baik,,,,,1,none,PMKM_Analis Kesehatan,1,Analis Kesehatan_Diploma 3,1,Analis Kesehatan_Baik,1,1.0
PMKM-0756,PMKM,Farmasi,Diploma 3,Baik,,,,,1,none,PMKM_Farmasi,1,Farmasi_Diploma 3,1,Farmasi_Baik,1,1.0
UHN-0530,UHN,Teknik Komputer,Diploma Tiga,Baik Sekali,3.64406779661017,Dengan Pujian,31 Januari 2026,Sekolah Vokasi/D3 Teknik Komputer,1,none,UHN_Teknik Komputer,1,Teknik Komputer_Diploma Tiga,1,Teknik Komputer_Baik Sekali,1,1.0
UHN-0163,UHN,Akuntansi,Diploma Tiga,Baik Sekali,3.44247787610619,Sangat Memuaskan,5 Februari 2026,Sekolah Vokasi/D3 Akuntansi,1,none,UHN_Akuntansi,1,Akuntansi_Diploma Tiga,1,Akuntansi_Baik Sekali,1,1.0
UHN-INV-0619,UHN,Teknik Komputer,Diploma Tiga,Baik,3.50847457627119,Dengan Pujian,31 Januari 2026,Sekolah Vokasi/D3 Teknik Komputer,0,accreditation_swap,UHN_Teknik Komputer,1,Teknik Komputer_Diploma Tiga,1,Teknik Komputer_Baik,0,0.6666666666666666
UHN-0599,UHN,Teknik Komputer,Diploma Tiga,Baik Sekali,3.61016949152542,Dengan Pujian,31 Januari 2026,Sekolah Vokasi/D3 Teknik Komputer,1,none,UHN_Teknik Komputer,1,Teknik Komputer_Diploma Tiga,1,Teknik Komputer_Baik Sekali,1,1.0
PMKM-0765,PMKM,Farmasi,Diploma 3,Baik,,,,,1,none,PMKM_Farmasi,1,Farmasi_Diploma 3,1,Farmasi_Baik,1,1.0
UHN-INV-0588,UHN,Analis Kesehatan,Diploma Tiga,Baik Sekali,3.83050847457627,Dengan Pujian,31 Januari 2026,Sekolah Vokasi/D3 Teknik Komputer,0,cross_institution_program,UHN_Analis Kesehatan,0,Analis Kesehatan_Diploma Tiga,0,Analis Kesehatan_Baik Sekali,0,0.0
UHN-INV-0674,UHN,Teknik Informatika,Diploma Tiga,Baik Sekali,3.46621621621622,Sangat Memuaskan,31 Januari 2026,Sekolah Vokasi/D4 Teknik Informatika,0,education_level_swap,UHN_Teknik Informatika,1,Teknik Informatika_Diploma Tiga,0,Teknik Informatika_Baik Sekali,1,0.6666666666666666
PMKM-0786,PMKM,Analis Kesehatan,Diploma 3,Baik,,,,,1,none,PMKM_Analis Kesehatan,1,Analis Kesehatan_Diploma 3,1,Analis Kesehatan_Baik,1,1.0
UHN-INV-0603,UHN,Analis Kesehatan,Diploma Tiga,Baik Sekali,3.66101694915254,Dengan Pujian,31 Januari 2026,Sekolah Vokasi/D3 Teknik Komputer,0,cross_institution_program,UHN_Analis Kesehatan,0,Analis Kesehatan_Diploma Tiga,0,Analis Kesehatan_Baik Sekali,0,0.0
UHN-INV-0442,UHN,Farmasi,Diploma Tiga,Terakreditasi,3.375,Sangat Memuaskan,31 Januari 2026,Sekolah Vokasi/D3 Farmasi,0,accreditation_swap,UHN_Farmasi,1,Farmasi_Diploma Tiga,1,Farmasi_Terakreditasi,0,0.6666666666666666
UHN-0221,UHN,Akuntansi,Diploma Tiga,Baik Sekali,3.54867256637168,Dengan Pujian,5 Februari 2026,Sekolah Vokasi/D3 Akuntansi,1,none,UHN_Akuntansi,1,Akuntansi_Diploma Tiga,1,Akuntansi_Baik Sekali,1,1.0
UHN-0211,UHN,Akuntansi,Diploma Tiga,Baik Sekali,3.82300884955752,Dengan Pujian,5 Februari 2026,Sekolah Vokasi/D3 Akuntansi,1,none,UHN_Akuntansi,1,Akuntansi_Diploma Tiga,1,Akuntansi_Baik Sekali,1,1.0
UHN-0701,UHN,Teknik Informatika,Sarjana Terapan,Baik Sekali,3.48648648648649,Sangat Memuaskan,31 Januari 2026,Sekolah Vokasi/D4 Teknik Informatika,1,none,UHN_Teknik Informatika,1,Teknik Informatika_Sarjana Terapan,1,Teknik Informatika_Baik Sekali,1,1.0
UHN-INV-0081,UHN,Analis Kesehatan,Sarjana,Baik,3.50333333333333,Dengan Pujian,31 Januari 2026,Fakultas Sains dan Teknologi/S1 Teknik Informatika,0,cross_institution_program,UHN_Analis Kesehatan,0,Analis Kesehatan_Sarjana,0,Analis Kesehatan_Baik,1,0.3333333333333333
UHN-INV-0246,UHN,Manajemen Informatika,Diploma Tiga,Baik Sekali,3.51327433628319,Dengan Pujian,5 Februari 2026,Sekolah Vokasi/D3 Akuntansi,0,cross_institution_program,UHN_Manajemen Informatika,0,Manajemen Informatika_Diploma Tiga,0,Manajemen Informatika_Baik Sekali,0,0.0
UHN-0262,UHN,Akuntansi,Diploma Tiga,Baik Sekali,3.68141592920354,Dengan Pujian,5 Februari 2026,Sekolah Vokasi/D3 Akuntansi,1,none,UHN_Akuntansi,1,Akuntansi_Diploma Tiga,1,Akuntansi_Baik Sekali,1,1.0
UHN-0169,UHN,Akuntansi,Diploma Tiga,Baik Sekali,3.69026548672566,Dengan Pujian,5 Februari 2026,Sekolah Vokasi/D3 Akuntansi,1,none,UHN_Akuntansi,1,Akuntansi_Diploma Tiga,1,Akuntansi_Baik Sekali,1,1.0
UHN-0333,UHN,Teknik Mesin,Diploma Tiga,Baik Sekali,3.53781512605042,Dengan Pujian,31 Januari 2026,Sekolah Vokasi/D3 Teknik Mesin,1,none,UHN_Teknik Mesin,1,Teknik Mesin_Diploma Tiga,1,Teknik Mesin_Baik Sekali,1,1.0
UHN-INV-0020,UHN,Keperawatan,Sarjana,Baik,3.50892857142857,Dengan Pujian,31 Januari 2026,Sekolah Vokasi/D3 Keperawatan,0,education_level_swap,UHN_Keperawatan,1,Keperawatan_Sarjana,0,Keperawatan_Baik,1,0.6666666666666666
UHN-0074,UHN,Teknik Informatika,Sarjana,Baik,3.62,Dengan Pujian,31 Januari 2026,Fakultas Sains dan Teknologi/S1 Teknik Informatika,1,none,UHN_Teknik Informatika,1,Teknik Informatika_Sarjana,1,Teknik Informatika_Baik,1,1.0
UHN-0110,UHN,Desain Komunikasi Visual,Diploma Tiga,Baik,3.30973451327434,Sangat Memuaskan,31 Januari 2026,Sekolah Vokasi/D3 Desain Komunikasi Visual,1,none,UHN_Desain Komunikasi Visual,1,Desain Komunikasi Visual_Diploma Tiga,1,Desain Komunikasi Visual_Baik,1,1.0
UHN-INV-0356,UHN,Teknik Elektronika,Sarjana,Terakreditasi,3.76271186440678,Dengan Pujian,31 Januari 2026,Sekolah Vokasi/D3 Teknik Elektronika,0,education_level_swap,UHN_Teknik Elektronika,1,Teknik Elektronika_Sarjana,0,Teknik Elektronika_Terakreditasi,1,0.6666666666666666
UHN-0523,UHN,Teknik Komputer,Diploma Tiga,Baik Sekali,3.30508474576271,Sangat Memuaskan,31 Januari 2026,Sekolah Vokasi/D3 Teknik Komputer,1,none,UHN_Teknik Komputer,1,Teknik Komputer_Diploma Tiga,1,Teknik Komputer_Baik Sekali,1,1.0
UHN-INV-0474,UHN,Manajemen Informatika,Diploma Tiga,Baik Sekali,3.29464285714286,Sangat Memuaskan,31 Januari 2026,Sekolah Vokasi/D3 Farmasi,0,cross_institution_program,UHN_Manajemen Informatika,0,Manajemen Informatika_Diploma Tiga,0,Manajemen Informatika_Baik Sekali,0,0.0
UHN-INV-0054,UHN,Analis Kesehatan,Sarjana,Baik,3.10333333333333,Sangat Memuaskan,31 Januari 2026,Fakultas Sains dan Teknologi/S1 Teknik Informatika,0,cross_institution_program,UHN_Analis Kesehatan,0,Analis Kesehatan_Sarjana,0,Analis Kesehatan_Baik,1,0.3333333333333333
PMKM-INV-0107,PMKM,Analis Kesehatan,Diploma 3,Baik Sekali,,,,,0,accreditation_swap,PMKM_Analis Kesehatan,1,Analis Kesehatan_Diploma 3,1,Analis Kesehatan_Baik Sekali,0,0.6666666666666666
UHN-INV-0148,UHN,Kebidanan,Diploma Tiga,Baik,3.57142857142857,Dengan Pujian,31 Januari 2026,Sekolah Vokasi/D3 Kebidanan,0,accreditation_swap,UHN_Kebidanan,1,Kebidanan_Diploma Tiga,1,Kebidanan_Baik,0,0.6666666666666666
PMKM-INV-0054,PMKM,Analis Kesehatan,Sarjana,Baik,,,,,0,education_level_swap,PMKM_Analis Kesehatan,1,Analis Kesehatan_Sarjana,0,Analis Kesehatan_Baik,1,0.6666666666666666
UHN-INV-0571,UHN,Teknik Komputer,Diploma Tiga,Terakreditasi,3.52542372881356,Dengan Pujian,31 Januari 2026,Sekolah Vokasi/D3 Teknik Komputer,0,accreditation_swap,UHN_Teknik Komputer,1,Teknik Komputer_Diploma Tiga,1,Teknik Komputer_Terakreditasi,0,0.6666666666666666
UHN-0052,UHN,Sistem Informasi,Sarjana,Baik,3.67666666666667,Dengan Pujian,31 Januari 2026,Fakultas Sains dan Teknologi/S1 Sistem Informasi,1,none,UHN_Sistem Informasi,1,Sistem Informasi_Sarjana,1,Sistem Informasi_Baik,1,1.0
UHN-0375,UHN,Farmasi,Diploma Tiga,Baik Sekali,3.47321428571429,Sangat Memuaskan,31 Januari 2026,Sekolah Vokasi/D3 Farmasi,1,none,UHN_Farmasi,1,Farmasi_Diploma Tiga,1,Farmasi_Baik Sekali,1,1.0
UHN-INV-0355,UHN,Teknik Elektronika,Diploma Tiga,Baik,3.42372881355932,Sangat Memuaskan,31 Januari 2026,Sekolah Vokasi/D3 Teknik Elektronika,0,accreditation_swap,UHN_Teknik Elektronika,1,Teknik Elektronika_Diploma Tiga,1,Teknik Elektronika_Baik,0,0.6666666666666666
PMKM-0847,PMKM,Farmasi,Diploma 3,Baik,,,,,1,none,PMKM_Farmasi,1,Farmasi_Diploma 3,1,Farmasi_Baik,1,1.0
UHN-0077,UHN,Teknik Informatika,Sarjana,Baik,3.95,Dengan Pujian,31 Januari 2026,Fakultas Sains dan Teknologi/S1 Teknik Informatika,1,none,UHN_Teknik Informatika,1,Teknik Informatika_Sarjana,1,Teknik Informatika_Baik,1,1.0
UHN-INV-0307,UHN,Teknik Mesin,Diploma Tiga,Baik,3.59663865546219,Dengan Pujian,31 Januari 2026,Sekolah Vokasi/D3 Teknik Mesin,0,accreditation_swap,UHN_Teknik Mesin,1,Teknik Mesin_Diploma Tiga,1,Teknik Mesin_Baik,0,0.6666666666666666
UHN-0382,UHN,Farmasi,Diploma Tiga,Baik Sekali,3.69642857142857,Dengan Pujian,31 Januari 2026,Sekolah Vokasi/D3 Farmasi,1,none,UHN_Farmasi,1,Farmasi_Diploma Tiga,1,Farmasi_Baik Sekali,1,1.0
UHN-INV-0027,UHN,Manajemen Informatika,Diploma Tiga,Baik,3.57142857142857,Dengan Pujian,31 Januari 2026,Sekolah Vokasi/D3 Keperawatan,0,cross_institution_program,UHN_Manajemen Informatika,0,Manajemen Informatika_Diploma Tiga,0,Manajemen Informatika_Baik,1,0.3333333333333333
UHN-INV-0304,UHN,Teknik Mesin,Diploma Tiga,Terakreditasi,3.7563025210084,Dengan Pujian,31 Januari 2026,Sekolah Vokasi/D3 Teknik Mesin,0,accreditation_swap,UHN_Teknik Mesin,1,Teknik Mesin_Diploma Tiga,1,Teknik Mesin_Terakreditasi,0,0.6666666666666666
UHN-INV-0348,UHN,Analis Kesehatan,Diploma Tiga,Terakreditasi,3.61016949152542,Dengan Pujian,31 Januari 2026,Sekolah Vokasi/D3 Teknik Elektronika,0,cross_institution_program,UHN_Analis Kesehatan,0,Analis Kesehatan_Diploma Tiga,0,Analis Kesehatan_Terakreditasi,0,0.0
UHN-INV-0089,UHN,Teknik Informatika,Diploma Tiga,Baik,3.26666666666667,Sangat Memuaskan,31 Januari 2026,Fakultas Sains dan Teknologi/S1 Teknik Informatika,0,education_level_swap,UHN_Teknik Informatika,1,Teknik Informatika_Diploma Tiga,0,Teknik Informatika_Baik,1,0.6666666666666666
UHN-0271,UHN,Akuntansi,Diploma Tiga,Baik Sekali,3.71681415929204,Dengan Pujian,5 Februari 2026,Sekolah Vokasi/D3 Akuntansi,1,none,UHN_Akuntansi,1,Akuntansi_Diploma Tiga,1,Akuntansi_Baik Sekali,1,1.0
PMKM-0773,PMKM,Analis Kesehatan,Diploma 3,Baik,,,,,1,none,PMKM_Analis Kesehatan,1,Analis Kesehatan_Diploma 3,1,Analis Kesehatan_Baik,1,1.0
UHN-0124,UHN,Desain Komunikasi Visual,Diploma Tiga,Baik,3.36283185840708,Sangat Memuaskan,31 Januari 2026,Sekolah Vokasi/D3 Desain Komunikasi Visual,1,none,UHN_Desain Komunikasi Visual,1,Desain Komunikasi Visual_Diploma Tiga,1,Desain Komunikasi Visual_Baik,1,1.0
UHN-0367,UHN,Perhotelan,Diploma Tiga,Baik,3.36666666666667,Sangat Memuaskan,31 Januari 2026,Sekolah Vokasi/D3 Perhotelan,1,none,UHN_Perhotelan,1,Perhotelan_Diploma Tiga,1,Perhotelan_Baik,1,1.0
PMKM-INV-0094,PMKM,Akuntansi,Diploma 3,Baik,,,,,0,cross_institution_program,PMKM_Akuntansi,0,Akuntansi_Diploma 3,0,Akuntansi_Baik,0,0.0
UHN-0351,UHN,Teknik Elektronika,Diploma Tiga,Terakreditasi,3.01694915254237,Sangat Memuaskan,31 Januari 2026,Sekolah Vokasi/D3 Teknik Elektronika,1,none,UHN_Teknik Elektronika,1,Teknik Elektronika_Diploma Tiga,1,Teknik Elektronika_Terakreditasi,1,1.0
UHN-INV-0312,UHN,Analis Kesehatan,Diploma Tiga,Baik Sekali,3.52100840336134,Dengan Pujian,31 Januari 2026,Sekolah Vokasi/D3 Teknik Mesin,0,cross_institution_program,UHN_Analis Kesehatan,0,Analis Kesehatan_Diploma Tiga,0,Analis Kesehatan_Baik Sekali,0,0.0
UHN-INV-0494,UHN,Farmasi,Diploma 3,Baik Sekali,3.4375,Sangat Memuaskan,31 Januari 2026,Sekolah Vokasi/D3 Farmasi,0,education_level_swap,UHN_Farmasi,1,Farmasi_Diploma 3,1,Farmasi_Baik Sekali,1,1.0
UHN-INV-0076,UHN,Teknik Informatika,Sarjana,Baik Sekali,3.77,Dengan Pujian,31 Januari 2026,Fakultas Sains dan Teknologi/S1 Teknik Informatika,0,accreditation_swap,UHN_Teknik Informatika,1,Teknik Informatika_Sarjana,1,Teknik Informatika_Baik Sekali,1,1.0
UHN-INV-0697,UHN,Teknik Informatika,Sarjana Terapan,Baik,3.10135135135135,Sangat Memuaskan,31 Januari 2026,Sekolah Vokasi/D4 Teknik Informatika,0,accreditation_swap,UHN_Teknik Informatika,1,Teknik Informatika_Sarjana Terapan,1,Teknik Informatika_Baik,1,1.0
PMKM-0788,PMKM,Analis Kesehatan,Diploma 3,Baik,,,,,1,none,PMKM_Analis Kesehatan,1,Analis Kesehatan_Diploma 3,1,Analis Kesehatan_Baik,1,1.0
UHN-INV-0025,UHN,Keperawatan,Diploma Tiga,Terakreditasi,3.3125,Sangat Memuaskan,31 Januari 2026,Sekolah Vokasi/D3 Keperawatan,0,accreditation_swap,UHN_Keperawatan,1,Keperawatan_Diploma Tiga,1,Keperawatan_Terakreditasi,0,0.6666666666666666
UHN-INV-0284,UHN,Akuntansi,Sarjana Terapan,Baik Sekali,3.69026548672566,Dengan Pujian,5 Februari 2026,Sekolah Vokasi/D3 Akuntansi,0,education_level_swap,UHN_Akuntansi,1,Akuntansi_Sarjana Terapan,0,Akuntansi_Baik Sekali,1,0.6666666666666666
UHN-0317,UHN,Teknik Mesin,Diploma Tiga,Baik Sekali,3.12605042016807,Sangat Memuaskan,31 Januari 2026,Sekolah Vokasi/D3 Teknik Mesin,1,none,UHN_Teknik Mesin,1,Teknik Mesin_Diploma Tiga,1,Teknik Mesin_Baik Sekali,1,1.0
UHN-INV-0369,UHN,Analis Kesehatan,Diploma Tiga,Baik Sekali,3.29464285714286,Sangat Memuaskan,31 Januari 2026,Sekolah Vokasi/D3 Farmasi,0,cross_institution_program,UHN_Analis Kesehatan,0,Analis Kesehatan_Diploma Tiga,0,Analis Kesehatan_Baik Sekali,0,0.0
UHN-INV-0124,UHN,Desain Komunikasi Visual,Diploma Tiga,Baik Sekali,3.36283185840708,Sangat Memuaskan,31 Januari 2026,Sekolah Vokasi/D3 Desain Komunikasi Visual,0,accreditation_swap,UHN_Desain Komunikasi Visual,1,Desain Komunikasi Visual_Diploma Tiga,1,Desain Komunikasi Visual_Baik Sekali,0,0.6666666666666666
UHN-0238,UHN,Akuntansi,Diploma Tiga,Baik Sekali,3.84955752212389,Dengan Pujian,5 Februari 2026,Sekolah Vokasi/D3 Akuntansi,1,none,UHN_Akuntansi,1,Akuntansi_Diploma Tiga,1,Akuntansi_Baik Sekali,1,1.0
UHN-INV-0196,UHN,Akuntansi,Diploma Tiga,Terakreditasi,3.43362831858407,Sangat Memuaskan,5 Februari 2026,Sekolah Vokasi/D3 Akuntansi,0,accreditation_swap,UHN_Akuntansi,1,Akuntansi_Diploma Tiga,1,Akuntansi_Terakreditasi,0,0.6666666666666666
PMKM-0760,PMKM,Farmasi,Diploma 3,Baik,,,,,1,none,PMKM_Farmasi,1,Farmasi_Diploma 3,1,Farmasi_Baik,1,1.0
UHN-INV-0719,UHN,Teknik Informatika,Diploma 3,Baik Sekali,3.62162162162162,Dengan Pujian,31 Januari 2026,Sekolah Vokasi/D4 Teknik Informatika,0,education_level_swap,UHN_Teknik Informatika,1,Teknik Informatika_Diploma 3,0,Teknik Informatika_Baik Sekali,1,0.6666666666666666
UHN-INV-0604,UHN,Teknik Komputer,Diploma Tiga,Baik,3.40677966101695,Sangat Memuaskan,31 Januari 2026,Sekolah Vokasi/D3 Teknik Komputer,0,accreditation_swap,UHN_Teknik Komputer,1,Teknik Komputer_Diploma Tiga,1,Teknik Komputer_Baik,0,0.6666666666666666
PMKM-INV-0075,PMKM,Analis Kesehatan,Sarjana Terapan,Baik,,,,,0,education_level_swap,PMKM_Analis Kesehatan,1,Analis Kesehatan_Sarjana Terapan,0,Analis Kesehatan_Baik,1,0.6666666666666666
UHN-0142,UHN,Kebidanan,Diploma Tiga,Baik Sekali,3.52100840336134,Dengan Pujian,31 Januari 2026,Sekolah Vokasi/D3 Kebidanan,1,none,UHN_Kebidanan,1,Kebidanan_Diploma Tiga,1,Kebidanan_Baik Sekali,1,1.0
UHN-INV-0472,UHN,Farmasi,Diploma Tiga,Terakreditasi,3.39285714285714,Sangat Memuaskan,31 Januari 2026,Sekolah Vokasi/D3 Farmasi,0,accreditation_swap,UHN_Farmasi,1,Farmasi_Diploma Tiga,1,Farmasi_Terakreditasi,0,0.6666666666666666
UHN-INV-0385,UHN,Farmasi,Diploma Tiga,Baik,3.51785714285714,Dengan Pujian,31 Januari 2026,Sekolah Vokasi/D3 Farmasi,0,accreditation_swap,UHN_Farmasi,1,Farmasi_Diploma Tiga,1,Farmasi_Baik,1,1.0
UHN-INV-0746,UHN,Teknik Informatika,Diploma 3,Baik Sekali,3.26351351351351,Sangat Memuaskan,31 Januari 2026,Sekolah Vokasi/D4 Teknik Informatika,0,education_level_swap,UHN_Teknik Informatika,1,Teknik Informatika_Diploma 3,0,Teknik Informatika_Baik Sekali,1,0.6666666666666666
UHN-INV-0283,UHN,Akuntansi,Diploma Tiga,Terakreditasi,3.56637168141593,Dengan Pujian,5 Februari 2026,Sekolah Vokasi/D3 Akuntansi,0,accreditation_swap,UHN_Akuntansi,1,Akuntansi_Diploma Tiga,1,Akuntansi_Terakreditasi,0,0.6666666666666666
PMKM-INV-0036,PMKM,Analis Kesehatan,Sarjana Terapan,Baik,,,,,0,education_level_swap,PMKM_Analis Kesehatan,1,Analis Kesehatan_Sarjana Terapan,0,Analis Kesehatan_Baik,1,0.6666666666666666
UHN-0185,UHN,Akuntansi,Diploma Tiga,Baik Sekali,3.80530973451327,Dengan Pujian,5 Februari 2026,Sekolah Vokasi/D3 Akuntansi,1,none,UHN_Akuntansi,1,Akuntansi_Diploma Tiga,1,Akuntansi_Baik Sekali,1,1.0
UHN-INV-0515,UHN,Teknik Komputer,Diploma 3,Baik Sekali,3.94915254237288,Dengan Pujian,31 Januari 2026,Sekolah Vokasi/D3 Teknik Komputer,0,education_level_swap,UHN_Teknik Komputer,1,Teknik Komputer_Diploma 3,0,Teknik Komputer_Baik Sekali,1,0.6666666666666666
UHN-0245,UHN,Akuntansi,Diploma Tiga,Baik Sekali,3.75221238938053,Dengan Pujian,5 Februari 2026,Sekolah Vokasi/D3 Akuntansi,1,none,UHN_Akuntansi,1,Akuntansi_Diploma Tiga,1,Akuntansi_Baik Sekali,1,1.0
PMKM-0783,PMKM,Analis Kesehatan,Diploma 3,Baik,,,,,1,none,PMKM_Analis Kesehatan,1,Analis Kesehatan_Diploma 3,1,Analis Kesehatan_Baik,1,1.0
UHN-0409,UHN,Farmasi,Diploma Tiga,Baik Sekali,3.23214285714286,Sangat Memuaskan,31 Januari 2026,Sekolah Vokasi/D3 Farmasi,1,none,UHN_Farmasi,1,Farmasi_Diploma Tiga,1,Farmasi_Baik Sekali,1,1.0
UHN-0618,UHN,Teknik Komputer,Diploma Tiga,Baik Sekali,3.71186440677966,Dengan Pujian,31 Januari 2026,Sekolah Vokasi/D3 Teknik Komputer,1,none,UHN_Teknik Komputer,1,Teknik Komputer_Diploma Tiga,1,Teknik Komputer_Baik Sekali,1,1.0
UHN-0651,UHN,Teknik Komputer,Diploma Tiga,Baik Sekali,3.47457627118644,Sangat Memuaskan,31 Januari 2026,Sekolah Vokasi/D3 Teknik Komputer,1,none,UHN_Teknik Komputer,1,Teknik Komputer_Diploma Tiga,1,Teknik Komputer_Baik Sekali,1,1.0
UHN-0746,UHN,Teknik Informatika,Sarjana Terapan,Baik Sekali,3.26351351351351,Sangat Memuaskan,31 Januari 2026,Sekolah Vokasi/D4 Teknik Informatika,1,none,UHN_Teknik Informatika,1,Teknik Informatika_Sarjana Terapan,1,Teknik Informatika_Baik Sekali,1,1.0
UHN-INV-0417,UHN,Analis Kesehatan,Diploma Tiga,Baik Sekali,3.44642857142857,Sangat Memuaskan,31 Januari 2026,Sekolah Vokasi/D3 Farmasi,0,cross_institution_program,UHN_Analis Kesehatan,0,Analis Kesehatan_Diploma Tiga,0,Analis Kesehatan_Baik Sekali,0,0.0
UHN-INV-0390,UHN,Manajemen Informatika,Diploma Tiga,Baik Sekali,3.27678571428571,Sangat Memuaskan,31 Januari 2026,Sekolah Vokasi/D3 Farmasi,0,cross_institution_program,UHN_Manajemen Informatika,0,Manajemen Informatika_Diploma Tiga,0,Manajemen Informatika_Baik Sekali,0,0.0
UHN-0251,UHN,Akuntansi,Diploma Tiga,Baik Sekali,3.42477876106195,Sangat Memuaskan,5 Februari 2026,Sekolah Vokasi/D3 Akuntansi,1,none,UHN_Akuntansi,1,Akuntansi_Diploma Tiga,1,Akuntansi_Baik Sekali,1,1.0
UHN-0421,UHN,Farmasi,Diploma Tiga,Baik Sekali,3.66071428571429,Dengan Pujian,31 Januari 2026,Sekolah Vokasi/D3 Farmasi,1,none,UHN_Farmasi,1,Farmasi_Diploma Tiga,1,Farmasi_Baik Sekali,1,1.0
UHN-INV-0267,UHN,Analis Kesehatan,Diploma Tiga,Baik Sekali,3.7787610619469,Dengan Pujian,5 Februari 2026,Sekolah Vokasi/D3 Akuntansi,0,cross_institution_program,UHN_Analis Kesehatan,0,Analis Kesehatan_Diploma Tiga,0,Analis Kesehatan_Baik Sekali,0,0.0
UHN-INV-0326,UHN,Teknik Mesin,Sarjana,Baik Sekali,3.00840336134454,Sangat Memuaskan,31 Januari 2026,Sekolah Vokasi/D3 Teknik Mesin,0,education_level_swap,UHN_Teknik Mesin,1,Teknik Mesin_Sarjana,0,Teknik Mesin_Baik Sekali,1,0.6666666666666666
UHN-0597,UHN,Teknik Komputer,Diploma Tiga,Baik Sekali,3.06779661016949,Sangat Memuaskan,31 Januari 2026,Sekolah Vokasi/D3 Teknik Komputer,1,none,UHN_Teknik Komputer,1,Teknik Komputer_Diploma Tiga,1,Teknik Komputer_Baik Sekali,1,1.0
UHN-0332,UHN,Teknik Mesin,Diploma Tiga,Baik Sekali,3.21848739495798,Sangat Memuaskan,31 Januari 2026,Sekolah Vokasi/D3 Teknik Mesin,1,none,UHN_Teknik Mesin,1,Teknik Mesin_Diploma Tiga,1,Teknik Mesin_Baik Sekali,1,1.0
UHN-0496,UHN,Akuntansi Sektor Publik,Sarjana Terapan,Baik,3.52739726027397,Dengan Pujian,31 Januari 2026,Sekolah Vokasi/D4 Akuntansi Sektor Publik,1,none,UHN_Akuntansi Sektor Publik,1,Akuntansi Sektor Publik_Sarjana Terapan,1,Akuntansi Sektor Publik_Baik,1,1.0
UHN-0585,UHN,Teknik Komputer,Diploma Tiga,Baik Sekali,3.57627118644068,Dengan Pujian,31 Januari 2026,Sekolah Vokasi/D3 Teknik Komputer,1,none,UHN_Teknik Komputer,1,Teknik Komputer_Diploma Tiga,1,Teknik Komputer_Baik Sekali,1,1.0
UHN-INV-0427,UHN,Farmasi,Diploma Tiga,Terakreditasi,3.52678571428571,Dengan Pujian,31 Januari 2026,Sekolah Vokasi/D3 Farmasi,0,accreditation_swap,UHN_Farmasi,1,Farmasi_Diploma Tiga,1,Farmasi_Terakreditasi,0,0.6666666666666666
PMKM-0755,PMKM,Farmasi,Diploma 3,Baik,,,,,1,none,PMKM_Farmasi,1,Farmasi_Diploma 3,1,Farmasi_Baik,1,1.0
UHN-INV-0407,UHN,Farmasi,Diploma 3,Baik Sekali,3.08928571428571,Sangat Memuaskan,31 Januari 2026,Sekolah Vokasi/D3 Farmasi,0,education_level_swap,UHN_Farmasi,1,Farmasi_Diploma 3,1,Farmasi_Baik Sekali,1,1.0
UHN-INV-0069,UHN,Manajemen Informatika,Sarjana,Baik,3.56,Dengan Pujian,31 Januari 2026,Fakultas Sains dan Teknologi/S1 Teknik Informatika,0,cross_institution_program,UHN_Manajemen Informatika,0,Manajemen Informatika_Sarjana,0,Manajemen Informatika_Baik,1,0.3333333333333333
UHN-0171,UHN,Akuntansi,Diploma Tiga,Baik Sekali,3.63716814159292,Dengan Pujian,5 Februari 2026,Sekolah Vokasi/D3 Akuntansi,1,none,UHN_Akuntansi,1,Akuntansi_Diploma Tiga,1,Akuntansi_Baik Sekali,1,1.0
UHN-0345,UHN,Teknik Elektronika,Diploma Tiga,Terakreditasi,3.5,Sangat Memuaskan,31 Januari 2026,Sekolah Vokasi/D3 Teknik Elektronika,1,none,UHN_Teknik Elektronika,1,Teknik Elektronika_Diploma Tiga,1,Teknik Elektronika_Terakreditasi,1,1.0
UHN-INV-0605,UHN,Teknik Komputer,Sarjana Terapan,Baik Sekali,3.55932203389831,Dengan Pujian,31 Januari 2026,Sekolah Vokasi/D3 Teknik Komputer,0,education_level_swap,UHN_Teknik Komputer,1,Teknik Komputer_Sarjana Terapan,0,Teknik Komputer_Baik Sekali,1,0.6666666666666666
UHN-0487,UHN,Farmasi,Diploma Tiga,Baik Sekali,3.40178571428571,Sangat Memuaskan,31 Januari 2026,Sekolah Vokasi/D3 Farmasi,1,none,UHN_Farmasi,1,Farmasi_Diploma Tiga,1,Farmasi_Baik Sekali,1,1.0
UHN-0343,UHN,Teknik Elektronika,Diploma Tiga,Terakreditasi,3.07627118644068,Sangat Memuaskan,31 Januari 2026,Sekolah Vokasi/D3 Teknik Elektronika,1,none,UHN_Teknik Elektronika,1,Teknik Elektronika_Diploma Tiga,1,Teknik Elektronika_Terakreditasi,1,1.0
PMKM-INV-0056,PMKM,Analis Kesehatan,Diploma 3,Baik Sekali,,,,,0,accreditation_swap,PMKM_Analis Kesehatan,1,Analis Kesehatan_Diploma 3,1,Analis Kesehatan_Baik Sekali,0,0.6666666666666666
UHN-INV-0742,UHN,Teknik Informatika,Sarjana Terapan,Terakreditasi,3.5472972972973,Dengan Pujian,31 Januari 2026,Sekolah Vokasi/D4 Teknik Informatika,0,accreditation_swap,UHN_Teknik Informatika,1,Teknik Informatika_Sarjana Terapan,1,Teknik Informatika_Terakreditasi,0,0.6666666666666666
UHN-INV-0104,UHN,Desain Komunikasi Visual,Diploma 3,Baik,2.91150442477876,Sangat Memuaskan,31 Januari 2026,Sekolah Vokasi/D3 Desain Komunikasi Visual,0,education_level_swap,UHN_Desain Komunikasi Visual,1,Desain Komunikasi Visual_Diploma 3,0,Desain Komunikasi Visual_Baik,1,0.6666666666666666
PMKM-0835,PMKM,Farmasi,Diploma 3,Baik,,,,,1,none,PMKM_Farmasi,1,Farmasi_Diploma 3,1,Farmasi_Baik,1,1.0
UHN-INV-0117,UHN,Manajemen Informatika,Diploma Tiga,Baik,3.56637168141593,Dengan Pujian,31 Januari 2026,Sekolah Vokasi/D3 Desain Komunikasi Visual,0,cross_institution_program,UHN_Manajemen Informatika,0,Manajemen Informatika_Diploma Tiga,0,Manajemen Informatika_Baik,1,0.3333333333333333
UHN-0679,UHN,Teknik Informatika,Sarjana Terapan,Baik Sekali,3.66216216216216,Dengan Pujian,31 Januari 2026,Sekolah Vokasi/D4 Teknik Informatika,1,none,UHN_Teknik Informatika,1,Teknik Informatika_Sarjana Terapan,1,Teknik Informatika_Baik Sekali,1,1.0
UHN-0486,UHN,Farmasi,Diploma Tiga,Baik Sekali,3.60714285714286,Dengan Pujian,31 Januari 2026,Sekolah Vokasi/D3 Farmasi,1,none,UHN_Farmasi,1,Farmasi_Diploma Tiga,1,Farmasi_Baik Sekali,1,1.0
UHN-0323,UHN,Teknik Mesin,Diploma Tiga,Baik Sekali,3.46218487394958,Sangat Memuaskan,31 Januari 2026,Sekolah Vokasi/D3 Teknik Mesin,1,none,UHN_Teknik Mesin,1,Teknik Mesin_Diploma Tiga,1,Teknik Mesin_Baik Sekali,1,1.0
UHN-0176,UHN,Akuntansi,Diploma Tiga,Baik Sekali,3.07079646017699,Sangat Memuaskan,5 Februari 2026,Sekolah Vokasi/D3 Akuntansi,1,none,UHN_Akuntansi,1,Akuntansi_Diploma Tiga,1,Akuntansi_Baik Sekali,1,1.0
PMKM-0809,PMKM,Manajemen Informatika,Diploma 3,Baik,,,,,1,none,PMKM_Manajemen Informatika,1,Manajemen Informatika_Diploma 3,1,Manajemen Informatika_Baik,1,1.0
UHN-INV-0341,UHN,Teknik Elektronika,Sarjana Terapan,Terakreditasi,3.28813559322034,Sangat Memuaskan,31 Januari 2026,Sekolah Vokasi/D3 Teknik Elektronika,0,education_level_swap,UHN_Teknik Elektronika,1,Teknik Elektronika_Sarjana Terapan,0,Teknik Elektronika_Terakreditasi,1,0.6666666666666666
UHN-0414,UHN,Farmasi,Diploma Tiga,Baik Sekali,2.98214285714286,Sangat Memuaskan,31 Januari 2026,Sekolah Vokasi/D3 Farmasi,1,none,UHN_Farmasi,1,Farmasi_Diploma Tiga,1,Farmasi_Baik Sekali,1,1.0
UHN-INV-0115,UHN,Desain Komunikasi Visual,Diploma Tiga,Baik Sekali,3.10619469026549,Sangat Memuaskan,31 Januari 2026,Sekolah Vokasi/D3 Desain Komunikasi Visual,0,accreditation_swap,UHN_Desain Komunikasi Visual,1,Desain Komunikasi Visual_Diploma Tiga,1,Desain Komunikasi Visual_Baik Sekali,0,0.6666666666666666
UHN-0366,UHN,Perhotelan,Diploma Tiga,Baik,3.68333333333333,Dengan Pujian,31 Januari 2026,Sekolah Vokasi/D3 Perhotelan,1,none,UHN_Perhotelan,1,Perhotelan_Diploma Tiga,1,Perhotelan_Baik,1,1.0
PMKM-0833,PMKM,Farmasi,Diploma 3,Baik,,,,,1,none,PMKM_Farmasi,1,Farmasi_Diploma 3,1,Farmasi_Baik,1,1.0
UHN-INV-0242,UHN,Akuntansi,Sarjana Terapan,Baik Sekali,3.72566371681416,Dengan Pujian,5 Februari 2026,Sekolah Vokasi/D3 Akuntansi,0,education_level_swap,UHN_Akuntansi,1,Akuntansi_Sarjana Terapan,0,Akuntansi_Baik Sekali,1,0.6666666666666666
UHN-0199,UHN,Akuntansi,Diploma Tiga,Baik Sekali,3.66371681415929,Dengan Pujian,5 Februari 2026,Sekolah Vokasi/D3 Akuntansi,1,none,UHN_Akuntansi,1,Akuntansi_Diploma Tiga,1,Akuntansi_Baik Sekali,1,1.0
UHN-0016,UHN,Keperawatan,Diploma Tiga,Baik,3.8125,Dengan Pujian,31 Januari 2026,Sekolah Vokasi/D3 Keperawatan,1,none,UHN_Keperawatan,1,Keperawatan_Diploma Tiga,1,Keperawatan_Baik,1,1.0
UHN-0266,UHN,Akuntansi,Diploma Tiga,Baik Sekali,3.72566371681416,Dengan Pujian,5 Februari 2026,Sekolah Vokasi/D3 Akuntansi,1,none,UHN_Akuntansi,1,Akuntansi_Diploma Tiga,1,Akuntansi_Baik Sekali,1,1.0
UHN-0514,UHN,Teknik Komputer,Diploma Tiga,Baik Sekali,3.28813559322034,Sangat Memuaskan,31 Januari 2026,Sekolah Vokasi/D3 Teknik Komputer,1,none,UHN_Teknik Komputer,1,Teknik Komputer_Diploma Tiga,1,Teknik Komputer_Baik Sekali,1,1.0
UHN-INV-0589,UHN,Teknik Komputer,Diploma Tiga,Baik,3.6271186440678,Dengan Pujian,31 Januari 2026,Sekolah Vokasi/D3 Teknik Komputer,0,accreditation_swap,UHN_Teknik Komputer,1,Teknik Komputer_Diploma Tiga,1,Teknik Komputer_Baik,0,0.6666666666666666
PMKM-0781,PMKM,Analis Kesehatan,Diploma 3,Baik,,,,,1,none,PMKM_Analis Kesehatan,1,Analis Kesehatan_Diploma 3,1,Analis Kesehatan_Baik,1,1.0
UHN-INV-0296,UHN,Teknik Mesin,Sarjana,Baik Sekali,3.38655462184874,Sangat Memuaskan,31 Januari 2026,Sekolah Vokasi/D3 Teknik Mesin,0,education_level_swap,UHN_Teknik Mesin,1,Teknik Mesin_Sarjana,0,Teknik Mesin_Baik Sekali,1,0.6666666666666666
UHN-0683,UHN,Teknik Informatika,Sarjana Terapan,Baik Sekali,3.15540540540541,Sangat Memuaskan,31 Januari 2026,Sekolah Vokasi/D4 Teknik Informatika,1,none,UHN_Teknik Informatika,1,Teknik Informatika_Sarjana Terapan,1,Teknik Informatika_Baik Sekali,1,1.0
PMKM-INV-0084,PMKM,Farmasi,Diploma Tiga,Baik,,,,,0,education_level_swap,PMKM_Farmasi,1,Farmasi_Diploma Tiga,1,Farmasi_Baik,1,1.0
UHN-0693,UHN,Teknik Informatika,Sarjana Terapan,Baik Sekali,3.58783783783784,Dengan Pujian,31 Januari 2026,Sekolah Vokasi/D4 Teknik Informatika,1,none,UHN_Teknik Informatika,1,Teknik Informatika_Sarjana Terapan,1,Teknik Informatika_Baik Sekali,1,1.0
UHN-INV-0378,UHN,Analis Kesehatan,Diploma Tiga,Baik Sekali,3.36607142857143,Sangat Memuaskan,31 Januari 2026,Sekolah Vokasi/D3 Farmasi,0,cross_institution_program,UHN_Analis Kesehatan,0,Analis Kesehatan_Diploma Tiga,0,Analis Kesehatan_Baik Sekali,0,0.0
UHN-0200,UHN,Akuntansi,Diploma Tiga,Baik Sekali,3.91150442477876,Dengan Pujian,5 Februari 2026,Sekolah Vokasi/D3 Akuntansi,1,none,UHN_Akuntansi,1,Akuntansi_Diploma Tiga,1,Akuntansi_Baik Sekali,1,1.0
UHN-0675,UHN,Teknik Informatika,Sarjana Terapan,Baik Sekali,3.53378378378378,Dengan Pujian,31 Januari 2026,Sekolah Vokasi/D4 Teknik Informatika,1,none,UHN_Teknik Informatika,1,Teknik Informatika_Sarjana Terapan,1,Teknik Informatika_Baik Sekali,1,1.0
UHN-0576,UHN,Teknik Komputer,Diploma Tiga,Baik Sekali,3.93220338983051,Dengan Pujian,31 Januari 2026,Sekolah Vokasi/D3 Teknik Komputer,1,none,UHN_Teknik Komputer,1,Teknik Komputer_Diploma Tiga,1,Teknik Komputer_Baik Sekali,1,1.0
PMKM-0837,PMKM,Farmasi,Diploma 3,Baik,,,,,1,none,PMKM_Farmasi,1,Farmasi_Diploma 3,1,Farmasi_Baik,1,1.0
UHN-0484,UHN,Farmasi,Diploma Tiga,Baik Sekali,3.6875,Dengan Pujian,31 Januari 2026,Sekolah Vokasi/D3 Farmasi,1,none,UHN_Farmasi,1,Farmasi_Diploma Tiga,1,Farmasi_Baik Sekali,1,1.0
UHN-0519,UHN,Teknik Komputer,Diploma Tiga,Baik Sekali,3.55932203389831,Dengan Pujian,31 Januari 2026,Sekolah Vokasi/D3 Teknik Komputer,1,none,UHN_Teknik Komputer,1,Teknik Komputer_Diploma Tiga,1,Teknik Komputer_Baik Sekali,1,1.0
UHN-INV-0144,UHN,Analis Kesehatan,Diploma Tiga,Baik Sekali,3.76470588235294,Dengan Pujian,31 Januari 2026,Sekolah Vokasi/D3 Kebidanan,0,cross_institution_program,UHN_Analis Kesehatan,0,Analis Kesehatan_Diploma Tiga,0,Analis Kesehatan_Baik Sekali,0,0.0
UHN-INV-0229,UHN,Akuntansi,Diploma Tiga,Baik,3.76106194690266,Dengan Pujian,5 Februari 2026,Sekolah Vokasi/D3 Akuntansi,0,accreditation_swap,UHN_Akuntansi,1,Akuntansi_Diploma Tiga,1,Akuntansi_Baik,0,0.6666666666666666
UHN-0556,UHN,Teknik Komputer,Diploma Tiga,Baik Sekali,3.54237288135593,Dengan Pujian,31 Januari 2026,Sekolah Vokasi/D3 Teknik Komputer,1,none,UHN_Teknik Komputer,1,Teknik Komputer_Diploma Tiga,1,Teknik Komputer_Baik Sekali,1,1.0
UHN-0340,UHN,Teknik Elektronika,Diploma Tiga,Terakreditasi,3.66949152542373,Dengan Pujian,31 Januari 2026,Sekolah Vokasi/D3 Teknik Elektronika,1,none,UHN_Teknik Elektronika,1,Teknik Elektronika_Diploma Tiga,1,Teknik Elektronika_Terakreditasi,1,1.0
UHN-0483,UHN,Farmasi,Diploma Tiga,Baik Sekali,3.08928571428571,Sangat Memuaskan,31 Januari 2026,Sekolah Vokasi/D3 Farmasi,1,none,UHN_Farmasi,1,Farmasi_Diploma Tiga,1,Farmasi_Baik Sekali,1,1.0
UHN-INV-0517,UHN,Teknik Komputer,Diploma Tiga,Baik,3.69491525423729,Dengan Pujian,31 Januari 2026,Sekolah Vokasi/D3 Teknik Komputer,0,accreditation_swap,UHN_Teknik Komputer,1,Teknik Komputer_Diploma Tiga,1,Teknik Komputer_Baik,0,0.6666666666666666
UHN-0057,UHN,Teknik Informatika,Sarjana,Baik,3.66,Dengan Pujian,31 Januari 2026,Fakultas Sains dan Teknologi/S1 Teknik Informatika,1,none,UHN_Teknik Informatika,1,Teknik Informatika_Sarjana,1,Teknik Informatika_Baik,1,1.0
UHN-0498,UHN,Akuntansi Sektor Publik,Sarjana Terapan,Baik,3.56164383561644,Dengan Pujian,31 Januari 2026,Sekolah Vokasi/D4 Akuntansi Sektor Publik,1,none,UHN_Akuntansi Sektor Publik,1,Akuntansi Sektor Publik_Sarjana Terapan,1,Akuntansi Sektor Publik_Baik,1,1.0
UHN-0354,UHN,Teknik Elektronika,Diploma Tiga,Terakreditasi,3.77118644067797,Dengan Pujian,31 Januari 2026,Sekolah Vokasi/D3 Teknik Elektronika,1,none,UHN_Teknik Elektronika,1,Teknik Elektronika_Diploma Tiga,1,Teknik Elektronika_Terakreditasi,1,1.0
UHN-0553,UHN,Teknik Komputer,Diploma Tiga,Baik Sekali,3.40677966101695,Sangat Memuaskan,31 Januari 2026,Sekolah Vokasi/D3 Teknik Komputer,1,none,UHN_Teknik Komputer,1,Teknik Komputer_Diploma Tiga,1,Teknik Komputer_Baik Sekali,1,1.0
UHN-0044,UHN,Keperawatan,Diploma Tiga,Baik,3.44642857142857,Sangat Memuaskan,31 Januari 2026,Sekolah Vokasi/D3 Keperawatan,1,none,UHN_Keperawatan,1,Keperawatan_Diploma Tiga,1,Keperawatan_Baik,1,1.0
UHN-0101,UHN,Desain Komunikasi Visual,Diploma Tiga,Baik,3.23008849557522,Sangat Memuaskan,31 Januari 2026,Sekolah Vokasi/D3 Desain Komunikasi Visual,1,none,UHN_Desain Komunikasi Visual,1,Desain Komunikasi Visual_Diploma Tiga,1,Desain Komunikasi Visual_Baik,1,1.0
UHN-0275,UHN,Akuntansi,Diploma Tiga,Baik Sekali,3.45132743362832,Sangat Memuaskan,5 Februari 2026,Sekolah Vokasi/D3 Akuntansi,1,none,UHN_Akuntansi,1,Akuntansi_Diploma Tiga,1,Akuntansi_Baik Sekali,1,1.0
UHN-INV-0364,UHN,Perhotelan,Diploma Tiga,Terakreditasi,3.63333333333333,Dengan Pujian,31 Januari 2026,Sekolah Vokasi/D3 Perhotelan,0,accreditation_swap,UHN_Perhotelan,1,Perhotelan_Diploma Tiga,1,Perhotelan_Terakreditasi,0,0.6666666666666666
UHN-0102,UHN,Desain Komunikasi Visual,Diploma Tiga,Baik,3.69911504424779,Dengan Pujian,31 Januari 2026,Sekolah Vokasi/D3 Desain Komunikasi Visual,1,none,UHN_Desain Komunikasi Visual,1,Desain Komunikasi Visual_Diploma Tiga,1,Desain Komunikasi Visual_Baik,1,1.0
PMKM-INV-0057,PMKM,Analis Kesehatan,Sarjana,Baik,,,,,0,education_level_swap,PMKM_Analis Kesehatan,1,Analis Kesehatan_Sarjana,0,Analis Kesehatan_Baik,1,0.6666666666666666
UHN-0108,UHN,Desain Komunikasi Visual,Diploma Tiga,Baik,3.6283185840708,Dengan Pujian,31 Januari 2026,Sekolah Vokasi/D3 Desain Komunikasi Visual,1,none,UHN_Desain Komunikasi Visual,1,Desain Komunikasi Visual_Diploma Tiga,1,Desain Komunikasi Visual_Baik,1,1.0
UHN-INV-0745,UHN,Teknik Informatika,Sarjana Terapan,Terakreditasi,3.50675675675676,Dengan Pujian,31 Januari 2026,Sekolah Vokasi/D4 Teknik Informatika,0,accreditation_swap,UHN_Teknik Informatika,1,Teknik Informatika_Sarjana Terapan,1,Teknik Informatika_Terakreditasi,0,0.6666666666666666
PMKM-INV-0098,PMKM,Farmasi,Diploma 3,Baik Sekali,,,,,0,accreditation_swap,PMKM_Farmasi,1,Farmasi_Diploma 3,1,Farmasi_Baik Sekali,1,1.0
PMKM-INV-0028,PMKM,Teknik Mesin,Diploma 3,Baik,,,,,0,cross_institution_program,PMKM_Teknik Mesin,0,Teknik Mesin_Diploma 3,0,Teknik Mesin_Baik,0,0.0
UHN-INV-0212,UHN,Akuntansi,Sarjana,Baik Sekali,3.90265486725664,Dengan Pujian,5 Februari 2026,Sekolah Vokasi/D3 Akuntansi,0,education_level_swap,UHN_Akuntansi,1,Akuntansi_Sarjana,0,Akuntansi_Baik Sekali,1,0.6666666666666666
UHN-INV-0612,UHN,Analis Kesehatan,Diploma Tiga,Baik Sekali,3.66101694915254,Dengan Pujian,31 Januari 2026,Sekolah Vokasi/D3 Teknik Komputer,0,cross_institution_program,UHN_Analis Kesehatan,0,Analis Kesehatan_Diploma Tiga,0,Analis Kesehatan_Baik Sekali,0,0.0
PMKM-0807,PMKM,Manajemen Informatika,Diploma 3,Baik,,,,,1,none,PMKM_Manajemen Informatika,1,Manajemen Informatika_Diploma 3,1,Manajemen Informatika_Baik,1,1.0
UHN-INV-0166,UHN,Akuntansi,Diploma Tiga,Terakreditasi,3.33628318584071,Sangat Memuaskan,5 Februari 2026,Sekolah Vokasi/D3 Akuntansi,0,accreditation_swap,UHN_Akuntansi,1,Akuntansi_Diploma Tiga,1,Akuntansi_Terakreditasi,0,0.6666666666666666
UHN-INV-0551,UHN,Teknik Komputer,Sarjana Terapan,Baik Sekali,3.25423728813559,Sangat Memuaskan,31 Januari 2026,Sekolah Vokasi/D3 Teknik Komputer,0,education_level_swap,UHN_Teknik Komputer,1,Teknik Komputer_Sarjana Terapan,0,Teknik Komputer_Baik Sekali,1,0.6666666666666666
UHN-INV-0259,UHN,Akuntansi,Diploma Tiga,Baik,3.69026548672566,Dengan Pujian,5 Februari 2026,Sekolah Vokasi/D3 Akuntansi,0,accreditation_swap,UHN_Akuntansi,1,Akuntansi_Diploma Tiga,1,Akuntansi_Baik,0,0.6666666666666666
UHN-0129,UHN,Desain Komunikasi Visual,Diploma Tiga,Baik,2.93805309734513,Sangat Memuaskan,31 Januari 2026,Sekolah Vokasi/D3 Desain Komunikasi Visual,1,none,UHN_Desain Komunikasi Visual,1,Desain Komunikasi Visual_Diploma Tiga,1,Desain Komunikasi Visual_Baik,1,1.0
UHN-0602,UHN,Teknik Komputer,Diploma Tiga,Baik Sekali,3.4406779661017,Sangat Memuaskan,31 Januari 2026,Sekolah Vokasi/D3 Teknik Komputer,1,none,UHN_Teknik Komputer,1,Teknik Komputer_Diploma Tiga,1,Teknik Komputer_Baik Sekali,1,1.0
UHN-0383,UHN,Farmasi,Diploma Tiga,Baik Sekali,3.07142857142857,Sangat Memuaskan,31 Januari 2026,Sekolah Vokasi/D3 Farmasi,1,none,UHN_Farmasi,1,Farmasi_Diploma Tiga,1,Farmasi_Baik Sekali,1,1.0
UHN-INV-0362,UHN,Perhotelan,Diploma 3,Baik,3.69166666666667,Dengan Pujian,31 Januari 2026,Sekolah Vokasi/D3 Perhotelan,0,education_level_swap,UHN_Perhotelan,1,Perhotelan_Diploma 3,0,Perhotelan_Baik,1,0.6666666666666666
UHN-INV-0140,UHN,Kebidanan,Sarjana,Baik Sekali,3.04201680672269,Sangat Memuaskan,31 Januari 2026,Sekolah Vokasi/D3 Kebidanan,0,education_level_swap,UHN_Kebidanan,1,Kebidanan_Sarjana,0,Kebidanan_Baik Sekali,1,0.6666666666666666
UHN-INV-0737,UHN,Teknik Informatika,Diploma Tiga,Baik Sekali,3.85135135135135,Dengan Pujian,31 Januari 2026,Sekolah Vokasi/D4 Teknik Informatika,0,education_level_swap,UHN_Teknik Informatika,1,Teknik Informatika_Diploma Tiga,0,Teknik Informatika_Baik Sekali,1,0.6666666666666666
UHN-INV-0513,UHN,Manajemen Informatika,Diploma Tiga,Baik Sekali,3.52542372881356,Dengan Pujian,31 Januari 2026,Sekolah Vokasi/D3 Teknik Komputer,0,cross_institution_program,UHN_Manajemen Informatika,0,Manajemen Informatika_Diploma Tiga,0,Manajemen Informatika_Baik Sekali,0,0.0
UHN-INV-0162,UHN,Analis Kesehatan,Diploma Tiga,Baik Sekali,3.8141592920354,Dengan Pujian,5 Februari 2026,Sekolah Vokasi/D3 Akuntansi,0,cross_institution_program,UHN_Analis Kesehatan,0,Analis Kesehatan_Diploma Tiga,0,Analis Kesehatan_Baik Sekali,0,0.0
UHN-0589,UHN,Teknik Komputer,Diploma Tiga,Baik Sekali,3.6271186440678,Dengan Pujian,31 Januari 2026,Sekolah Vokasi/D3 Teknik Komputer,1,none,UHN_Teknik Komputer,1,Teknik Komputer_Diploma Tiga,1,Teknik Komputer_Baik Sekali,1,1.0
UHN-INV-0071,UHN,Teknik Informatika,Diploma 3,Baik,3.41666666666667,Sangat Memuaskan,31 Januari 2026,Fakultas Sains dan Teknologi/S1 Teknik Informatika,0,education_level_swap,UHN_Teknik Informatika,1,Teknik Informatika_Diploma 3,0,Teknik Informatika_Baik,1,0.6666666666666666
UHN-INV-0482,UHN,Farmasi,Diploma 3,Baik Sekali,3.11607142857143,Sangat Memuaskan,31 Januari 2026,Sekolah Vokasi/D3 Farmasi,0,education_level_swap,UHN_Farmasi,1,Farmasi_Diploma 3,1,Farmasi_Baik Sekali,1,1.0
UHN-0652,UHN,Teknik Komputer,Diploma Tiga,Baik Sekali,3.33898305084746,Sangat Memuaskan,31 Januari 2026,Sekolah Vokasi/D3 Teknik Komputer,1,none,UHN_Teknik Komputer,1,Teknik Komputer_Diploma Tiga,1,Teknik Komputer_Baik Sekali,1,1.0
UHN-INV-0594,UHN,Manajemen Informatika,Diploma Tiga,Baik Sekali,3.71186440677966,Dengan Pujian,31 Januari 2026,Sekolah Vokasi/D3 Teknik Komputer,0,cross_institution_program,UHN_Manajemen Informatika,0,Manajemen Informatika_Diploma Tiga,0,Manajemen Informatika_Baik Sekali,0,0.0
UHN-INV-0145,UHN,Kebidanan,Diploma Tiga,Baik,3.18487394957983,Sangat Memuaskan,31 Januari 2026,Sekolah Vokasi/D3 Kebidanan,0,accreditation_swap,UHN_Kebidanan,1,Kebidanan_Diploma Tiga,1,Kebidanan_Baik,0,0.6666666666666666
UHN-INV-0224,UHN,Akuntansi,Sarjana Terapan,Baik Sekali,3.64601769911504,Dengan Pujian,5 Februari 2026,Sekolah Vokasi/D3 Akuntansi,0,education_level_swap,UHN_Akuntansi,1,Akuntansi_Sarjana Terapan,0,Akuntansi_Baik Sekali,1,0.6666666666666666
UHN-INV-0448,UHN,Farmasi,Diploma Tiga,Baik,3.45535714285714,Sangat Memuaskan,31 Januari 2026,Sekolah Vokasi/D3 Farmasi,0,accreditation_swap,UHN_Farmasi,1,Farmasi_Diploma Tiga,1,Farmasi_Baik,1,1.0
UHN-INV-0663,UHN,Manajemen Informatika,Diploma Tiga,Baik Sekali,3.55932203389831,Dengan Pujian,31 Januari 2026,Sekolah Vokasi/D3 Teknik Komputer,0,cross_institution_program,UHN_Manajemen Informatika,0,Manajemen Informatika_Diploma Tiga,0,Manajemen Informatika_Baik Sekali,0,0.0
UHN-0440,UHN,Farmasi,Diploma Tiga,Baik Sekali,3.5,Sangat Memuaskan,31 Januari 2026,Sekolah Vokasi/D3 Farmasi,1,none,UHN_Farmasi,1,Farmasi_Diploma Tiga,1,Farmasi_Baik Sekali,1,1.0
UHN-INV-0563,UHN,Teknik Komputer,Sarjana Terapan,Baik Sekali,3.6271186440678,Dengan Pujian,31 Januari 2026,Sekolah Vokasi/D3 Teknik Komputer,0,education_level_swap,UHN_Teknik Komputer,1,Teknik Komputer_Sarjana Terapan,0,Teknik Komputer_Baik Sekali,1,0.6666666666666666
UHN-INV-0514,UHN,Teknik Komputer,Diploma Tiga,Terakreditasi,3.28813559322034,Sangat Memuaskan,31 Januari 2026,Sekolah Vokasi/D3 Teknik Komputer,0,accreditation_swap,UHN_Teknik Komputer,1,Teknik Komputer_Diploma Tiga,1,Teknik Komputer_Terakreditasi,0,0.6666666666666666
UHN-INV-0689,UHN,Teknik Informatika,Diploma 3,Baik Sekali,3.2972972972973,Sangat Memuaskan,31 Januari 2026,Sekolah Vokasi/D4 Teknik Informatika,0,education_level_swap,UHN_Teknik Informatika,1,Teknik Informatika_Diploma 3,0,Teknik Informatika_Baik Sekali,1,0.6666666666666666
UHN-0612,UHN,Teknik Komputer,Diploma Tiga,Baik Sekali,3.66101694915254,Dengan Pujian,31 Januari 2026,Sekolah Vokasi/D3 Teknik Komputer,1,none,UHN_Teknik Komputer,1,Teknik Komputer_Diploma Tiga,1,Teknik Komputer_Baik Sekali,1,1.0
UHN-INV-0088,UHN,Teknik Informatika,Sarjana,Terakreditasi,3.20666666666667,Sangat Memuaskan,31 Januari 2026,Fakultas Sains dan Teknologi/S1 Teknik Informatika,0,accreditation_swap,UHN_Teknik Informatika,1,Teknik Informatika_Sarjana,1,Teknik Informatika_Terakreditasi,0,0.6666666666666666
UHN-0227,UHN,Akuntansi,Diploma Tiga,Baik Sekali,3.70796460176991,Dengan Pujian,5 Februari 2026,Sekolah Vokasi/D3 Akuntansi,1,none,UHN_Akuntansi,1,Akuntansi_Diploma Tiga,1,Akuntansi_Baik Sekali,1,1.0
UHN-0232,UHN,Akuntansi,Diploma Tiga,Baik Sekali,3.53982300884956,Dengan Pujian,5 Februari 2026,Sekolah Vokasi/D3 Akuntansi,1,none,UHN_Akuntansi,1,Akuntansi_Diploma Tiga,1,Akuntansi_Baik Sekali,1,1.0
UHN-INV-0386,UHN,Farmasi,Sarjana Terapan,Baik Sekali,3.49107142857143,Sangat Memuaskan,31 Januari 2026,Sekolah Vokasi/D3 Farmasi,0,education_level_swap,UHN_Farmasi,1,Farmasi_Sarjana Terapan,0,Farmasi_Baik Sekali,1,0.6666666666666666
UHN-INV-0606,UHN,Analis Kesehatan,Diploma Tiga,Baik Sekali,3.57627118644068,Dengan Pujian,31 Januari 2026,Sekolah Vokasi/D3 Teknik Komputer,0,cross_institution_program,UHN_Analis Kesehatan,0,Analis Kesehatan_Diploma Tiga,0,Analis Kesehatan_Baik Sekali,0,0.0
UHN-INV-0687,UHN,Manajemen Informatika,Sarjana Terapan,Baik Sekali,3.57432432432432,Dengan Pujian,31 Januari 2026,Sekolah Vokasi/D4 Teknik Informatika,0,cross_institution_program,UHN_Manajemen Informatika,0,Manajemen Informatika_Sarjana Terapan,0,Manajemen Informatika_Baik Sekali,0,0.0
UHN-0164,UHN,Akuntansi,Diploma Tiga,Baik Sekali,3.45132743362832,Sangat Memuaskan,5 Februari 2026,Sekolah Vokasi/D3 Akuntansi,1,none,UHN_Akuntansi,1,Akuntansi_Diploma Tiga,1,Akuntansi_Baik Sekali,1,1.0
UHN-0480,UHN,Farmasi,Diploma Tiga,Baik Sekali,3.44642857142857,Sangat Memuaskan,31 Januari 2026,Sekolah Vokasi/D3 Farmasi,1,none,UHN_Farmasi,1,Farmasi_Diploma Tiga,1,Farmasi_Baik Sekali,1,1.0
UHN-INV-0219,UHN,Analis Kesehatan,Diploma Tiga,Baik Sekali,3.71681415929204,Dengan Pujian,5 Februari 2026,Sekolah Vokasi/D3 Akuntansi,0,cross_institution_program,UHN_Analis Kesehatan,0,Analis Kesehatan_Diploma Tiga,0,Analis Kesehatan_Baik Sekali,0,0.0
UHN-0267,UHN,Akuntansi,Diploma Tiga,Baik Sekali,3.7787610619469,Dengan Pujian,5 Februari 2026,Sekolah Vokasi/D3 Akuntansi,1,none,UHN_Akuntansi,1,Akuntansi_Diploma Tiga,1,Akuntansi_Baik Sekali,1,1.0
UHN-0149,UHN,Kebidanan,Diploma Tiga,Baik Sekali,3.32773109243698,Sangat Memuaskan,31 Januari 2026,Sekolah Vokasi/D3 Kebidanan,1,none,UHN_Kebidanan,1,Kebidanan_Diploma Tiga,1,Kebidanan_Baik Sekali,1,1.0
UHN-INV-0679,UHN,Teknik Informatika,Sarjana Terapan,Baik,3.66216216216216,Dengan Pujian,31 Januari 2026,Sekolah Vokasi/D4 Teknik Informatika,0,accreditation_swap,UHN_Teknik Informatika,1,Teknik Informatika_Sarjana Terapan,1,Teknik Informatika_Baik,1,1.0
PMKM-0803,PMKM,Analis Kesehatan,Diploma 3,Baik,,,,,1,none,PMKM_Analis Kesehatan,1,Analis Kesehatan_Diploma 3,1,Analis Kesehatan_Baik,1,1.0
UHN-0545,UHN,Teknik Komputer,Diploma Tiga,Baik Sekali,3.06779661016949,Sangat Memuaskan,31 Januari 2026,Sekolah Vokasi/D3 Teknik Komputer,1,none,UHN_Teknik Komputer,1,Teknik Komputer_Diploma Tiga,1,Teknik Komputer_Baik Sekali,1,1.0
UHN-INV-0277,UHN,Akuntansi,Diploma Tiga,Baik,3.45132743362832,Sangat Memuaskan,5 Februari 2026,Sekolah Vokasi/D3 Akuntansi,0,accreditation_swap,UHN_Akuntansi,1,Akuntansi_Diploma Tiga,1,Akuntansi_Baik,0,0.6666666666666666
UHN-INV-0497,UHN,Akuntansi Sektor Publik,Diploma Tiga,Baik,3.63013698630137,Dengan Pujian,31 Januari 2026,Sekolah Vokasi/D4 Akuntansi Sektor Publik,0,education_level_swap,UHN_Akuntansi Sektor Publik,1,Akuntansi Sektor Publik_Diploma Tiga,0,Akuntansi Sektor Publik_Baik,1,0.6666666666666666
UHN-0307,UHN,Teknik Mesin,Diploma Tiga,Baik Sekali,3.59663865546219,Dengan Pujian,31 Januari 2026,Sekolah Vokasi/D3 Teknik Mesin,1,none,UHN_Teknik Mesin,1,Teknik Mesin_Diploma Tiga,1,Teknik Mesin_Baik Sekali,1,1.0
UHN-0193,UHN,Akuntansi,Diploma Tiga,Baik Sekali,3.83185840707965,Dengan Pujian,5 Februari 2026,Sekolah Vokasi/D3 Akuntansi,1,none,UHN_Akuntansi,1,Akuntansi_Diploma Tiga,1,Akuntansi_Baik Sekali,1,1.0
UHN-INV-0308,UHN,Teknik Mesin,Sarjana Terapan,Baik Sekali,3.08403361344538,Sangat Memuaskan,31 Januari 2026,Sekolah Vokasi/D3 Teknik Mesin,0,education_level_swap,UHN_Teknik Mesin,1,Teknik Mesin_Sarjana Terapan,0,Teknik Mesin_Baik Sekali,1,0.6666666666666666
UHN-0310,UHN,Teknik Mesin,Diploma Tiga,Baik Sekali,3.74789915966387,Dengan Pujian,31 Januari 2026,Sekolah Vokasi/D3 Teknik Mesin,1,none,UHN_Teknik Mesin,1,Teknik Mesin_Diploma Tiga,1,Teknik Mesin_Baik Sekali,1,1.0
PMKM-INV-0042,PMKM,Analis Kesehatan,Diploma Tiga,Baik,,,,,0,education_level_swap,PMKM_Analis Kesehatan,1,Analis Kesehatan_Diploma Tiga,0,Analis Kesehatan_Baik,1,0.6666666666666666
UHN-0064,UHN,Teknik Informatika,Sarjana,Baik,3.88666666666667,Dengan Pujian,31 Januari 2026,Fakultas Sains dan Teknologi/S1 Teknik Informatika,1,none,UHN_Teknik Informatika,1,Teknik Informatika_Sarjana,1,Teknik Informatika_Baik,1,1.0
UHN-INV-0353,UHN,Teknik Elektronika,Sarjana Terapan,Terakreditasi,3.73728813559322,Dengan Pujian,31 Januari 2026,Sekolah Vokasi/D3 Teknik Elektronika,0,education_level_swap,UHN_Teknik Elektronika,1,Teknik Elektronika_Sarjana Terapan,0,Teknik Elektronika_Terakreditasi,1,0.6666666666666666
PMKM-INV-0108,PMKM,Analis Kesehatan,Sarjana Terapan,Baik,,,,,0,education_level_swap,PMKM_Analis Kesehatan,1,Analis Kesehatan_Sarjana Terapan,0,Analis Kesehatan_Baik,1,0.6666666666666666
UHN-INV-0240,UHN,Analis Kesehatan,Diploma Tiga,Baik Sekali,3.85840707964602,Dengan Pujian,5 Februari 2026,Sekolah Vokasi/D3 Akuntansi,0,cross_institution_program,UHN_Analis Kesehatan,0,Analis Kesehatan_Diploma Tiga,0,Analis Kesehatan_Baik Sekali,0,0.0
PMKM-0757,PMKM,Farmasi,Diploma 3,Baik,,,,,1,none,PMKM_Farmasi,1,Farmasi_Diploma 3,1,Farmasi_Baik,1,1.0
UHN-INV-0172,UHN,Akuntansi,Diploma Tiga,Baik,3.48672566371681,Sangat Memuaskan,5 Februari 2026,Sekolah Vokasi/D3 Akuntansi,0,accreditation_swap,UHN_Akuntansi,1,Akuntansi_Diploma Tiga,1,Akuntansi_Baik,0,0.6666666666666666
UHN-0728,UHN,Teknik Informatika,Sarjana Terapan,Baik Sekali,3.38513513513514,Sangat Memuaskan,31 Januari 2026,Sekolah Vokasi/D4 Teknik Informatika,1,none,UHN_Teknik Informatika,1,Teknik Informatika_Sarjana Terapan,1,Teknik Informatika_Baik Sekali,1,1.0
UHN-INV-0435,UHN,Analis Kesehatan,Diploma Tiga,Baik Sekali,3.65178571428571,Dengan Pujian,31 Januari 2026,Sekolah Vokasi/D3 Farmasi,0,cross_institution_program,UHN_Analis Kesehatan,0,Analis Kesehatan_Diploma Tiga,0,Analis Kesehatan_Baik Sekali,0,0.0
UHN-INV-0138,UHN,Manajemen Informatika,Diploma Tiga,Baik,3.04424778761062,Sangat Memuaskan,31 Januari 2026,Sekolah Vokasi/D3 Desain Komunikasi Visual,0,cross_institution_program,UHN_Manajemen Informatika,0,Manajemen Informatika_Diploma Tiga,0,Manajemen Informatika_Baik,1,0.3333333333333333
UHN-0433,UHN,Farmasi,Diploma Tiga,Baik Sekali,3.5625,Dengan Pujian,31 Januari 2026,Sekolah Vokasi/D3 Farmasi,1,none,UHN_Farmasi,1,Farmasi_Diploma Tiga,1,Farmasi_Baik Sekali,1,1.0
UHN-INV-0031,UHN,Keperawatan,Diploma Tiga,Baik Sekali,3.91964285714286,Dengan Pujian,31 Januari 2026,Sekolah Vokasi/D3 Keperawatan,0,accreditation_swap,UHN_Keperawatan,1,Keperawatan_Diploma Tiga,1,Keperawatan_Baik Sekali,0,0.6666666666666666
UHN-0219,UHN,Akuntansi,Diploma Tiga,Baik Sekali,3.71681415929204,Dengan Pujian,5 Februari 2026,Sekolah Vokasi/D3 Akuntansi,1,none,UHN_Akuntansi,1,Akuntansi_Diploma Tiga,1,Akuntansi_Baik Sekali,1,1.0
UHN-0629,UHN,Teknik Komputer,Diploma Tiga,Baik Sekali,3.61016949152542,Dengan Pujian,31 Januari 2026,Sekolah Vokasi/D3 Teknik Komputer,1,none,UHN_Teknik Komputer,1,Teknik Komputer_Diploma Tiga,1,Teknik Komputer_Baik Sekali,1,1.0
UHN-0287,UHN,Akuntansi,Diploma Tiga,Baik Sekali,3.64601769911504,Dengan Pujian,5 Februari 2026,Sekolah Vokasi/D3 Akuntansi,1,none,UHN_Akuntansi,1,Akuntansi_Diploma Tiga,1,Akuntansi_Baik Sekali,1,1.0
PMKM-INV-0102,PMKM,Farmasi,Sarjana Terapan,Baik,,,,,0,education_level_swap,PMKM_Farmasi,1,Farmasi_Sarjana Terapan,0,Farmasi_Baik,1,0.6666666666666666
UHN-INV-0523,UHN,Teknik Komputer,Diploma Tiga,Baik,3.30508474576271,Sangat Memuaskan,31 Januari 2026,Sekolah Vokasi/D3 Teknik Komputer,0,accreditation_swap,UHN_Teknik Komputer,1,Teknik Komputer_Diploma Tiga,1,Teknik Komputer_Baik,0,0.6666666666666666
UHN-0608,UHN,Teknik Komputer,Diploma Tiga,Baik Sekali,3.69491525423729,Dengan Pujian,31 Januari 2026,Sekolah Vokasi/D3 Teknik Komputer,1,none,UHN_Teknik Komputer,1,Teknik Komputer_Diploma Tiga,1,Teknik Komputer_Baik Sekali,1,1.0
UHN-0362,UHN,Perhotelan,Diploma Tiga,Baik,3.69166666666667,Dengan Pujian,31 Januari 2026,Sekolah Vokasi/D3 Perhotelan,1,none,UHN_Perhotelan,1,Perhotelan_Diploma Tiga,1,Perhotelan_Baik,1,1.0
UHN-0591,UHN,Teknik Komputer,Diploma Tiga,Baik Sekali,3.32203389830509,Sangat Memuaskan,31 Januari 2026,Sekolah Vokasi/D3 Teknik Komputer,1,none,UHN_Teknik Komputer,1,Teknik Komputer_Diploma Tiga,1,Teknik Komputer_Baik Sekali,1,1.0
UHN-0533,UHN,Teknik Komputer,Diploma Tiga,Baik Sekali,3.59322033898305,Dengan Pujian,31 Januari 2026,Sekolah Vokasi/D3 Teknik Komputer,1,none,UHN_Teknik Komputer,1,Teknik Komputer_Diploma Tiga,1,Teknik Komputer_Baik Sekali,1,1.0
UHN-INV-0298,UHN,Teknik Mesin,Diploma Tiga,Terakreditasi,3.27731092436975,Sangat Memuaskan,31 Januari 2026,Sekolah Vokasi/D3 Teknik Mesin,0,accreditation_swap,UHN_Teknik Mesin,1,Teknik Mesin_Diploma Tiga,1,Teknik Mesin_Terakreditasi,0,0.6666666666666666
UHN-0611,UHN,Teknik Komputer,Diploma Tiga,Baik Sekali,3.6271186440678,Dengan Pujian,31 Januari 2026,Sekolah Vokasi/D3 Teknik Komputer,1,none,UHN_Teknik Komputer,1,Teknik Komputer_Diploma Tiga,1,Teknik Komputer_Baik Sekali,1,1.0
PMKM-INV-0032,PMKM,Analis Kesehatan,Diploma 3,Baik Sekali,,,,,0,accreditation_swap,PMKM_Analis Kesehatan,1,Analis Kesehatan_Diploma 3,1,Analis Kesehatan_Baik Sekali,0,0.6666666666666666
UHN-0507,UHN,Akuntansi Sektor Publik,Sarjana Terapan,Baik,3.95890410958904,Dengan Pujian,31 Januari 2026,Sekolah Vokasi/D4 Akuntansi Sektor Publik,1,none,UHN_Akuntansi Sektor Publik,1,Akuntansi Sektor Publik_Sarjana Terapan,1,Akuntansi Sektor Publik_Baik,1,1.0
UHN-INV-0509,UHN,Teknik Komputer,Diploma 3,Baik Sekali,3.77966101694915,Dengan Pujian,31 Januari 2026,Sekolah Vokasi/D3 Teknik Komputer,0,education_level_swap,UHN_Teknik Komputer,1,Teknik Komputer_Diploma 3,0,Teknik Komputer_Baik Sekali,1,0.6666666666666666
PMKM-0814,PMKM,Analis Kesehatan,Diploma 3,Baik,,,,,1,none,PMKM_Analis Kesehatan,1,Analis Kesehatan_Diploma 3,1,Analis Kesehatan_Baik,1,1.0
UHN-INV-0230,UHN,Akuntansi,Sarjana,Baik Sekali,3.28318584070797,Sangat Memuaskan,5 Februari 2026,Sekolah Vokasi/D3 Akuntansi,0,education_level_swap,UHN_Akuntansi,1,Akuntansi_Sarjana,0,Akuntansi_Baik Sekali,1,0.6666666666666666
UHN-INV-0206,UHN,Akuntansi,Diploma 3,Baik Sekali,3.61061946902655,Dengan Pujian,5 Februari 2026,Sekolah Vokasi/D3 Akuntansi,0,education_level_swap,UHN_Akuntansi,1,Akuntansi_Diploma 3,0,Akuntansi_Baik Sekali,1,0.6666666666666666
UHN-INV-0329,UHN,Teknik Mesin,Sarjana,Baik Sekali,3.57983193277311,Dengan Pujian,31 Januari 2026,Sekolah Vokasi/D3 Teknik Mesin,0,education_level_swap,UHN_Teknik Mesin,1,Teknik Mesin_Sarjana,0,Teknik Mesin_Baik Sekali,1,0.6666666666666666
UHN-0694,UHN,Teknik Informatika,Sarjana Terapan,Baik Sekali,3.38513513513514,Sangat Memuaskan,31 Januari 2026,Sekolah Vokasi/D4 Teknik Informatika,1,none,UHN_Teknik Informatika,1,Teknik Informatika_Sarjana Terapan,1,Teknik Informatika_Baik Sekali,1,1.0
UHN-INV-0371,UHN,Farmasi,Sarjana,Baik Sekali,2.90178571428571,Sangat Memuaskan,31 Januari 2026,Sekolah Vokasi/D3 Farmasi,0,education_level_swap,UHN_Farmasi,1,Farmasi_Sarjana,0,Farmasi_Baik Sekali,1,0.6666666666666666
PMKM-INV-0106,PMKM,Kebidanan,Diploma 3,Baik,,,,,0,cross_institution_program,PMKM_Kebidanan,0,Kebidanan_Diploma 3,0,Kebidanan_Baik,0,0.0
PMKM-0819,PMKM,Analis Kesehatan,Diploma 3,Baik,,,,,1,none,PMKM_Analis Kesehatan,1,Analis Kesehatan_Diploma 3,1,Analis Kesehatan_Baik,1,1.0
UHN-INV-0249,UHN,Manajemen Informatika,Diploma Tiga,Baik Sekali,3.82300884955752,Dengan Pujian,5 Februari 2026,Sekolah Vokasi/D3 Akuntansi,0,cross_institution_program,UHN_Manajemen Informatika,0,Manajemen Informatika_Diploma Tiga,0,Manajemen Informatika_Baik Sekali,0,0.0
UHN-INV-0559,UHN,Teknik Komputer,Diploma Tiga,Baik,3.59322033898305,Dengan Pujian,31 Januari 2026,Sekolah Vokasi/D3 Teknik Komputer,0,accreditation_swap,UHN_Teknik Komputer,1,Teknik Komputer_Diploma Tiga,1,Teknik Komputer_Baik,0,0.6666666666666666
UHN-0531,UHN,Teknik Komputer,Diploma Tiga,Baik Sekali,3.84745762711864,Dengan Pujian,31 Januari 2026,Sekolah Vokasi/D3 Teknik Komputer,1,none,UHN_Teknik Komputer,1,Teknik Komputer_Diploma Tiga,1,Teknik Komputer_Baik Sekali,1,1.0
UHN-0454,UHN,Farmasi,Diploma Tiga,Baik Sekali,3.19642857142857,Sangat Memuaskan,31 Januari 2026,Sekolah Vokasi/D3 Farmasi,1,none,UHN_Farmasi,1,Farmasi_Diploma Tiga,1,Farmasi_Baik Sekali,1,1.0
UHN-INV-0437,UHN,Farmasi,Sarjana Terapan,Baik Sekali,3.30357142857143,Sangat Memuaskan,31 Januari 2026,Sekolah Vokasi/D3 Farmasi,0,education_level_swap,UHN_Farmasi,1,Farmasi_Sarjana Terapan,0,Farmasi_Baik Sekali,1,0.6666666666666666
PMKM-0820,PMKM,Analis Kesehatan,Diploma 3,Baik,,,,,1,none,PMKM_Analis Kesehatan,1,Analis Kesehatan_Diploma 3,1,Analis Kesehatan_Baik,1,1.0
UHN-INV-0609,UHN,Manajemen Informatika,Diploma Tiga,Baik Sekali,3.33898305084746,Sangat Memuaskan,31 Januari 2026,Sekolah Vokasi/D3 Teknik Komputer,0,cross_institution_program,UHN_Manajemen Informatika,0,Manajemen Informatika_Diploma Tiga,0,Manajemen Informatika_Baik Sekali,0,0.0
UHN-INV-0146,UHN,Kebidanan,Sarjana,Baik Sekali,3.6218487394958,Dengan Pujian,31 Januari 2026,Sekolah Vokasi/D3 Kebidanan,0,education_level_swap,UHN_Kebidanan,1,Kebidanan_Sarjana,0,Kebidanan_Baik Sekali,1,0.6666666666666666
UHN-INV-0361,UHN,Perhotelan,Diploma Tiga,Baik Sekali,3.38333333333333,Sangat Memuaskan,31 Januari 2026,Sekolah Vokasi/D3 Perhotelan,0,accreditation_swap,UHN_Perhotelan,1,Perhotelan_Diploma Tiga,1,Perhotelan_Baik Sekali,0,0.6666666666666666
UHN-INV-0276,UHN,Manajemen Informatika,Diploma Tiga,Baik Sekali,3.65486725663717,Dengan Pujian,5 Februari 2026,Sekolah Vokasi/D3 Akuntansi,0,cross_institution_program,UHN_Manajemen Informatika,0,Manajemen Informatika_Diploma Tiga,0,Manajemen Informatika_Baik Sekali,0,0.0
UHN-0278,UHN,Akuntansi,Diploma Tiga,Baik Sekali,2.76106194690266,Sangat Memuaskan,5 Februari 2026,Sekolah Vokasi/D3 Akuntansi,1,none,UHN_Akuntansi,1,Akuntansi_Diploma Tiga,1,Akuntansi_Baik Sekali,1,1.0
PMKM-INV-0096,PMKM,Farmasi,Sarjana,Baik,,,,,0,education_level_swap,PMKM_Farmasi,1,Farmasi_Sarjana,0,Farmasi_Baik,1,0.6666666666666666
UHN-INV-0726,UHN,Manajemen Informatika,Sarjana Terapan,Baik Sekali,3.60810810810811,Dengan Pujian,31 Januari 2026,Sekolah Vokasi/D4 Teknik Informatika,0,cross_institution_program,UHN_Manajemen Informatika,0,Manajemen Informatika_Sarjana Terapan,0,Manajemen Informatika_Baik Sekali,0,0.0
UHN-0359,UHN,Perhotelan,Diploma Tiga,Baik,3.1,Sangat Memuaskan,31 Januari 2026,Sekolah Vokasi/D3 Perhotelan,1,none,UHN_Perhotelan,1,Perhotelan_Diploma Tiga,1,Perhotelan_Baik,1,1.0
PMKM-INV-0092,PMKM,Farmasi,Diploma 3,Baik Sekali,,,,,0,accreditation_swap,PMKM_Farmasi,1,Farmasi_Diploma 3,1,Farmasi_Baik Sekali,1,1.0
UHN-0237,UHN,Akuntansi,Diploma Tiga,Baik Sekali,3.79646017699115,Dengan Pujian,5 Februari 2026,Sekolah Vokasi/D3 Akuntansi,1,none,UHN_Akuntansi,1,Akuntansi_Diploma Tiga,1,Akuntansi_Baik Sekali,1,1.0
PMKM-0778,PMKM,Analis Kesehatan,Diploma 3,Baik,,,,,1,none,PMKM_Analis Kesehatan,1,Analis Kesehatan_Diploma 3,1,Analis Kesehatan_Baik,1,1.0
UHN-INV-0570,UHN,Manajemen Informatika,Diploma Tiga,Baik Sekali,3.96610169491525,Dengan Pujian,31 Januari 2026,Sekolah Vokasi/D3 Teknik Komputer,0,cross_institution_program,UHN_Manajemen Informatika,0,Manajemen Informatika_Diploma Tiga,0,Manajemen Informatika_Baik Sekali,0,0.0
PMKM-INV-0053,PMKM,Analis Kesehatan,Diploma 3,Terakreditasi,,,,,0,accreditation_swap,PMKM_Analis Kesehatan,1,Analis Kesehatan_Diploma 3,1,Analis Kesehatan_Terakreditasi,0,0.6666666666666666
UHN-0451,UHN,Farmasi,Diploma Tiga,Baik Sekali,3.71428571428571,Dengan Pujian,31 Januari 2026,Sekolah Vokasi/D3 Farmasi,1,none,UHN_Farmasi,1,Farmasi_Diploma Tiga,1,Farmasi_Baik Sekali,1,1.0
UHN-INV-0620,UHN,Teknik Komputer,Diploma 3,Baik Sekali,3.57627118644068,Dengan Pujian,31 Januari 2026,Sekolah Vokasi/D3 Teknik Komputer,0,education_level_swap,UHN_Teknik Komputer,1,Teknik Komputer_Diploma 3,0,Teknik Komputer_Baik Sekali,1,0.6666666666666666
UHN-INV-0416,UHN,Farmasi,Sarjana Terapan,Baik Sekali,3.46428571428571,Sangat Memuaskan,31 Januari 2026,Sekolah Vokasi/D3 Farmasi,0,education_level_swap,UHN_Farmasi,1,Farmasi_Sarjana Terapan,0,Farmasi_Baik Sekali,1,0.6666666666666666
UHN-0209,UHN,Akuntansi,Diploma Tiga,Baik Sekali,3.69026548672566,Dengan Pujian,5 Februari 2026,Sekolah Vokasi/D3 Akuntansi,1,none,UHN_Akuntansi,1,Akuntansi_Diploma Tiga,1,Akuntansi_Baik Sekali,1,1.0
PMKM-INV-0110,PMKM,Analis Kesehatan,Diploma 3,Terakreditasi,,,,,0,accreditation_swap,PMKM_Analis Kesehatan,1,Analis Kesehatan_Diploma 3,1,Analis Kesehatan_Terakreditasi,0,0.6666666666666666
UHN-INV-0484,UHN,Farmasi,Diploma Tiga,Baik,3.6875,Dengan Pujian,31 Januari 2026,Sekolah Vokasi/D3 Farmasi,0,accreditation_swap,UHN_Farmasi,1,Farmasi_Diploma Tiga,1,Farmasi_Baik,1,1.0
UHN-0558,UHN,Teknik Komputer,Diploma Tiga,Baik Sekali,3.61016949152542,Dengan Pujian,31 Januari 2026,Sekolah Vokasi/D3 Teknik Komputer,1,none,UHN_Teknik Komputer,1,Teknik Komputer_Diploma Tiga,1,Teknik Komputer_Baik Sekali,1,1.0
UHN-0059,UHN,Teknik Informatika,Sarjana,Baik,3.82666666666667,Dengan Pujian,31 Januari 2026,Fakultas Sains dan Teknologi/S1 Teknik Informatika,1,none,UHN_Teknik Informatika,1,Teknik Informatika_Sarjana,1,Teknik Informatika_Baik,1,1.0
UHN-INV-0665,UHN,Teknik Informatika,Diploma Tiga,Baik Sekali,3.68918918918919,Dengan Pujian,31 Januari 2026,Sekolah Vokasi/D4 Teknik Informatika,0,education_level_swap,UHN_Teknik Informatika,1,Teknik Informatika_Diploma Tiga,0,Teknik Informatika_Baik Sekali,1,0.6666666666666666
UHN-INV-0744,UHN,Manajemen Informatika,Sarjana Terapan,Baik Sekali,3.64864864864865,Dengan Pujian,31 Januari 2026,Sekolah Vokasi/D4 Teknik Informatika,0,cross_institution_program,UHN_Manajemen Informatika,0,Manajemen Informatika_Sarjana Terapan,0,Manajemen Informatika_Baik Sekali,0,0.0
UHN-0594,UHN,Teknik Komputer,Diploma Tiga,Baik Sekali,3.71186440677966,Dengan Pujian,31 Januari 2026,Sekolah Vokasi/D3 Teknik Komputer,1,none,UHN_Teknik Komputer,1,Teknik Komputer_Diploma Tiga,1,Teknik Komputer_Baik Sekali,1,1.0
PMKM-INV-0044,PMKM,Analis Kesehatan,Diploma 3,Terakreditasi,,,,,0,accreditation_swap,PMKM_Analis Kesehatan,1,Analis Kesehatan_Diploma 3,1,Analis Kesehatan_Terakreditasi,0,0.6666666666666666
UHN-INV-0500,UHN,Akuntansi Sektor Publik,Sarjana,Baik,3.70547945205479,Dengan Pujian,31 Januari 2026,Sekolah Vokasi/D4 Akuntansi Sektor Publik,0,education_level_swap,UHN_Akuntansi Sektor Publik,1,Akuntansi Sektor Publik_Sarjana,0,Akuntansi Sektor Publik_Baik,1,0.6666666666666666
UHN-0364,UHN,Perhotelan,Diploma Tiga,Baik,3.63333333333333,Dengan Pujian,31 Januari 2026,Sekolah Vokasi/D3 Perhotelan,1,none,UHN_Perhotelan,1,Perhotelan_Diploma Tiga,1,Perhotelan_Baik,1,1.0
PMKM-INV-0049,PMKM,Teknik Informatika,Diploma 3,Baik,,,,,0,cross_institution_program,PMKM_Teknik Informatika,0,Teknik Informatika_Diploma 3,0,Teknik Informatika_Baik,1,0.3333333333333333
UHN-0355,UHN,Teknik Elektronika,Diploma Tiga,Terakreditasi,3.42372881355932,Sangat Memuaskan,31 Januari 2026,Sekolah Vokasi/D3 Teknik Elektronika,1,none,UHN_Teknik Elektronika,1,Teknik Elektronika_Diploma Tiga,1,Teknik Elektronika_Terakreditasi,1,1.0
UHN-0428,UHN,Farmasi,Diploma Tiga,Baik Sekali,2.94642857142857,Sangat Memuaskan,31 Januari 2026,Sekolah Vokasi/D3 Farmasi,1,none,UHN_Farmasi,1,Farmasi_Diploma Tiga,1,Farmasi_Baik Sekali,1,1.0
UHN-INV-0080,UHN,Teknik Informatika,Diploma Tiga,Baik,3.74666666666667,Dengan Pujian,31 Januari 2026,Fakultas Sains dan Teknologi/S1 Teknik Informatika,0,education_level_swap,UHN_Teknik Informatika,1,Teknik Informatika_Diploma Tiga,0,Teknik Informatika_Baik,1,0.6666666666666666
UHN-INV-0522,UHN,Analis Kesehatan,Diploma Tiga,Baik Sekali,3.71186440677966,Dengan Pujian,31 Januari 2026,Sekolah Vokasi/D3 Teknik Komputer,0,cross_institution_program,UHN_Analis Kesehatan,0,Analis Kesehatan_Diploma Tiga,0,Analis Kesehatan_Baik Sekali,0,0.0
UHN-INV-0703,UHN,Teknik Informatika,Sarjana Terapan,Baik,3.68918918918919,Dengan Pujian,31 Januari 2026,Sekolah Vokasi/D4 Teknik Informatika,0,accreditation_swap,UHN_Teknik Informatika,1,Teknik Informatika_Sarjana Terapan,1,Teknik Informatika_Baik,1,1.0
UHN-0539,UHN,Teknik Komputer,Diploma Tiga,Baik Sekali,3.67796610169492,Dengan Pujian,31 Januari 2026,Sekolah Vokasi/D3 Teknik Komputer,1,none,UHN_Teknik Komputer,1,Teknik Komputer_Diploma Tiga,1,Teknik Komputer_Baik Sekali,1,1.0
UHN-INV-0194,UHN,Akuntansi,Sarjana,Baik Sekali,3.56637168141593,Dengan Pujian,5 Februari 2026,Sekolah Vokasi/D3 Akuntansi,0,education_level_swap,UHN_Akuntansi,1,Akuntansi_Sarjana,0,Akuntansi_Baik Sekali,1,0.6666666666666666
UHN-INV-0480,UHN,Analis Kesehatan,Diploma Tiga,Baik Sekali,3.44642857142857,Sangat Memuaskan,31 Januari 2026,Sekolah Vokasi/D3 Farmasi,0,cross_institution_program,UHN_Analis Kesehatan,0,Analis Kesehatan_Diploma Tiga,0,Analis Kesehatan_Baik Sekali,0,0.0
UHN-0293,UHN,Teknik Mesin,Diploma Tiga,Baik Sekali,3.29411764705882,Sangat Memuaskan,31 Januari 2026,Sekolah Vokasi/D3 Teknik Mesin,1,none,UHN_Teknik Mesin,1,Teknik Mesin_Diploma Tiga,1,Teknik Mesin_Baik Sekali,1,1.0
UHN-INV-0711,UHN,Manajemen Informatika,Sarjana Terapan,Baik Sekali,3.62162162162162,Dengan Pujian,31 Januari 2026,Sekolah Vokasi/D4 Teknik Informatika,0,cross_institution_program,UHN_Manajemen Informatika,0,Manajemen Informatika_Sarjana Terapan,0,Manajemen Informatika_Baik Sekali,0,0.0
UHN-INV-0459,UHN,Manajemen Informatika,Diploma Tiga,Baik Sekali,3.11607142857143,Sangat Memuaskan,31 Januari 2026,Sekolah Vokasi/D3 Farmasi,0,cross_institution_program,UHN_Manajemen Informatika,0,Manajemen Informatika_Diploma Tiga,0,Manajemen Informatika_Baik Sekali,0,0.0
UHN-INV-0121,UHN,Desain Komunikasi Visual,Diploma Tiga,Terakreditasi,3.43362831858407,Sangat Memuaskan,31 Januari 2026,Sekolah Vokasi/D3 Desain Komunikasi Visual,0,accreditation_swap,UHN_Desain Komunikasi Visual,1,Desain Komunikasi Visual_Diploma Tiga,1,Desain Komunikasi Visual_Terakreditasi,0,0.6666666666666666
UHN-0119,UHN,Desain Komunikasi Visual,Diploma Tiga,Baik,3.80530973451327,Dengan Pujian,31 Januari 2026,Sekolah Vokasi/D3 Desain Komunikasi Visual,1,none,UHN_Desain Komunikasi Visual,1,Desain Komunikasi Visual_Diploma Tiga,1,Desain Komunikasi Visual_Baik,1,1.0
UHN-INV-0223,UHN,Akuntansi,Diploma Tiga,Baik,3.89380530973451,Dengan Pujian,5 Februari 2026,Sekolah Vokasi/D3 Akuntansi,0,accreditation_swap,UHN_Akuntansi,1,Akuntansi_Diploma Tiga,1,Akuntansi_Baik,0,0.6666666666666666
UHN-INV-0056,UHN,Teknik Informatika,Diploma 3,Baik,3.77,Dengan Pujian,31 Januari 2026,Fakultas Sains dan Teknologi/S1 Teknik Informatika,0,education_level_swap,UHN_Teknik Informatika,1,Teknik Informatika_Diploma 3,0,Teknik Informatika_Baik,1,0.6666666666666666
UHN-0586,UHN,Teknik Komputer,Diploma Tiga,Baik Sekali,3.66101694915254,Dengan Pujian,31 Januari 2026,Sekolah Vokasi/D3 Teknik Komputer,1,none,UHN_Teknik Komputer,1,Teknik Komputer_Diploma Tiga,1,Teknik Komputer_Baik Sekali,1,1.0
UHN-0234,UHN,Akuntansi,Diploma Tiga,Baik Sekali,3.87610619469027,Dengan Pujian,5 Februari 2026,Sekolah Vokasi/D3 Akuntansi,1,none,UHN_Akuntansi,1,Akuntansi_Diploma Tiga,1,Akuntansi_Baik Sekali,1,1.0
UHN-0632,UHN,Teknik Komputer,Diploma Tiga,Baik Sekali,3.30508474576271,Sangat Memuaskan,31 Januari 2026,Sekolah Vokasi/D3 Teknik Komputer,1,none,UHN_Teknik Komputer,1,Teknik Komputer_Diploma Tiga,1,Teknik Komputer_Baik Sekali,1,1.0
UHN-INV-0564,UHN,Analis Kesehatan,Diploma Tiga,Baik Sekali,3.52542372881356,Dengan Pujian,31 Januari 2026,Sekolah Vokasi/D3 Teknik Komputer,0,cross_institution_program,UHN_Analis Kesehatan,0,Analis Kesehatan_Diploma Tiga,0,Analis Kesehatan_Baik Sekali,0,0.0
UHN-0197,UHN,Akuntansi,Diploma Tiga,Baik Sekali,3.86725663716814,Dengan Pujian,5 Februari 2026,Sekolah Vokasi/D3 Akuntansi,1,none,UHN_Akuntansi,1,Akuntansi_Diploma Tiga,1,Akuntansi_Baik Sekali,1,1.0
UHN-INV-0006,UHN,Analis Kesehatan,Diploma Tiga,Baik,3.71428571428571,Dengan Pujian,31 Januari 2026,Sekolah Vokasi/D3 Keperawatan,0,cross_institution_program,UHN_Analis Kesehatan,0,Analis Kesehatan_Diploma Tiga,0,Analis Kesehatan_Baik,1,0.3333333333333333
PMKM-INV-0077,PMKM,Analis Kesehatan,Diploma 3,Baik Sekali,,,,,0,accreditation_swap,PMKM_Analis Kesehatan,1,Analis Kesehatan_Diploma 3,1,Analis Kesehatan_Baik Sekali,0,0.6666666666666666
UHN-INV-0625,UHN,Teknik Komputer,Diploma Tiga,Terakreditasi,3.50847457627119,Dengan Pujian,31 Januari 2026,Sekolah Vokasi/D3 Teknik Komputer,0,accreditation_swap,UHN_Teknik Komputer,1,Teknik Komputer_Diploma Tiga,1,Teknik Komputer_Terakreditasi,0,0.6666666666666666
UHN-0082,UHN,Teknik Informatika,Sarjana,Baik,3.83,Dengan Pujian,31 Januari 2026,Fakultas Sains dan Teknologi/S1 Teknik Informatika,1,none,UHN_Teknik Informatika,1,Teknik Informatika_Sarjana,1,Teknik Informatika_Baik,1,1.0
PMKM-INV-0006,PMKM,Farmasi,Sarjana Terapan,Baik,,,,,0,education_level_swap,PMKM_Farmasi,1,Farmasi_Sarjana Terapan,0,Farmasi_Baik,1,0.6666666666666666
UHN-0670,UHN,Teknik Informatika,Sarjana Terapan,Baik Sekali,2.94594594594595,Sangat Memuaskan,31 Januari 2026,Sekolah Vokasi/D4 Teknik Informatika,1,none,UHN_Teknik Informatika,1,Teknik Informatika_Sarjana Terapan,1,Teknik Informatika_Baik Sekali,1,1.0
UHN-INV-0461,UHN,Farmasi,Sarjana,Baik Sekali,3.47321428571429,Sangat Memuaskan,31 Januari 2026,Sekolah Vokasi/D3 Farmasi,0,education_level_swap,UHN_Farmasi,1,Farmasi_Sarjana,0,Farmasi_Baik Sekali,1,0.6666666666666666
UHN-INV-0049,UHN,Sistem Informasi,Sarjana,Baik Sekali,3.44,Sangat Memuaskan,31 Januari 2026,Fakultas Sains dan Teknologi/S1 Sistem Informasi,0,accreditation_swap,UHN_Sistem Informasi,1,Sistem Informasi_Sarjana,1,Sistem Informasi_Baik Sekali,0,0.6666666666666666
UHN-0381,UHN,Farmasi,Diploma Tiga,Baik Sekali,2.96428571428571,Sangat Memuaskan,31 Januari 2026,Sekolah Vokasi/D3 Farmasi,1,none,UHN_Farmasi,1,Farmasi_Diploma Tiga,1,Farmasi_Baik Sekali,1,1.0
UHN-0112,UHN,Desain Komunikasi Visual,Diploma Tiga,Baik,2.92035398230089,Sangat Memuaskan,31 Januari 2026,Sekolah Vokasi/D3 Desain Komunikasi Visual,1,none,UHN_Desain Komunikasi Visual,1,Desain Komunikasi Visual_Diploma Tiga,1,Desain Komunikasi Visual_Baik,1,1.0
UHN-INV-0597,UHN,Analis Kesehatan,Diploma Tiga,Baik Sekali,3.06779661016949,Sangat Memuaskan,31 Januari 2026,Sekolah Vokasi/D3 Teknik Komputer,0,cross_institution_program,UHN_Analis Kesehatan,0,Analis Kesehatan_Diploma Tiga,0,Analis Kesehatan_Baik Sekali,0,0.0
UHN-0085,UHN,Teknik Informatika,Sarjana,Baik,3.27666666666667,Sangat Memuaskan,31 Januari 2026,Fakultas Sains dan Teknologi/S1 Teknik Informatika,1,none,UHN_Teknik Informatika,1,Teknik Informatika_Sarjana,1,Teknik Informatika_Baik,1,1.0
UHN-INV-0587,UHN,Teknik Komputer,Sarjana,Baik Sekali,3.76271186440678,Dengan Pujian,31 Januari 2026,Sekolah Vokasi/D3 Teknik Komputer,0,education_level_swap,UHN_Teknik Komputer,1,Teknik Komputer_Sarjana,0,Teknik Komputer_Baik Sekali,1,0.6666666666666666
UHN-0590,UHN,Teknik Komputer,Diploma Tiga,Baik Sekali,3.67796610169492,Dengan Pujian,31 Januari 2026,Sekolah Vokasi/D3 Teknik Komputer,1,none,UHN_Teknik Komputer,1,Teknik Komputer_Diploma Tiga,1,Teknik Komputer_Baik Sekali,1,1.0
UHN-INV-0584,UHN,Teknik Komputer,Diploma 3,Baik Sekali,3.69491525423729,Dengan Pujian,31 Januari 2026,Sekolah Vokasi/D3 Teknik Komputer,0,education_level_swap,UHN_Teknik Komputer,1,Teknik Komputer_Diploma 3,0,Teknik Komputer_Baik Sekali,1,0.6666666666666666
UHN-INV-0087,UHN,Analis Kesehatan,Sarjana,Baik,3.06666666666667,Sangat Memuaskan,31 Januari 2026,Fakultas Sains dan Teknologi/S1 Teknik Informatika,0,cross_institution_program,UHN_Analis Kesehatan,0,Analis Kesehatan_Sarjana,0,Analis Kesehatan_Baik,1,0.3333333333333333
UHN-INV-0122,UHN,Desain Komunikasi Visual,Sarjana,Baik,3.47787610619469,Sangat Memuaskan,31 Januari 2026,Sekolah Vokasi/D3 Desain Komunikasi Visual,0,education_level_swap,UHN_Desain Komunikasi Visual,1,Desain Komunikasi Visual_Sarjana,0,Desain Komunikasi Visual_Baik,1,0.6666666666666666
UHN-INV-0046,UHN,Keperawatan,Diploma Tiga,Baik Sekali,3.25892857142857,Sangat Memuaskan,31 Januari 2026,Sekolah Vokasi/D3 Keperawatan,0,accreditation_swap,UHN_Keperawatan,1,Keperawatan_Diploma Tiga,1,Keperawatan_Baik Sekali,0,0.6666666666666666
UHN-INV-0372,UHN,Manajemen Informatika,Diploma Tiga,Baik Sekali,2.98214285714286,Sangat Memuaskan,31 Januari 2026,Sekolah Vokasi/D3 Farmasi,0,cross_institution_program,UHN_Manajemen Informatika,0,Manajemen Informatika_Diploma Tiga,0,Manajemen Informatika_Baik Sekali,0,0.0
UHN-0311,UHN,Teknik Mesin,Diploma Tiga,Baik Sekali,3.74789915966387,Dengan Pujian,31 Januari 2026,Sekolah Vokasi/D3 Teknik Mesin,1,none,UHN_Teknik Mesin,1,Teknik Mesin_Diploma Tiga,1,Teknik Mesin_Baik Sekali,1,1.0
PMKM-0775,PMKM,Analis Kesehatan,Diploma 3,Baik,,,,,1,none,PMKM_Analis Kesehatan,1,Analis Kesehatan_Diploma 3,1,Analis Kesehatan_Baik,1,1.0
UHN-INV-0279,UHN,Manajemen Informatika,Diploma Tiga,Baik Sekali,3.50442477876106,Sangat Memuaskan,5 Februari 2026,Sekolah Vokasi/D3 Akuntansi,0,cross_institution_program,UHN_Manajemen Informatika,0,Manajemen Informatika_Diploma Tiga,0,Manajemen Informatika_Baik Sekali,0,0.0
UHN-INV-0441,UHN,Analis Kesehatan,Diploma Tiga,Baik Sekali,3.24107142857143,Sangat Memuaskan,31 Januari 2026,Sekolah Vokasi/D3 Farmasi,0,cross_institution_program,UHN_Analis Kesehatan,0,Analis Kesehatan_Diploma Tiga,0,Analis Kesehatan_Baik Sekali,0,0.0
UHN-0737,UHN,Teknik Informatika,Sarjana Terapan,Baik Sekali,3.85135135135135,Dengan Pujian,31 Januari 2026,Sekolah Vokasi/D4 Teknik Informatika,1,none,UHN_Teknik Informatika,1,Teknik Informatika_Sarjana Terapan,1,Teknik Informatika_Baik Sekali,1,1.0
UHN-0702,UHN,Teknik Informatika,Sarjana Terapan,Baik Sekali,3.17567567567568,Sangat Memuaskan,31 Januari 2026,Sekolah Vokasi/D4 Teknik Informatika,1,none,UHN_Teknik Informatika,1,Teknik Informatika_Sarjana Terapan,1,Teknik Informatika_Baik Sekali,1,1.0
UHN-INV-0431,UHN,Farmasi,Sarjana,Baik Sekali,3.63392857142857,Dengan Pujian,31 Januari 2026,Sekolah Vokasi/D3 Farmasi,0,education_level_swap,UHN_Farmasi,1,Farmasi_Sarjana,0,Farmasi_Baik Sekali,1,0.6666666666666666
UHN-0452,UHN,Farmasi,Diploma Tiga,Baik Sekali,3.6875,Dengan Pujian,31 Januari 2026,Sekolah Vokasi/D3 Farmasi,1,none,UHN_Farmasi,1,Farmasi_Diploma Tiga,1,Farmasi_Baik Sekali,1,1.0
UHN-INV-0456,UHN,Manajemen Informatika,Diploma Tiga,Baik Sekali,3.51785714285714,Dengan Pujian,31 Januari 2026,Sekolah Vokasi/D3 Farmasi,0,cross_institution_program,UHN_Manajemen Informatika,0,Manajemen Informatika_Diploma Tiga,0,Manajemen Informatika_Baik Sekali,0,0.0
UHN-0491,UHN,Farmasi,Diploma Tiga,Baik Sekali,3.70535714285714,Dengan Pujian,31 Januari 2026,Sekolah Vokasi/D3 Farmasi,1,none,UHN_Farmasi,1,Farmasi_Diploma Tiga,1,Farmasi_Baik Sekali,1,1.0
UHN-INV-0479,UHN,Farmasi,Sarjana Terapan,Baik Sekali,3.41071428571429,Sangat Memuaskan,31 Januari 2026,Sekolah Vokasi/D3 Farmasi,0,education_level_swap,UHN_Farmasi,1,Farmasi_Sarjana Terapan,0,Farmasi_Baik Sekali,1,0.6666666666666666
UHN-INV-0412,UHN,Farmasi,Diploma Tiga,Baik,3.46428571428571,Sangat Memuaskan,31 Januari 2026,Sekolah Vokasi/D3 Farmasi,0,accreditation_swap,UHN_Farmasi,1,Farmasi_Diploma Tiga,1,Farmasi_Baik,1,1.0
UHN-0288,UHN,Akuntansi,Diploma Tiga,Baik Sekali,3.87610619469027,Dengan Pujian,5 Februari 2026,Sekolah Vokasi/D3 Akuntansi,1,none,UHN_Akuntansi,1,Akuntansi_Diploma Tiga,1,Akuntansi_Baik Sekali,1,1.0
UHN-INV-0632,UHN,Teknik Komputer,Sarjana Terapan,Baik Sekali,3.30508474576271,Sangat Memuaskan,31 Januari 2026,Sekolah Vokasi/D3 Teknik Komputer,0,education_level_swap,UHN_Teknik Komputer,1,Teknik Komputer_Sarjana Terapan,0,Teknik Komputer_Baik Sekali,1,0.6666666666666666
PMKM-INV-0103,PMKM,Sistem Informasi,Diploma 3,Baik,,,,,0,cross_institution_program,PMKM_Sistem Informasi,0,Sistem Informasi_Diploma 3,0,Sistem Informasi_Baik,1,0.3333333333333333
UHN-INV-0314,UHN,Teknik Mesin,Sarjana Terapan,Baik Sekali,3.64705882352941,Dengan Pujian,31 Januari 2026,Sekolah Vokasi/D3 Teknik Mesin,0,education_level_swap,UHN_Teknik Mesin,1,Teknik Mesin_Sarjana Terapan,0,Teknik Mesin_Baik Sekali,1,0.6666666666666666
UHN-0583,UHN,Teknik Komputer,Diploma Tiga,Baik Sekali,3.67796610169492,Dengan Pujian,31 Januari 2026,Sekolah Vokasi/D3 Teknik Komputer,1,none,UHN_Teknik Komputer,1,Teknik Komputer_Diploma Tiga,1,Teknik Komputer_Baik Sekali,1,1.0
UHN-INV-0467,UHN,Farmasi,Diploma 3,Baik Sekali,3.67857142857143,Dengan Pujian,31 Januari 2026,Sekolah Vokasi/D3 Farmasi,0,education_level_swap,UHN_Farmasi,1,Farmasi_Diploma 3,1,Farmasi_Baik Sekali,1,1.0
UHN-0610,UHN,Teknik Komputer,Diploma Tiga,Baik Sekali,3.71186440677966,Dengan Pujian,31 Januari 2026,Sekolah Vokasi/D3 Teknik Komputer,1,none,UHN_Teknik Komputer,1,Teknik Komputer_Diploma Tiga,1,Teknik Komputer_Baik Sekali,1,1.0
UHN-0705,UHN,Teknik Informatika,Sarjana Terapan,Baik Sekali,3.60135135135135,Dengan Pujian,31 Januari 2026,Sekolah Vokasi/D4 Teknik Informatika,1,none,UHN_Teknik Informatika,1,Teknik Informatika_Sarjana Terapan,1,Teknik Informatika_Baik Sekali,1,1.0
UHN-INV-0743,UHN,Teknik Informatika,Diploma 3,Baik Sekali,3.38513513513514,Sangat Memuaskan,31 Januari 2026,Sekolah Vokasi/D4 Teknik Informatika,0,education_level_swap,UHN_Teknik Informatika,1,Teknik Informatika_Diploma 3,0,Teknik Informatika_Baik Sekali,1,0.6666666666666666
UHN-INV-0136,UHN,Desain Komunikasi Visual,Diploma Tiga,Baik Sekali,3.13274336283186,Sangat Memuaskan,31 Januari 2026,Sekolah Vokasi/D3 Desain Komunikasi Visual,0,accreditation_swap,UHN_Desain Komunikasi Visual,1,Desain Komunikasi Visual_Diploma Tiga,1,Desain Komunikasi Visual_Baik Sekali,0,0.6666666666666666
UHN-0328,UHN,Teknik Mesin,Diploma Tiga,Baik Sekali,3.32773109243698,Sangat Memuaskan,31 Januari 2026,Sekolah Vokasi/D3 Teknik Mesin,1,none,UHN_Teknik Mesin,1,Teknik Mesin_Diploma Tiga,1,Teknik Mesin_Baik Sekali,1,1.0
UHN-INV-0152,UHN,Kebidanan,Diploma 3,Baik Sekali,3.73949579831933,Dengan Pujian,31 Januari 2026,Sekolah Vokasi/D3 Kebidanan,0,education_level_swap,UHN_Kebidanan,1,Kebidanan_Diploma 3,0,Kebidanan_Baik Sekali,1,0.6666666666666666
UHN-0592,UHN,Teknik Komputer,Diploma Tiga,Baik Sekali,3.72881355932203,Dengan Pujian,31 Januari 2026,Sekolah Vokasi/D3 Teknik Komputer,1,none,UHN_Teknik Komputer,1,Teknik Komputer_Diploma Tiga,1,Teknik Komputer_Baik Sekali,1,1.0
UHN-INV-0012,UHN,Analis Kesehatan,Diploma Tiga,Baik,3.625,Dengan Pujian,31 Januari 2026,Sekolah Vokasi/D3 Keperawatan,0,cross_institution_program,UHN_Analis Kesehatan,0,Analis Kesehatan_Diploma Tiga,0,Analis Kesehatan_Baik,1,0.3333333333333333
UHN-0706,UHN,Teknik Informatika,Sarjana Terapan,Baik Sekali,3.85135135135135,Dengan Pujian,31 Januari 2026,Sekolah Vokasi/D4 Teknik Informatika,1,none,UHN_Teknik Informatika,1,Teknik Informatika_Sarjana Terapan,1,Teknik Informatika_Baik Sekali,1,1.0
UHN-INV-0053,UHN,Sistem Informasi,Diploma Tiga,Baik,3.78666666666667,Dengan Pujian,31 Januari 2026,Fakultas Sains dan Teknologi/S1 Sistem Informasi,0,education_level_swap,UHN_Sistem Informasi,1,Sistem Informasi_Diploma Tiga,0,Sistem Informasi_Baik,1,0.6666666666666666
UHN-0178,UHN,Akuntansi,Diploma Tiga,Baik Sekali,3.88495575221239,Dengan Pujian,5 Februari 2026,Sekolah Vokasi/D3 Akuntansi,1,none,UHN_Akuntansi,1,Akuntansi_Diploma Tiga,1,Akuntansi_Baik Sekali,1,1.0
UHN-INV-0644,UHN,Teknik Komputer,Sarjana Terapan,Baik Sekali,3.8135593220339,Dengan Pujian,31 Januari 2026,Sekolah Vokasi/D3 Teknik Komputer,0,education_level_swap,UHN_Teknik Komputer,1,Teknik Komputer_Sarjana Terapan,0,Teknik Komputer_Baik Sekali,1,0.6666666666666666
UHN-0712,UHN,Teknik Informatika,Sarjana Terapan,Baik Sekali,3.81081081081081,Dengan Pujian,31 Januari 2026,Sekolah Vokasi/D4 Teknik Informatika,1,none,UHN_Teknik Informatika,1,Teknik Informatika_Sarjana Terapan,1,Teknik Informatika_Baik Sekali,1,1.0
UHN-0087,UHN,Teknik Informatika,Sarjana,Baik,3.06666666666667,Sangat Memuaskan,31 Januari 2026,Fakultas Sains dan Teknologi/S1 Teknik Informatika,1,none,UHN_Teknik Informatika,1,Teknik Informatika_Sarjana,1,Teknik Informatika_Baik,1,1.0
UHN-INV-0349,UHN,Teknik Elektronika,Diploma Tiga,Baik Sekali,3.66101694915254,Dengan Pujian,31 Januari 2026,Sekolah Vokasi/D3 Teknik Elektronika,0,accreditation_swap,UHN_Teknik Elektronika,1,Teknik Elektronika_Diploma Tiga,1,Teknik Elektronika_Baik Sekali,0,0.6666666666666666
PMKM-INV-0024,PMKM,Analis Kesehatan,Sarjana,Baik,,,,,0,education_level_swap,PMKM_Analis Kesehatan,1,Analis Kesehatan_Sarjana,0,Analis Kesehatan_Baik,1,0.6666666666666666
UHN-0458,UHN,Farmasi,Diploma Tiga,Baik Sekali,3.63392857142857,Dengan Pujian,31 Januari 2026,Sekolah Vokasi/D3 Farmasi,1,none,UHN_Farmasi,1,Farmasi_Diploma Tiga,1,Farmasi_Baik Sekali,1,1.0
UHN-0055,UHN,Teknik Informatika,Sarjana,Baik,3.76666666666667,Dengan Pujian,31 Januari 2026,Fakultas Sains dan Teknologi/S1 Teknik Informatika,1,none,UHN_Teknik Informatika,1,Teknik Informatika_Sarjana,1,Teknik Informatika_Baik,1,1.0
UHN-INV-0432,UHN,Manajemen Informatika,Diploma Tiga,Baik Sekali,3.5625,Dengan Pujian,31 Januari 2026,Sekolah Vokasi/D3 Farmasi,0,cross_institution_program,UHN_Manajemen Informatika,0,Manajemen Informatika_Diploma Tiga,0,Manajemen Informatika_Baik Sekali,0,0.0
UHN-0222,UHN,Akuntansi,Diploma Tiga,Baik Sekali,3.71681415929204,Dengan Pujian,5 Februari 2026,Sekolah Vokasi/D3 Akuntansi,1,none,UHN_Akuntansi,1,Akuntansi_Diploma Tiga,1,Akuntansi_Baik Sekali,1,1.0
UHN-0114,UHN,Desain Komunikasi Visual,Diploma Tiga,Baik,3.01769911504425,Sangat Memuaskan,31 Januari 2026,Sekolah Vokasi/D3 Desain Komunikasi Visual,1,none,UHN_Desain Komunikasi Visual,1,Desain Komunikasi Visual_Diploma Tiga,1,Desain Komunikasi Visual_Baik,1,1.0
PMKM-0810,PMKM,Manajemen Informatika,Diploma 3,Baik,,,,,1,none,PMKM_Manajemen Informatika,1,Manajemen Informatika_Diploma 3,1,Manajemen Informatika_Baik,1,1.0
UHN-INV-0281,UHN,Akuntansi,Diploma 3,Baik Sekali,3.33628318584071,Sangat Memuaskan,5 Februari 2026,Sekolah Vokasi/D3 Akuntansi,0,education_level_swap,UHN_Akuntansi,1,Akuntansi_Diploma 3,0,Akuntansi_Baik Sekali,1,0.6666666666666666
UHN-INV-0608,UHN,Teknik Komputer,Sarjana Terapan,Baik Sekali,3.69491525423729,Dengan Pujian,31 Januari 2026,Sekolah Vokasi/D3 Teknik Komputer,0,education_level_swap,UHN_Teknik Komputer,1,Teknik Komputer_Sarjana Terapan,0,Teknik Komputer_Baik Sekali,1,0.6666666666666666
UHN-0175,UHN,Akuntansi,Diploma Tiga,Baik Sekali,3.36283185840708,Sangat Memuaskan,5 Februari 2026,Sekolah Vokasi/D3 Akuntansi,1,none,UHN_Akuntansi,1,Akuntansi_Diploma Tiga,1,Akuntansi_Baik Sekali,1,1.0
UHN-INV-0250,UHN,Akuntansi,Diploma Tiga,Baik,3.64601769911504,Dengan Pujian,5 Februari 2026,Sekolah Vokasi/D3 Akuntansi,0,accreditation_swap,UHN_Akuntansi,1,Akuntansi_Diploma Tiga,1,Akuntansi_Baik,0,0.6666666666666666
UHN-INV-0483,UHN,Manajemen Informatika,Diploma Tiga,Baik Sekali,3.08928571428571,Sangat Memuaskan,31 Januari 2026,Sekolah Vokasi/D3 Farmasi,0,cross_institution_program,UHN_Manajemen Informatika,0,Manajemen Informatika_Diploma Tiga,0,Manajemen Informatika_Baik Sekali,0,0.0
UHN-0019,UHN,Keperawatan,Diploma Tiga,Baik,3.50892857142857,Dengan Pujian,31 Januari 2026,Sekolah Vokasi/D3 Keperawatan,1,none,UHN_Keperawatan,1,Keperawatan_Diploma Tiga,1,Keperawatan_Baik,1,1.0
UHN-0424,UHN,Farmasi,Diploma Tiga,Baik Sekali,3.15178571428571,Sangat Memuaskan,31 Januari 2026,Sekolah Vokasi/D3 Farmasi,1,none,UHN_Farmasi,1,Farmasi_Diploma Tiga,1,Farmasi_Baik Sekali,1,1.0
UHN-INV-0628,UHN,Teknik Komputer,Diploma Tiga,Baik,3.64406779661017,Dengan Pujian,31 Januari 2026,Sekolah Vokasi/D3 Teknik Komputer,0,accreditation_swap,UHN_Teknik Komputer,1,Teknik Komputer_Diploma Tiga,1,Teknik Komputer_Baik,0,0.6666666666666666
UHN-0286,UHN,Akuntansi,Diploma Tiga,Baik Sekali,3.82300884955752,Dengan Pujian,5 Februari 2026,Sekolah Vokasi/D3 Akuntansi,1,none,UHN_Akuntansi,1,Akuntansi_Diploma Tiga,1,Akuntansi_Baik Sekali,1,1.0
UHN-INV-0505,UHN,Akuntansi Sektor Publik,Sarjana Terapan,Baik Sekali,3.33561643835616,Sangat Memuaskan,31 Januari 2026,Sekolah Vokasi/D4 Akuntansi Sektor Publik,0,accreditation_swap,UHN_Akuntansi Sektor Publik,1,Akuntansi Sektor Publik_Sarjana Terapan,1,Akuntansi Sektor Publik_Baik Sekali,0,0.6666666666666666
UHN-0429,UHN,Farmasi,Diploma Tiga,Baik Sekali,3.36607142857143,Sangat Memuaskan,31 Januari 2026,Sekolah Vokasi/D3 Farmasi,1,none,UHN_Farmasi,1,Farmasi_Diploma Tiga,1,Farmasi_Baik Sekali,1,1.0
UHN-INV-0440,UHN,Farmasi,Sarjana Terapan,Baik Sekali,3.5,Sangat Memuaskan,31 Januari 2026,Sekolah Vokasi/D3 Farmasi,0,education_level_swap,UHN_Farmasi,1,Farmasi_Sarjana Terapan,0,Farmasi_Baik Sekali,1,0.6666666666666666
UHN-INV-0518,UHN,Teknik Komputer,Sarjana,Baik Sekali,3.6271186440678,Dengan Pujian,31 Januari 2026,Sekolah Vokasi/D3 Teknik Komputer,0,education_level_swap,UHN_Teknik Komputer,1,Teknik Komputer_Sarjana,0,Teknik Komputer_Baik Sekali,1,0.6666666666666666
UHN-0032,UHN,Keperawatan,Diploma Tiga,Baik,3.67857142857143,Dengan Pujian,31 Januari 2026,Sekolah Vokasi/D3 Keperawatan,1,none,UHN_Keperawatan,1,Keperawatan_Diploma Tiga,1,Keperawatan_Baik,1,1.0
UHN-INV-0295,UHN,Teknik Mesin,Diploma Tiga,Baik,3.54621848739496,Dengan Pujian,31 Januari 2026,Sekolah Vokasi/D3 Teknik Mesin,0,accreditation_swap,UHN_Teknik Mesin,1,Teknik Mesin_Diploma Tiga,1,Teknik Mesin_Baik,0,0.6666666666666666
PMKM-0758,PMKM,Farmasi,Diploma 3,Baik,,,,,1,none,PMKM_Farmasi,1,Farmasi_Diploma 3,1,Farmasi_Baik,1,1.0
UHN-0215,UHN,Akuntansi,Diploma Tiga,Baik Sekali,3.61946902654867,Dengan Pujian,5 Februari 2026,Sekolah Vokasi/D3 Akuntansi,1,none,UHN_Akuntansi,1,Akuntansi_Diploma Tiga,1,Akuntansi_Baik Sekali,1,1.0
UHN-0622,UHN,Teknik Komputer,Diploma Tiga,Baik Sekali,3.52542372881356,Dengan Pujian,31 Januari 2026,Sekolah Vokasi/D3 Teknik Komputer,1,none,UHN_Teknik Komputer,1,Teknik Komputer_Diploma Tiga,1,Teknik Komputer_Baik Sekali,1,1.0
UHN-0327,UHN,Teknik Mesin,Diploma Tiga,Baik Sekali,3.10084033613445,Sangat Memuaskan,31 Januari 2026,Sekolah Vokasi/D3 Teknik Mesin,1,none,UHN_Teknik Mesin,1,Teknik Mesin_Diploma Tiga,1,Teknik Mesin_Baik Sekali,1,1.0
UHN-0561,UHN,Teknik Komputer,Diploma Tiga,Baik Sekali,3.83050847457627,Dengan Pujian,31 Januari 2026,Sekolah Vokasi/D3 Teknik Komputer,1,none,UHN_Teknik Komputer,1,Teknik Komputer_Diploma Tiga,1,Teknik Komputer_Baik Sekali,1,1.0
UHN-INV-0062,UHN,Teknik Informatika,Diploma 3,Baik,3.80333333333333,Dengan Pujian,31 Januari 2026,Fakultas Sains dan Teknologi/S1 Teknik Informatika,0,education_level_swap,UHN_Teknik Informatika,1,Teknik Informatika_Diploma 3,0,Teknik Informatika_Baik,1,0.6666666666666666
UHN-0707,UHN,Teknik Informatika,Sarjana Terapan,Baik Sekali,3.32432432432432,Sangat Memuaskan,31 Januari 2026,Sekolah Vokasi/D4 Teknik Informatika,1,none,UHN_Teknik Informatika,1,Teknik Informatika_Sarjana Terapan,1,Teknik Informatika_Baik Sekali,1,1.0
UHN-INV-0213,UHN,Analis Kesehatan,Diploma Tiga,Baik Sekali,3.69026548672566,Dengan Pujian,5 Februari 2026,Sekolah Vokasi/D3 Akuntansi,0,cross_institution_program,UHN_Analis Kesehatan,0,Analis Kesehatan_Diploma Tiga,0,Analis Kesehatan_Baik Sekali,0,0.0
UHN-0342,UHN,Teknik Elektronika,Diploma Tiga,Terakreditasi,3.93220338983051,Dengan Pujian,31 Januari 2026,Sekolah Vokasi/D3 Teknik Elektronika,1,none,UHN_Teknik Elektronika,1,Teknik Elektronika_Diploma Tiga,1,Teknik Elektronika_Terakreditasi,1,1.0
UHN-0148,UHN,Kebidanan,Diploma Tiga,Baik Sekali,3.57142857142857,Dengan Pujian,31 Januari 2026,Sekolah Vokasi/D3 Kebidanan,1,none,UHN_Kebidanan,1,Kebidanan_Diploma Tiga,1,Kebidanan_Baik Sekali,1,1.0
UHN-0361,UHN,Perhotelan,Diploma Tiga,Baik,3.38333333333333,Sangat Memuaskan,31 Januari 2026,Sekolah Vokasi/D3 Perhotelan,1,none,UHN_Perhotelan,1,Perhotelan_Diploma Tiga,1,Perhotelan_Baik,1,1.0
UHN-0084,UHN,Teknik Informatika,Sarjana,Baik,3.76,Dengan Pujian,31 Januari 2026,Fakultas Sains dan Teknologi/S1 Teknik Informatika,1,none,UHN_Teknik Informatika,1,Teknik Informatika_Sarjana,1,Teknik Informatika_Baik,1,1.0
UHN-0049,UHN,Sistem Informasi,Sarjana,Baik,3.44,Sangat Memuaskan,31 Januari 2026,Fakultas Sains dan Teknologi/S1 Sistem Informasi,1,none,UHN_Sistem Informasi,1,Sistem Informasi_Sarjana,1,Sistem Informasi_Baik,1,1.0
UHN-0469,UHN,Farmasi,Diploma Tiga,Baik Sekali,3.16071428571429,Sangat Memuaskan,31 Januari 2026,Sekolah Vokasi/D3 Farmasi,1,none,UHN_Farmasi,1,Farmasi_Diploma Tiga,1,Farmasi_Baik Sekali,1,1.0
UHN-0156,UHN,Akuntansi,Diploma Tiga,Baik Sekali,3.52212389380531,Dengan Pujian,5 Februari 2026,Sekolah Vokasi/D3 Akuntansi,1,none,UHN_Akuntansi,1,Akuntansi_Diploma Tiga,1,Akuntansi_Baik Sekali,1,1.0
UHN-INV-0180,UHN,Analis Kesehatan,Diploma Tiga,Baik Sekali,3.83185840707965,Dengan Pujian,5 Februari 2026,Sekolah Vokasi/D3 Akuntansi,0,cross_institution_program,UHN_Analis Kesehatan,0,Analis Kesehatan_Diploma Tiga,0,Analis Kesehatan_Baik Sekali,0,0.0
UHN-INV-0344,UHN,Teknik Elektronika,Sarjana,Terakreditasi,3.8135593220339,Dengan Pujian,31 Januari 2026,Sekolah Vokasi/D3 Teknik Elektronika,0,education_level_swap,UHN_Teknik Elektronika,1,Teknik Elektronika_Sarjana,0,Teknik Elektronika_Terakreditasi,1,0.6666666666666666
UHN-INV-0182,UHN,Akuntansi,Sarjana,Baik Sekali,3.63716814159292,Dengan Pujian,5 Februari 2026,Sekolah Vokasi/D3 Akuntansi,0,education_level_swap,UHN_Akuntansi,1,Akuntansi_Sarjana,0,Akuntansi_Baik Sekali,1,0.6666666666666666
UHN-INV-0545,UHN,Teknik Komputer,Sarjana,Baik Sekali,3.06779661016949,Sangat Memuaskan,31 Januari 2026,Sekolah Vokasi/D3 Teknik Komputer,0,education_level_swap,UHN_Teknik Komputer,1,Teknik Komputer_Sarjana,0,Teknik Komputer_Baik Sekali,1,0.6666666666666666
UHN-0501,UHN,Akuntansi Sektor Publik,Sarjana Terapan,Baik,3.28767123287671,Sangat Memuaskan,31 Januari 2026,Sekolah Vokasi/D4 Akuntansi Sektor Publik,1,none,UHN_Akuntansi Sektor Publik,1,Akuntansi Sektor Publik_Sarjana Terapan,1,Akuntansi Sektor Publik_Baik,1,1.0
UHN-0180,UHN,Akuntansi,Diploma Tiga,Baik Sekali,3.83185840707965,Dengan Pujian,5 Februari 2026,Sekolah Vokasi/D3 Akuntansi,1,none,UHN_Akuntansi,1,Akuntansi_Diploma Tiga,1,Akuntansi_Baik Sekali,1,1.0
UHN-INV-0424,UHN,Farmasi,Diploma Tiga,Terakreditasi,3.15178571428571,Sangat Memuaskan,31 Januari 2026,Sekolah Vokasi/D3 Farmasi,0,accreditation_swap,UHN_Farmasi,1,Farmasi_Diploma Tiga,1,Farmasi_Terakreditasi,0,0.6666666666666666
UHN-0695,UHN,Teknik Informatika,Sarjana Terapan,Baik Sekali,3.54054054054054,Dengan Pujian,31 Januari 2026,Sekolah Vokasi/D4 Teknik Informatika,1,none,UHN_Teknik Informatika,1,Teknik Informatika_Sarjana Terapan,1,Teknik Informatika_Baik Sekali,1,1.0
UHN-0671,UHN,Teknik Informatika,Sarjana Terapan,Baik Sekali,3.85810810810811,Dengan Pujian,31 Januari 2026,Sekolah Vokasi/D4 Teknik Informatika,1,none,UHN_Teknik Informatika,1,Teknik Informatika_Sarjana Terapan,1,Teknik Informatika_Baik Sekali,1,1.0
UHN-0529,UHN,Teknik Komputer,Diploma Tiga,Baik Sekali,3.32203389830509,Sangat Memuaskan,31 Januari 2026,Sekolah Vokasi/D3 Teknik Komputer,1,none,UHN_Teknik Komputer,1,Teknik Komputer_Diploma Tiga,1,Teknik Komputer_Baik Sekali,1,1.0
UHN-0347,UHN,Teknik Elektronika,Diploma Tiga,Terakreditasi,3.43220338983051,Sangat Memuaskan,31 Januari 2026,Sekolah Vokasi/D3 Teknik Elektronika,1,none,UHN_Teknik Elektronika,1,Teknik Elektronika_Diploma Tiga,1,Teknik Elektronika_Terakreditasi,1,1.0
UHN-INV-0331,UHN,Teknik Mesin,Diploma Tiga,Baik,3.56302521008403,Dengan Pujian,31 Januari 2026,Sekolah Vokasi/D3 Teknik Mesin,0,accreditation_swap,UHN_Teknik Mesin,1,Teknik Mesin_Diploma Tiga,1,Teknik Mesin_Baik,0,0.6666666666666666
PMKM-INV-0097,PMKM,Desain Komunikasi Visual,Diploma 3,Baik,,,,,0,cross_institution_program,PMKM_Desain Komunikasi Visual,0,Desain Komunikasi Visual_Diploma 3,0,Desain Komunikasi Visual_Baik,1,0.3333333333333333
UHN-0620,UHN,Teknik Komputer,Diploma Tiga,Baik Sekali,3.57627118644068,Dengan Pujian,31 Januari 2026,Sekolah Vokasi/D3 Teknik Komputer,1,none,UHN_Teknik Komputer,1,Teknik Komputer_Diploma Tiga,1,Teknik Komputer_Baik Sekali,1,1.0
UHN-INV-0218,UHN,Akuntansi,Sarjana Terapan,Baik Sekali,3.36283185840708,Sangat Memuaskan,5 Februari 2026,Sekolah Vokasi/D3 Akuntansi,0,education_level_swap,UHN_Akuntansi,1,Akuntansi_Sarjana Terapan,0,Akuntansi_Baik Sekali,1,0.6666666666666666
PMKM-INV-0095,PMKM,Farmasi,Diploma 3,Terakreditasi,,,,,0,accreditation_swap,PMKM_Farmasi,1,Farmasi_Diploma 3,1,Farmasi_Terakreditasi,0,0.6666666666666666
UHN-INV-0043,UHN,Keperawatan,Diploma Tiga,Terakreditasi,3.6875,Dengan Pujian,31 Januari 2026,Sekolah Vokasi/D3 Keperawatan,0,accreditation_swap,UHN_Keperawatan,1,Keperawatan_Diploma Tiga,1,Keperawatan_Terakreditasi,0,0.6666666666666666
UHN-0244,UHN,Akuntansi,Diploma Tiga,Baik Sekali,3.70796460176991,Dengan Pujian,5 Februari 2026,Sekolah Vokasi/D3 Akuntansi,1,none,UHN_Akuntansi,1,Akuntansi_Diploma Tiga,1,Akuntansi_Baik Sekali,1,1.0
UHN-INV-0651,UHN,Manajemen Informatika,Diploma Tiga,Baik Sekali,3.47457627118644,Sangat Memuaskan,31 Januari 2026,Sekolah Vokasi/D3 Teknik Komputer,0,cross_institution_program,UHN_Manajemen Informatika,0,Manajemen Informatika_Diploma Tiga,0,Manajemen Informatika_Baik Sekali,0,0.0
UHN-INV-0408,UHN,Analis Kesehatan,Diploma Tiga,Baik Sekali,3.67857142857143,Dengan Pujian,31 Januari 2026,Sekolah Vokasi/D3 Farmasi,0,cross_institution_program,UHN_Analis Kesehatan,0,Analis Kesehatan_Diploma Tiga,0,Analis Kesehatan_Baik Sekali,0,0.0
UHN-0313,UHN,Teknik Mesin,Diploma Tiga,Baik Sekali,3.5546218487395,Dengan Pujian,31 Januari 2026,Sekolah Vokasi/D3 Teknik Mesin,1,none,UHN_Teknik Mesin,1,Teknik Mesin_Diploma Tiga,1,Teknik Mesin_Baik Sekali,1,1.0
UHN-0436,UHN,Farmasi,Diploma Tiga,Baik Sekali,3.54464285714286,Dengan Pujian,31 Januari 2026,Sekolah Vokasi/D3 Farmasi,1,none,UHN_Farmasi,1,Farmasi_Diploma Tiga,1,Farmasi_Baik Sekali,1,1.0
PMKM-INV-0023,PMKM,Analis Kesehatan,Diploma 3,Baik Sekali,,,,,0,accreditation_swap,PMKM_Analis Kesehatan,1,Analis Kesehatan_Diploma 3,1,Analis Kesehatan_Baik Sekali,0,0.6666666666666666
UHN-0713,UHN,Teknik Informatika,Sarjana Terapan,Baik Sekali,3.33783783783784,Sangat Memuaskan,31 Januari 2026,Sekolah Vokasi/D4 Teknik Informatika,1,none,UHN_Teknik Informatika,1,Teknik Informatika_Sarjana Terapan,1,Teknik Informatika_Baik Sekali,1,1.0
UHN-0309,UHN,Teknik Mesin,Diploma Tiga,Baik Sekali,3.51260504201681,Dengan Pujian,31 Januari 2026,Sekolah Vokasi/D3 Teknik Mesin,1,none,UHN_Teknik Mesin,1,Teknik Mesin_Diploma Tiga,1,Teknik Mesin_Baik Sekali,1,1.0
UHN-0431,UHN,Farmasi,Diploma Tiga,Baik Sekali,3.63392857142857,Dengan Pujian,31 Januari 2026,Sekolah Vokasi/D3 Farmasi,1,none,UHN_Farmasi,1,Farmasi_Diploma Tiga,1,Farmasi_Baik Sekali,1,1.0
UHN-0371,UHN,Farmasi,Diploma Tiga,Baik Sekali,2.90178571428571,Sangat Memuaskan,31 Januari 2026,Sekolah Vokasi/D3 Farmasi,1,none,UHN_Farmasi,1,Farmasi_Diploma Tiga,1,Farmasi_Baik Sekali,1,1.0
UHN-0567,UHN,Teknik Komputer,Diploma Tiga,Baik Sekali,3.84745762711864,Dengan Pujian,31 Januari 2026,Sekolah Vokasi/D3 Teknik Komputer,1,none,UHN_Teknik Komputer,1,Teknik Komputer_Diploma Tiga,1,Teknik Komputer_Baik Sekali,1,1.0
UHN-0745,UHN,Teknik Informatika,Sarjana Terapan,Baik Sekali,3.50675675675676,Dengan Pujian,31 Januari 2026,Sekolah Vokasi/D4 Teknik Informatika,1,none,UHN_Teknik Informatika,1,Teknik Informatika_Sarjana Terapan,1,Teknik Informatika_Baik Sekali,1,1.0
UHN-0182,UHN,Akuntansi,Diploma Tiga,Baik Sekali,3.63716814159292,Dengan Pujian,5 Februari 2026,Sekolah Vokasi/D3 Akuntansi,1,none,UHN_Akuntansi,1,Akuntansi_Diploma Tiga,1,Akuntansi_Baik Sekali,1,1.0
UHN-INV-0028,UHN,Keperawatan,Diploma Tiga,Baik Sekali,3.71428571428571,Dengan Pujian,31 Januari 2026,Sekolah Vokasi/D3 Keperawatan,0,accreditation_swap,UHN_Keperawatan,1,Keperawatan_Diploma Tiga,1,Keperawatan_Baik Sekali,0,0.6666666666666666
UHN-INV-0415,UHN,Farmasi,Diploma Tiga,Terakreditasi,3.55357142857143,Dengan Pujian,31 Januari 2026,Sekolah Vokasi/D3 Farmasi,0,accreditation_swap,UHN_Farmasi,1,Farmasi_Diploma Tiga,1,Farmasi_Terakreditasi,0,0.6666666666666666
UHN-INV-0462,UHN,Analis Kesehatan,Diploma Tiga,Baik Sekali,3.19642857142857,Sangat Memuaskan,31 Januari 2026,Sekolah Vokasi/D3 Farmasi,0,cross_institution_program,UHN_Analis Kesehatan,0,Analis Kesehatan_Diploma Tiga,0,Analis Kesehatan_Baik Sekali,0,0.0
UHN-INV-0720,UHN,Manajemen Informatika,Sarjana Terapan,Baik Sekali,3.31756756756757,Sangat Memuaskan,31 Januari 2026,Sekolah Vokasi/D4 Teknik Informatika,0,cross_institution_program,UHN_Manajemen Informatika,0,Manajemen Informatika_Sarjana Terapan,0,Manajemen Informatika_Baik Sekali,0,0.0
UHN-0297,UHN,Teknik Mesin,Diploma Tiga,Baik Sekali,3.57142857142857,Dengan Pujian,31 Januari 2026,Sekolah Vokasi/D3 Teknik Mesin,1,none,UHN_Teknik Mesin,1,Teknik Mesin_Diploma Tiga,1,Teknik Mesin_Baik Sekali,1,1.0
UHN-INV-0347,UHN,Teknik Elektronika,Sarjana Terapan,Terakreditasi,3.43220338983051,Sangat Memuaskan,31 Januari 2026,Sekolah Vokasi/D3 Teknik Elektronika,0,education_level_swap,UHN_Teknik Elektronika,1,Teknik Elektronika_Sarjana Terapan,0,Teknik Elektronika_Terakreditasi,1,0.6666666666666666
UHN-0462,UHN,Farmasi,Diploma Tiga,Baik Sekali,3.19642857142857,Sangat Memuaskan,31 Januari 2026,Sekolah Vokasi/D3 Farmasi,1,none,UHN_Farmasi,1,Farmasi_Diploma Tiga,1,Farmasi_Baik Sekali,1,1.0
UHN-INV-0263,UHN,Akuntansi,Sarjana,Baik Sekali,3.66371681415929,Dengan Pujian,5 Februari 2026,Sekolah Vokasi/D3 Akuntansi,0,education_level_swap,UHN_Akuntansi,1,Akuntansi_Sarjana,0,Akuntansi_Baik Sekali,1,0.6666666666666666
UHN-INV-0065,UHN,Teknik Informatika,Diploma Tiga,Baik,3.79,Dengan Pujian,31 Januari 2026,Fakultas Sains dan Teknologi/S1 Teknik Informatika,0,education_level_swap,UHN_Teknik Informatika,1,Teknik Informatika_Diploma Tiga,0,Teknik Informatika_Baik,1,0.6666666666666666
UHN-0378,UHN,Farmasi,Diploma Tiga,Baik Sekali,3.36607142857143,Sangat Memuaskan,31 Januari 2026,Sekolah Vokasi/D3 Farmasi,1,none,UHN_Farmasi,1,Farmasi_Diploma Tiga,1,Farmasi_Baik Sekali,1,1.0
UHN-INV-0045,UHN,Manajemen Informatika,Diploma Tiga,Baik,3.44642857142857,Sangat Memuaskan,31 Januari 2026,Sekolah Vokasi/D3 Keperawatan,0,cross_institution_program,UHN_Manajemen Informatika,0,Manajemen Informatika_Diploma Tiga,0,Manajemen Informatika_Baik,1,0.3333333333333333
UHN-INV-0379,UHN,Farmasi,Diploma Tiga,Baik,3.48214285714286,Sangat Memuaskan,31 Januari 2026,Sekolah Vokasi/D3 Farmasi,0,accreditation_swap,UHN_Farmasi,1,Farmasi_Diploma Tiga,1,Farmasi_Baik,1,1.0
UHN-0127,UHN,Desain Komunikasi Visual,Diploma Tiga,Baik,3.38053097345133,Sangat Memuaskan,31 Januari 2026,Sekolah Vokasi/D3 Desain Komunikasi Visual,1,none,UHN_Desain Komunikasi Visual,1,Desain Komunikasi Visual_Diploma Tiga,1,Desain Komunikasi Visual_Baik,1,1.0
UHN-INV-0533,UHN,Teknik Komputer,Sarjana Terapan,Baik Sekali,3.59322033898305,Dengan Pujian,31 Januari 2026,Sekolah Vokasi/D3 Teknik Komputer,0,education_level_swap,UHN_Teknik Komputer,1,Teknik Komputer_Sarjana Terapan,0,Teknik Komputer_Baik Sekali,1,0.6666666666666666
UHN-INV-0537,UHN,Analis Kesehatan,Diploma Tiga,Baik Sekali,3.57627118644068,Dengan Pujian,31 Januari 2026,Sekolah Vokasi/D3 Teknik Komputer,0,cross_institution_program,UHN_Analis Kesehatan,0,Analis Kesehatan_Diploma Tiga,0,Analis Kesehatan_Baik Sekali,0,0.0
UHN-0356,UHN,Teknik Elektronika,Diploma Tiga,Terakreditasi,3.76271186440678,Dengan Pujian,31 Januari 2026,Sekolah Vokasi/D3 Teknik Elektronika,1,none,UHN_Teknik Elektronika,1,Teknik Elektronika_Diploma Tiga,1,Teknik Elektronika_Terakreditasi,1,1.0
UHN-INV-0534,UHN,Analis Kesehatan,Diploma Tiga,Baik Sekali,3.15254237288136,Sangat Memuaskan,31 Januari 2026,Sekolah Vokasi/D3 Teknik Komputer,0,cross_institution_program,UHN_Analis Kesehatan,0,Analis Kesehatan_Diploma Tiga,0,Analis Kesehatan_Baik Sekali,0,0.0
UHN-0621,UHN,Teknik Komputer,Diploma Tiga,Baik Sekali,3.59322033898305,Dengan Pujian,31 Januari 2026,Sekolah Vokasi/D3 Teknik Komputer,1,none,UHN_Teknik Komputer,1,Teknik Komputer_Diploma Tiga,1,Teknik Komputer_Baik Sekali,1,1.0
UHN-0210,UHN,Akuntansi,Diploma Tiga,Baik Sekali,3.76991150442478,Dengan Pujian,5 Februari 2026,Sekolah Vokasi/D3 Akuntansi,1,none,UHN_Akuntansi,1,Akuntansi_Diploma Tiga,1,Akuntansi_Baik Sekali,1,1.0
UHN-0678,UHN,Teknik Informatika,Sarjana Terapan,Baik Sekali,3.18243243243243,Sangat Memuaskan,31 Januari 2026,Sekolah Vokasi/D4 Teknik Informatika,1,none,UHN_Teknik Informatika,1,Teknik Informatika_Sarjana Terapan,1,Teknik Informatika_Baik Sekali,1,1.0
UHN-0141,UHN,Kebidanan,Diploma Tiga,Baik Sekali,3.48739495798319,Sangat Memuaskan,31 Januari 2026,Sekolah Vokasi/D3 Kebidanan,1,none,UHN_Kebidanan,1,Kebidanan_Diploma Tiga,1,Kebidanan_Baik Sekali,1,1.0
UHN-INV-0374,UHN,Farmasi,Sarjana,Baik Sekali,3.11607142857143,Sangat Memuaskan,31 Januari 2026,Sekolah Vokasi/D3 Farmasi,0,education_level_swap,UHN_Farmasi,1,Farmasi_Sarjana,0,Farmasi_Baik Sekali,1,0.6666666666666666
UHN-INV-0288,UHN,Analis Kesehatan,Diploma Tiga,Baik Sekali,3.87610619469027,Dengan Pujian,5 Februari 2026,Sekolah Vokasi/D3 Akuntansi,0,cross_institution_program,UHN_Analis Kesehatan,0,Analis Kesehatan_Diploma Tiga,0,Analis Kesehatan_Baik Sekali,0,0.0
UHN-INV-0337,UHN,Teknik Mesin,Diploma Tiga,Baik,2.9327731092437,Sangat Memuaskan,31 Januari 2026,Sekolah Vokasi/D3 Teknik Mesin,0,accreditation_swap,UHN_Teknik Mesin,1,Teknik Mesin_Diploma Tiga,1,Teknik Mesin_Baik,0,0.6666666666666666
UHN-INV-0498,UHN,Manajemen Informatika,Sarjana Terapan,Baik,3.56164383561644,Dengan Pujian,31 Januari 2026,Sekolah Vokasi/D4 Akuntansi Sektor Publik,0,cross_institution_program,UHN_Manajemen Informatika,0,Manajemen Informatika_Sarjana Terapan,0,Manajemen Informatika_Baik,1,0.3333333333333333
UHN-INV-0732,UHN,Analis Kesehatan,Sarjana Terapan,Baik Sekali,3.52702702702703,Dengan Pujian,31 Januari 2026,Sekolah Vokasi/D4 Teknik Informatika,0,cross_institution_program,UHN_Analis Kesehatan,0,Analis Kesehatan_Sarjana Terapan,0,Analis Kesehatan_Baik Sekali,0,0.0
UHN-INV-0324,UHN,Manajemen Informatika,Diploma Tiga,Baik Sekali,3.12605042016807,Sangat Memuaskan,31 Januari 2026,Sekolah Vokasi/D3 Teknik Mesin,0,cross_institution_program,UHN_Manajemen Informatika,0,Manajemen Informatika_Diploma Tiga,0,Manajemen Informatika_Baik Sekali,0,0.0
UHN-INV-0235,UHN,Akuntansi,Diploma Tiga,Baik,3.61061946902655,Dengan Pujian,5 Februari 2026,Sekolah Vokasi/D3 Akuntansi,0,accreditation_swap,UHN_Akuntansi,1,Akuntansi_Diploma Tiga,1,Akuntansi_Baik,0,0.6666666666666666
UHN-INV-0602,UHN,Teknik Komputer,Sarjana,Baik Sekali,3.4406779661017,Sangat Memuaskan,31 Januari 2026,Sekolah Vokasi/D3 Teknik Komputer,0,education_level_swap,UHN_Teknik Komputer,1,Teknik Komputer_Sarjana,0,Teknik Komputer_Baik Sekali,1,0.6666666666666666
UHN-0655,UHN,Teknik Komputer,Diploma Tiga,Baik Sekali,3.86440677966102,Dengan Pujian,31 Januari 2026,Sekolah Vokasi/D3 Teknik Komputer,1,none,UHN_Teknik Komputer,1,Teknik Komputer_Diploma Tiga,1,Teknik Komputer_Baik Sekali,1,1.0
UHN-0011,UHN,Keperawatan,Diploma Tiga,Baik,3.36607142857143,Sangat Memuaskan,31 Januari 2026,Sekolah Vokasi/D3 Keperawatan,1,none,UHN_Keperawatan,1,Keperawatan_Diploma Tiga,1,Keperawatan_Baik,1,1.0
UHN-INV-0083,UHN,Teknik Informatika,Diploma Tiga,Baik,3.83,Dengan Pujian,31 Januari 2026,Fakultas Sains dan Teknologi/S1 Teknik Informatika,0,education_level_swap,UHN_Teknik Informatika,1,Teknik Informatika_Diploma Tiga,0,Teknik Informatika_Baik,1,0.6666666666666666
UHN-0283,UHN,Akuntansi,Diploma Tiga,Baik Sekali,3.56637168141593,Dengan Pujian,5 Februari 2026,Sekolah Vokasi/D3 Akuntansi,1,none,UHN_Akuntansi,1,Akuntansi_Diploma Tiga,1,Akuntansi_Baik Sekali,1,1.0
UHN-0292,UHN,Teknik Mesin,Diploma Tiga,Baik Sekali,3.42016806722689,Sangat Memuaskan,31 Januari 2026,Sekolah Vokasi/D3 Teknik Mesin,1,none,UHN_Teknik Mesin,1,Teknik Mesin_Diploma Tiga,1,Teknik Mesin_Baik Sekali,1,1.0
UHN-0627,UHN,Teknik Komputer,Diploma Tiga,Baik Sekali,3.72881355932203,Dengan Pujian,31 Januari 2026,Sekolah Vokasi/D3 Teknik Komputer,1,none,UHN_Teknik Komputer,1,Teknik Komputer_Diploma Tiga,1,Teknik Komputer_Baik Sekali,1,1.0
PMKM-INV-0013,PMKM,Teknik Elektronika,Diploma 3,Baik,,,,,0,cross_institution_program,PMKM_Teknik Elektronika,0,Teknik Elektronika_Diploma 3,0,Teknik Elektronika_Baik,0,0.0
UHN-INV-0413,UHN,Farmasi,Diploma 3,Baik Sekali,3.16071428571429,Sangat Memuaskan,31 Januari 2026,Sekolah Vokasi/D3 Farmasi,0,education_level_swap,UHN_Farmasi,1,Farmasi_Diploma 3,1,Farmasi_Baik Sekali,1,1.0
UHN-0130,UHN,Desain Komunikasi Visual,Diploma Tiga,Baik,2.64601769911504,Memuaskan,31 Januari 2026,Sekolah Vokasi/D3 Desain Komunikasi Visual,1,none,UHN_Desain Komunikasi Visual,1,Desain Komunikasi Visual_Diploma Tiga,1,Desain Komunikasi Visual_Baik,1,1.0
UHN-0324,UHN,Teknik Mesin,Diploma Tiga,Baik Sekali,3.12605042016807,Sangat Memuaskan,31 Januari 2026,Sekolah Vokasi/D3 Teknik Mesin,1,none,UHN_Teknik Mesin,1,Teknik Mesin_Diploma Tiga,1,Teknik Mesin_Baik Sekali,1,1.0
UHN-INV-0026,UHN,Keperawatan,Sarjana Terapan,Baik,3.83035714285714,Dengan Pujian,31 Januari 2026,Sekolah Vokasi/D3 Keperawatan,0,education_level_swap,UHN_Keperawatan,1,Keperawatan_Sarjana Terapan,0,Keperawatan_Baik,1,0.6666666666666666
UHN-0644,UHN,Teknik Komputer,Diploma Tiga,Baik Sekali,3.8135593220339,Dengan Pujian,31 Januari 2026,Sekolah Vokasi/D3 Teknik Komputer,1,none,UHN_Teknik Komputer,1,Teknik Komputer_Diploma Tiga,1,Teknik Komputer_Baik Sekali,1,1.0
UHN-INV-0132,UHN,Analis Kesehatan,Diploma Tiga,Baik,2.82300884955752,Sangat Memuaskan,31 Januari 2026,Sekolah Vokasi/D3 Desain Komunikasi Visual,0,cross_institution_program,UHN_Analis Kesehatan,0,Analis Kesehatan_Diploma Tiga,0,Analis Kesehatan_Baik,1,0.3333333333333333
UHN-0661,UHN,Teknik Komputer,Diploma Tiga,Baik Sekali,3.45762711864407,Sangat Memuaskan,31 Januari 2026,Sekolah Vokasi/D3 Teknik Komputer,1,none,UHN_Teknik Komputer,1,Teknik Komputer_Diploma Tiga,1,Teknik Komputer_Baik Sekali,1,1.0
UHN-INV-0055,UHN,Teknik Informatika,Sarjana,Baik Sekali,3.76666666666667,Dengan Pujian,31 Januari 2026,Fakultas Sains dan Teknologi/S1 Teknik Informatika,0,accreditation_swap,UHN_Teknik Informatika,1,Teknik Informatika_Sarjana,1,Teknik Informatika_Baik Sekali,1,1.0
PMKM-0860,PMKM,Manajemen Informatika,Diploma 3,Baik,,,,,1,none,PMKM_Manajemen Informatika,1,Manajemen Informatika_Diploma 3,1,Manajemen Informatika_Baik,1,1.0
PMKM-0817,PMKM,Analis Kesehatan,Diploma 3,Baik,,,,,1,none,PMKM_Analis Kesehatan,1,Analis Kesehatan_Diploma 3,1,Analis Kesehatan_Baik,1,1.0
UHN-0159,UHN,Akuntansi,Diploma Tiga,Baik Sekali,3.5929203539823,Dengan Pujian,5 Februari 2026,Sekolah Vokasi/D3 Akuntansi,1,none,UHN_Akuntansi,1,Akuntansi_Diploma Tiga,1,Akuntansi_Baik Sekali,1,1.0
UHN-INV-0419,UHN,Farmasi,Diploma 3,Baik Sekali,3.33928571428571,Sangat Memuaskan,31 Januari 2026,Sekolah Vokasi/D3 Farmasi,0,education_level_swap,UHN_Farmasi,1,Farmasi_Diploma 3,1,Farmasi_Baik Sekali,1,1.0
UHN-0635,UHN,Teknik Komputer,Diploma Tiga,Baik Sekali,3.28813559322034,Sangat Memuaskan,31 Januari 2026,Sekolah Vokasi/D3 Teknik Komputer,1,none,UHN_Teknik Komputer,1,Teknik Komputer_Diploma Tiga,1,Teknik Komputer_Baik Sekali,1,1.0
UHN-0517,UHN,Teknik Komputer,Diploma Tiga,Baik Sekali,3.69491525423729,Dengan Pujian,31 Januari 2026,Sekolah Vokasi/D3 Teknik Komputer,1,none,UHN_Teknik Komputer,1,Teknik Komputer_Diploma Tiga,1,Teknik Komputer_Baik Sekali,1,1.0
UHN-INV-0367,UHN,Perhotelan,Diploma Tiga,Terakreditasi,3.36666666666667,Sangat Memuaskan,31 Januari 2026,Sekolah Vokasi/D3 Perhotelan,0,accreditation_swap,UHN_Perhotelan,1,Perhotelan_Diploma Tiga,1,Perhotelan_Terakreditasi,0,0.6666666666666666
UHN-0598,UHN,Teknik Komputer,Diploma Tiga,Baik Sekali,3.47457627118644,Sangat Memuaskan,31 Januari 2026,Sekolah Vokasi/D3 Teknik Komputer,1,none,UHN_Teknik Komputer,1,Teknik Komputer_Diploma Tiga,1,Teknik Komputer_Baik Sekali,1,1.0
UHN-0196,UHN,Akuntansi,Diploma Tiga,Baik Sekali,3.43362831858407,Sangat Memuaskan,5 Februari 2026,Sekolah Vokasi/D3 Akuntansi,1,none,UHN_Akuntansi,1,Akuntansi_Diploma Tiga,1,Akuntansi_Baik Sekali,1,1.0
UHN-INV-0557,UHN,Teknik Komputer,Sarjana Terapan,Baik Sekali,3.52542372881356,Dengan Pujian,31 Januari 2026,Sekolah Vokasi/D3 Teknik Komputer,0,education_level_swap,UHN_Teknik Komputer,1,Teknik Komputer_Sarjana Terapan,0,Teknik Komputer_Baik Sekali,1,0.6666666666666666
UHN-INV-0044,UHN,Keperawatan,Diploma 3,Baik,3.44642857142857,Sangat Memuaskan,31 Januari 2026,Sekolah Vokasi/D3 Keperawatan,0,education_level_swap,UHN_Keperawatan,1,Keperawatan_Diploma 3,0,Keperawatan_Baik,1,0.6666666666666666
UHN-0411,UHN,Farmasi,Diploma Tiga,Baik Sekali,3.09821428571429,Sangat Memuaskan,31 Januari 2026,Sekolah Vokasi/D3 Farmasi,1,none,UHN_Farmasi,1,Farmasi_Diploma Tiga,1,Farmasi_Baik Sekali,1,1.0
UHN-0097,UHN,Desain Komunikasi Visual,Diploma Tiga,Baik,2.76106194690266,Sangat Memuaskan,31 Januari 2026,Sekolah Vokasi/D3 Desain Komunikasi Visual,1,none,UHN_Desain Komunikasi Visual,1,Desain Komunikasi Visual_Diploma Tiga,1,Desain Komunikasi Visual_Baik,1,1.0
PMKM-INV-0019,PMKM,Keperawatan,Diploma 3,Baik,,,,,0,cross_institution_program,PMKM_Keperawatan,0,Keperawatan_Diploma 3,0,Keperawatan_Baik,1,0.3333333333333333
UHN-0723,UHN,Teknik Informatika,Sarjana Terapan,Baik Sekali,3.62162162162162,Dengan Pujian,31 Januari 2026,Sekolah Vokasi/D4 Teknik Informatika,1,none,UHN_Teknik Informatika,1,Teknik Informatika_Sarjana Terapan,1,Teknik Informatika_Baik Sekali,1,1.0
UHN-0157,UHN,Akuntansi,Diploma Tiga,Baik Sekali,3.78761061946903,Dengan Pujian,5 Februari 2026,Sekolah Vokasi/D3 Akuntansi,1,none,UHN_Akuntansi,1,Akuntansi_Diploma Tiga,1,Akuntansi_Baik Sekali,1,1.0
UHN-0420,UHN,Farmasi,Diploma Tiga,Baik Sekali,3.55357142857143,Dengan Pujian,31 Januari 2026,Sekolah Vokasi/D3 Farmasi,1,none,UHN_Farmasi,1,Farmasi_Diploma Tiga,1,Farmasi_Baik Sekali,1,1.0
UHN-INV-0478,UHN,Farmasi,Diploma Tiga,Baik,3.33035714285714,Sangat Memuaskan,31 Januari 2026,Sekolah Vokasi/D3 Farmasi,0,accreditation_swap,UHN_Farmasi,1,Farmasi_Diploma Tiga,1,Farmasi_Baik,1,1.0
UHN-0478,UHN,Farmasi,Diploma Tiga,Baik Sekali,3.33035714285714,Sangat Memuaskan,31 Januari 2026,Sekolah Vokasi/D3 Farmasi,1,none,UHN_Farmasi,1,Farmasi_Diploma Tiga,1,Farmasi_Baik Sekali,1,1.0
UHN-INV-0676,UHN,Teknik Informatika,Sarjana Terapan,Terakreditasi,3.2027027027027,Sangat Memuaskan,31 Januari 2026,Sekolah Vokasi/D4 Teknik Informatika,0,accreditation_swap,UHN_Teknik Informatika,1,Teknik Informatika_Sarjana Terapan,1,Teknik Informatika_Terakreditasi,0,0.6666666666666666
UHN-INV-0700,UHN,Teknik Informatika,Sarjana Terapan,Terakreditasi,3.41891891891892,Sangat Memuaskan,31 Januari 2026,Sekolah Vokasi/D4 Teknik Informatika,0,accreditation_swap,UHN_Teknik Informatika,1,Teknik Informatika_Sarjana Terapan,1,Teknik Informatika_Terakreditasi,0,0.6666666666666666
PMKM-0842,PMKM,Farmasi,Diploma 3,Baik,,,,,1,none,PMKM_Farmasi,1,Farmasi_Diploma 3,1,Farmasi_Baik,1,1.0
PMKM-INV-0066,PMKM,Analis Kesehatan,Sarjana Terapan,Baik,,,,,0,education_level_swap,PMKM_Analis Kesehatan,1,Analis Kesehatan_Sarjana Terapan,0,Analis Kesehatan_Baik,1,0.6666666666666666
UHN-0448,UHN,Farmasi,Diploma Tiga,Baik Sekali,3.45535714285714,Sangat Memuaskan,31 Januari 2026,Sekolah Vokasi/D3 Farmasi,1,none,UHN_Farmasi,1,Farmasi_Diploma Tiga,1,Farmasi_Baik Sekali,1,1.0
PMKM-0808,PMKM,Manajemen Informatika,Diploma 3,Baik,,,,,1,none,PMKM_Manajemen Informatika,1,Manajemen Informatika_Diploma 3,1,Manajemen Informatika_Baik,1,1.0
UHN-0179,UHN,Akuntansi,Diploma Tiga,Baik Sekali,3.74336283185841,Dengan Pujian,5 Februari 2026,Sekolah Vokasi/D3 Akuntansi,1,none,UHN_Akuntansi,1,Akuntansi_Diploma Tiga,1,Akuntansi_Baik Sekali,1,1.0
UHN-0391,UHN,Farmasi,Diploma Tiga,Baik Sekali,3.61607142857143,Dengan Pujian,31 Januari 2026,Sekolah Vokasi/D3 Farmasi,1,none,UHN_Farmasi,1,Farmasi_Diploma Tiga,1,Farmasi_Baik Sekali,1,1.0
UHN-0579,UHN,Teknik Komputer,Diploma Tiga,Baik Sekali,3.74576271186441,Dengan Pujian,31 Januari 2026,Sekolah Vokasi/D3 Teknik Komputer,1,none,UHN_Teknik Komputer,1,Teknik Komputer_Diploma Tiga,1,Teknik Komputer_Baik Sekali,1,1.0
PMKM-0768,PMKM,Farmasi,Diploma 3,Baik,,,,,1,none,PMKM_Farmasi,1,Farmasi_Diploma 3,1,Farmasi_Baik,1,1.0
UHN-INV-0613,UHN,Teknik Komputer,Diploma Tiga,Baik,3.67796610169492,Dengan Pujian,31 Januari 2026,Sekolah Vokasi/D3 Teknik Komputer,0,accreditation_swap,UHN_Teknik Komputer,1,Teknik Komputer_Diploma Tiga,1,Teknik Komputer_Baik,0,0.6666666666666666
UHN-INV-0699,UHN,Manajemen Informatika,Sarjana Terapan,Baik Sekali,3.85135135135135,Dengan Pujian,31 Januari 2026,Sekolah Vokasi/D4 Teknik Informatika,0,cross_institution_program,UHN_Manajemen Informatika,0,Manajemen Informatika_Sarjana Terapan,0,Manajemen Informatika_Baik Sekali,0,0.0
UHN-INV-0558,UHN,Analis Kesehatan,Diploma Tiga,Baik Sekali,3.61016949152542,Dengan Pujian,31 Januari 2026,Sekolah Vokasi/D3 Teknik Komputer,0,cross_institution_program,UHN_Analis Kesehatan,0,Analis Kesehatan_Diploma Tiga,0,Analis Kesehatan_Baik Sekali,0,0.0
UHN-INV-0701,UHN,Teknik Informatika,Diploma 3,Baik Sekali,3.48648648648649,Sangat Memuaskan,31 Januari 2026,Sekolah Vokasi/D4 Teknik Informatika,0,education_level_swap,UHN_Teknik Informatika,1,Teknik Informatika_Diploma 3,0,Teknik Informatika_Baik Sekali,1,0.6666666666666666
UHN-INV-0392,UHN,Farmasi,Sarjana,Baik Sekali,3.80357142857143,Dengan Pujian,31 Januari 2026,Sekolah Vokasi/D3 Farmasi,0,education_level_swap,UHN_Farmasi,1,Farmasi_Sarjana,0,Farmasi_Baik Sekali,1,0.6666666666666666
UHN-INV-0222,UHN,Analis Kesehatan,Diploma Tiga,Baik Sekali,3.71681415929204,Dengan Pujian,5 Februari 2026,Sekolah Vokasi/D3 Akuntansi,0,cross_institution_program,UHN_Analis Kesehatan,0,Analis Kesehatan_Diploma Tiga,0,Analis Kesehatan_Baik Sekali,0,0.0
UHN-INV-0463,UHN,Farmasi,Diploma Tiga,Baik,3.58035714285714,Dengan Pujian,31 Januari 2026,Sekolah Vokasi/D3 Farmasi,0,accreditation_swap,UHN_Farmasi,1,Farmasi_Diploma Tiga,1,Farmasi_Baik,1,1.0
UHN-0665,UHN,Teknik Informatika,Sarjana Terapan,Baik Sekali,3.68918918918919,Dengan Pujian,31 Januari 2026,Sekolah Vokasi/D4 Teknik Informatika,1,none,UHN_Teknik Informatika,1,Teknik Informatika_Sarjana Terapan,1,Teknik Informatika_Baik Sekali,1,1.0
UHN-0143,UHN,Kebidanan,Diploma Tiga,Baik Sekali,3.52100840336134,Dengan Pujian,31 Januari 2026,Sekolah Vokasi/D3 Kebidanan,1,none,UHN_Kebidanan,1,Kebidanan_Diploma Tiga,1,Kebidanan_Baik Sekali,1,1.0
UHN-INV-0446,UHN,Farmasi,Sarjana Terapan,Baik Sekali,3.77678571428571,Dengan Pujian,31 Januari 2026,Sekolah Vokasi/D3 Farmasi,0,education_level_swap,UHN_Farmasi,1,Farmasi_Sarjana Terapan,0,Farmasi_Baik Sekali,1,0.6666666666666666
UHN-INV-0368,UHN,Perhotelan,Sarjana,Baik,3.34166666666667,Sangat Memuaskan,31 Januari 2026,Sekolah Vokasi/D3 Perhotelan,0,education_level_swap,UHN_Perhotelan,1,Perhotelan_Sarjana,0,Perhotelan_Baik,1,0.6666666666666666
UHN-INV-0316,UHN,Teknik Mesin,Diploma Tiga,Terakreditasi,3.54621848739496,Dengan Pujian,31 Januari 2026,Sekolah Vokasi/D3 Teknik Mesin,0,accreditation_swap,UHN_Teknik Mesin,1,Teknik Mesin_Diploma Tiga,1,Teknik Mesin_Terakreditasi,0,0.6666666666666666
UHN-0637,UHN,Teknik Komputer,Diploma Tiga,Baik Sekali,3.57627118644068,Dengan Pujian,31 Januari 2026,Sekolah Vokasi/D3 Teknik Komputer,1,none,UHN_Teknik Komputer,1,Teknik Komputer_Diploma Tiga,1,Teknik Komputer_Baik Sekali,1,1.0
PMKM-0856,PMKM,Analis Kesehatan,Diploma 3,Baik,,,,,1,none,PMKM_Analis Kesehatan,1,Analis Kesehatan_Diploma 3,1,Analis Kesehatan_Baik,1,1.0
UHN-0616,UHN,Teknik Komputer,Diploma Tiga,Baik Sekali,3.72881355932203,Dengan Pujian,31 Januari 2026,Sekolah Vokasi/D3 Teknik Komputer,1,none,UHN_Teknik Komputer,1,Teknik Komputer_Diploma Tiga,1,Teknik Komputer_Baik Sekali,1,1.0
UHN-0295,UHN,Teknik Mesin,Diploma Tiga,Baik Sekali,3.54621848739496,Dengan Pujian,31 Januari 2026,Sekolah Vokasi/D3 Teknik Mesin,1,none,UHN_Teknik Mesin,1,Teknik Mesin_Diploma Tiga,1,Teknik Mesin_Baik Sekali,1,1.0
UHN-INV-0169,UHN,Akuntansi,Diploma Tiga,Baik,3.69026548672566,Dengan Pujian,5 Februari 2026,Sekolah Vokasi/D3 Akuntansi,0,accreditation_swap,UHN_Akuntansi,1,Akuntansi_Diploma Tiga,1,Akuntansi_Baik,0,0.6666666666666666
PMKM-INV-0027,PMKM,Analis Kesehatan,Diploma Tiga,Baik,,,,,0,education_level_swap,PMKM_Analis Kesehatan,1,Analis Kesehatan_Diploma Tiga,0,Analis Kesehatan_Baik,1,0.6666666666666666
UHN-0089,UHN,Teknik Informatika,Sarjana,Baik,3.26666666666667,Sangat Memuaskan,31 Januari 2026,Fakultas Sains dan Teknologi/S1 Teknik Informatika,1,none,UHN_Teknik Informatika,1,Teknik Informatika_Sarjana,1,Teknik Informatika_Baik,1,1.0
UHN-0042,UHN,Keperawatan,Diploma Tiga,Baik,3.60714285714286,Dengan Pujian,31 Januari 2026,Sekolah Vokasi/D3 Keperawatan,1,none,UHN_Keperawatan,1,Keperawatan_Diploma Tiga,1,Keperawatan_Baik,1,1.0
PMKM-INV-0055,PMKM,Akuntansi,Diploma 3,Baik,,,,,0,cross_institution_program,PMKM_Akuntansi,0,Akuntansi_Diploma 3,0,Akuntansi_Baik,0,0.0
UHN-0132,UHN,Desain Komunikasi Visual,Diploma Tiga,Baik,2.82300884955752,Sangat Memuaskan,31 Januari 2026,Sekolah Vokasi/D3 Desain Komunikasi Visual,1,none,UHN_Desain Komunikasi Visual,1,Desain Komunikasi Visual_Diploma Tiga,1,Desain Komunikasi Visual_Baik,1,1.0
PMKM-INV-0073,PMKM,Teknik Elektronika,Diploma 3,Baik,,,,,0,cross_institution_program,PMKM_Teknik Elektronika,0,Teknik Elektronika_Diploma 3,0,Teknik Elektronika_Baik,0,0.0
PMKM-0753,PMKM,Farmasi,Diploma 3,Baik,,,,,1,none,PMKM_Farmasi,1,Farmasi_Diploma 3,1,Farmasi_Baik,1,1.0
UHN-INV-0391,UHN,Farmasi,Diploma Tiga,Baik,3.61607142857143,Dengan Pujian,31 Januari 2026,Sekolah Vokasi/D3 Farmasi,0,accreditation_swap,UHN_Farmasi,1,Farmasi_Diploma Tiga,1,Farmasi_Baik,1,1.0
UHN-INV-0733,UHN,Teknik Informatika,Sarjana Terapan,Baik,3.61486486486487,Dengan Pujian,31 Januari 2026,Sekolah Vokasi/D4 Teknik Informatika,0,accreditation_swap,UHN_Teknik Informatika,1,Teknik Informatika_Sarjana Terapan,1,Teknik Informatika_Baik,1,1.0
UHN-INV-0197,UHN,Akuntansi,Sarjana,Baik Sekali,3.86725663716814,Dengan Pujian,5 Februari 2026,Sekolah Vokasi/D3 Akuntansi,0,education_level_swap,UHN_Akuntansi,1,Akuntansi_Sarjana,0,Akuntansi_Baik Sekali,1,0.6666666666666666
UHN-0165,UHN,Akuntansi,Diploma Tiga,Baik Sekali,3.51327433628319,Dengan Pujian,5 Februari 2026,Sekolah Vokasi/D3 Akuntansi,1,none,UHN_Akuntansi,1,Akuntansi_Diploma Tiga,1,Akuntansi_Baik Sekali,1,1.0
UHN-0291,UHN,Teknik Mesin,Diploma Tiga,Baik Sekali,3.21008403361345,Sangat Memuaskan,31 Januari 2026,Sekolah Vokasi/D3 Teknik Mesin,1,none,UHN_Teknik Mesin,1,Teknik Mesin_Diploma Tiga,1,Teknik Mesin_Baik Sekali,1,1.0
PMKM-INV-0021,PMKM,Farmasi,Sarjana,Baik,,,,,0,education_level_swap,PMKM_Farmasi,1,Farmasi_Sarjana,0,Farmasi_Baik,1,0.6666666666666666
PMKM-INV-0051,PMKM,Analis Kesehatan,Sarjana,Baik,,,,,0,education_level_swap,PMKM_Analis Kesehatan,1,Analis Kesehatan_Sarjana,0,Analis Kesehatan_Baik,1,0.6666666666666666
UHN-0349,UHN,Teknik Elektronika,Diploma Tiga,Terakreditasi,3.66101694915254,Dengan Pujian,31 Januari 2026,Sekolah Vokasi/D3 Teknik Elektronika,1,none,UHN_Teknik Elektronika,1,Teknik Elektronika_Diploma Tiga,1,Teknik Elektronika_Terakreditasi,1,1.0
UHN-0572,UHN,Teknik Komputer,Diploma Tiga,Baik Sekali,3.42372881355932,Sangat Memuaskan,31 Januari 2026,Sekolah Vokasi/D3 Teknik Komputer,1,none,UHN_Teknik Komputer,1,Teknik Komputer_Diploma Tiga,1,Teknik Komputer_Baik Sekali,1,1.0
UHN-0742,UHN,Teknik Informatika,Sarjana Terapan,Baik Sekali,3.5472972972973,Dengan Pujian,31 Januari 2026,Sekolah Vokasi/D4 Teknik Informatika,1,none,UHN_Teknik Informatika,1,Teknik Informatika_Sarjana Terapan,1,Teknik Informatika_Baik Sekali,1,1.0
PMKM-INV-0014,PMKM,Farmasi,Diploma 3,Baik Sekali,,,,,0,accreditation_swap,PMKM_Farmasi,1,Farmasi_Diploma 3,1,Farmasi_Baik Sekali,1,1.0
UHN-INV-0039,UHN,Manajemen Informatika,Diploma Tiga,Baik,3.76785714285714,Dengan Pujian,31 Januari 2026,Sekolah Vokasi/D3 Keperawatan,0,cross_institution_program,UHN_Manajemen Informatika,0,Manajemen Informatika_Diploma Tiga,0,Manajemen Informatika_Baik,1,0.3333333333333333
UHN-INV-0512,UHN,Teknik Komputer,Sarjana Terapan,Baik Sekali,3.61016949152542,Dengan Pujian,31 Januari 2026,Sekolah Vokasi/D3 Teknik Komputer,0,education_level_swap,UHN_Teknik Komputer,1,Teknik Komputer_Sarjana Terapan,0,Teknik Komputer_Baik Sekali,1,0.6666666666666666
UHN-INV-0273,UHN,Manajemen Informatika,Diploma Tiga,Baik Sekali,3.72566371681416,Dengan Pujian,5 Februari 2026,Sekolah Vokasi/D3 Akuntansi,0,cross_institution_program,UHN_Manajemen Informatika,0,Manajemen Informatika_Diploma Tiga,0,Manajemen Informatika_Baik Sekali,0,0.0
PMKM-0782,PMKM,Analis Kesehatan,Diploma 3,Baik,,,,,1,none,PMKM_Analis Kesehatan,1,Analis Kesehatan_Diploma 3,1,Analis Kesehatan_Baik,1,1.0
UHN-0459,UHN,Farmasi,Diploma Tiga,Baik Sekali,3.11607142857143,Sangat Memuaskan,31 Januari 2026,Sekolah Vokasi/D3 Farmasi,1,none,UHN_Farmasi,1,Farmasi_Diploma Tiga,1,Farmasi_Baik Sekali,1,1.0
UHN-0376,UHN,Farmasi,Diploma Tiga,Baik Sekali,2.86607142857143,Sangat Memuaskan,31 Januari 2026,Sekolah Vokasi/D3 Farmasi,1,none,UHN_Farmasi,1,Farmasi_Diploma Tiga,1,Farmasi_Baik Sekali,1,1.0
UHN-0334,UHN,Teknik Mesin,Diploma Tiga,Baik Sekali,3.46218487394958,Sangat Memuaskan,31 Januari 2026,Sekolah Vokasi/D3 Teknik Mesin,1,none,UHN_Teknik Mesin,1,Teknik Mesin_Diploma Tiga,1,Teknik Mesin_Baik Sekali,1,1.0
UHN-INV-0444,UHN,Manajemen Informatika,Diploma Tiga,Baik Sekali,3.66071428571429,Dengan Pujian,31 Januari 2026,Sekolah Vokasi/D3 Farmasi,0,cross_institution_program,UHN_Manajemen Informatika,0,Manajemen Informatika_Diploma Tiga,0,Manajemen Informatika_Baik Sekali,0,0.0
PMKM-INV-0093,PMKM,Farmasi,Sarjana,Baik,,,,,0,education_level_swap,PMKM_Farmasi,1,Farmasi_Sarjana,0,Farmasi_Baik,1,0.6666666666666666
UHN-INV-0669,UHN,Manajemen Informatika,Sarjana Terapan,Baik Sekali,3.46621621621622,Sangat Memuaskan,31 Januari 2026,Sekolah Vokasi/D4 Teknik Informatika,0,cross_institution_program,UHN_Manajemen Informatika,0,Manajemen Informatika_Sarjana Terapan,0,Manajemen Informatika_Baik Sekali,0,0.0
UHN-INV-0202,UHN,Akuntansi,Diploma Tiga,Terakreditasi,3.41592920353982,Sangat Memuaskan,5 Februari 2026,Sekolah Vokasi/D3 Akuntansi,0,accreditation_swap,UHN_Akuntansi,1,Akuntansi_Diploma Tiga,1,Akuntansi_Terakreditasi,0,0.6666666666666666
PMKM-0766,PMKM,Farmasi,Diploma 3,Baik,,,,,1,none,PMKM_Farmasi,1,Farmasi_Diploma 3,1,Farmasi_Baik,1,1.0
UHN-INV-0735,UHN,Analis Kesehatan,Sarjana Terapan,Baik Sekali,2.89864864864865,Sangat Memuaskan,31 Januari 2026,Sekolah Vokasi/D4 Teknik Informatika,0,cross_institution_program,UHN_Analis Kesehatan,0,Analis Kesehatan_Sarjana Terapan,0,Analis Kesehatan_Baik Sekali,0,0.0
UHN-INV-0688,UHN,Teknik Informatika,Sarjana Terapan,Terakreditasi,3.60135135135135,Dengan Pujian,31 Januari 2026,Sekolah Vokasi/D4 Teknik Informatika,0,accreditation_swap,UHN_Teknik Informatika,1,Teknik Informatika_Sarjana Terapan,1,Teknik Informatika_Terakreditasi,0,0.6666666666666666
UHN-0329,UHN,Teknik Mesin,Diploma Tiga,Baik Sekali,3.57983193277311,Dengan Pujian,31 Januari 2026,Sekolah Vokasi/D3 Teknik Mesin,1,none,UHN_Teknik Mesin,1,Teknik Mesin_Diploma Tiga,1,Teknik Mesin_Baik Sekali,1,1.0
PMKM-0844,PMKM,Farmasi,Diploma 3,Baik,,,,,1,none,PMKM_Farmasi,1,Farmasi_Diploma 3,1,Farmasi_Baik,1,1.0
UHN-0319,UHN,Teknik Mesin,Diploma Tiga,Baik Sekali,3.6218487394958,Dengan Pujian,31 Januari 2026,Sekolah Vokasi/D3 Teknik Mesin,1,none,UHN_Teknik Mesin,1,Teknik Mesin_Diploma Tiga,1,Teknik Mesin_Baik Sekali,1,1.0
UHN-INV-0458,UHN,Farmasi,Sarjana,Baik Sekali,3.63392857142857,Dengan Pujian,31 Januari 2026,Sekolah Vokasi/D3 Farmasi,0,education_level_swap,UHN_Farmasi,1,Farmasi_Sarjana,0,Farmasi_Baik Sekali,1,0.6666666666666666
UHN-INV-0306,UHN,Analis Kesehatan,Diploma Tiga,Baik Sekali,3.77310924369748,Dengan Pujian,31 Januari 2026,Sekolah Vokasi/D3 Teknik Mesin,0,cross_institution_program,UHN_Analis Kesehatan,0,Analis Kesehatan_Diploma Tiga,0,Analis Kesehatan_Baik Sekali,0,0.0
UHN-INV-0648,UHN,Manajemen Informatika,Diploma Tiga,Baik Sekali,3.33898305084746,Sangat Memuaskan,31 Januari 2026,Sekolah Vokasi/D3 Teknik Komputer,0,cross_institution_program,UHN_Manajemen Informatika,0,Manajemen Informatika_Diploma Tiga,0,Manajemen Informatika_Baik Sekali,0,0.0
UHN-0168,UHN,Akuntansi,Diploma Tiga,Baik Sekali,3.72566371681416,Dengan Pujian,5 Februari 2026,Sekolah Vokasi/D3 Akuntansi,1,none,UHN_Akuntansi,1,Akuntansi_Diploma Tiga,1,Akuntansi_Baik Sekali,1,1.0
UHN-0013,UHN,Keperawatan,Diploma Tiga,Baik,3.41071428571429,Sangat Memuaskan,31 Januari 2026,Sekolah Vokasi/D3 Keperawatan,1,none,UHN_Keperawatan,1,Keperawatan_Diploma Tiga,1,Keperawatan_Baik,1,1.0
UHN-0172,UHN,Akuntansi,Diploma Tiga,Baik Sekali,3.48672566371681,Sangat Memuaskan,5 Februari 2026,Sekolah Vokasi/D3 Akuntansi,1,none,UHN_Akuntansi,1,Akuntansi_Diploma Tiga,1,Akuntansi_Baik Sekali,1,1.0
UHN-0650,UHN,Teknik Komputer,Diploma Tiga,Baik Sekali,3.72881355932203,Dengan Pujian,31 Januari 2026,Sekolah Vokasi/D3 Teknik Komputer,1,none,UHN_Teknik Komputer,1,Teknik Komputer_Diploma Tiga,1,Teknik Komputer_Baik Sekali,1,1.0
UHN-0261,UHN,Akuntansi,Diploma Tiga,Baik Sekali,3.86725663716814,Dengan Pujian,5 Februari 2026,Sekolah Vokasi/D3 Akuntansi,1,none,UHN_Akuntansi,1,Akuntansi_Diploma Tiga,1,Akuntansi_Baik Sekali,1,1.0
UHN-INV-0191,UHN,Akuntansi,Diploma 3,Baik Sekali,3.4070796460177,Sangat Memuaskan,5 Februari 2026,Sekolah Vokasi/D3 Akuntansi,0,education_level_swap,UHN_Akuntansi,1,Akuntansi_Diploma 3,0,Akuntansi_Baik Sekali,1,0.6666666666666666
UHN-INV-0350,UHN,Teknik Elektronika,Sarjana,Terakreditasi,3.78813559322034,Dengan Pujian,31 Januari 2026,Sekolah Vokasi/D3 Teknik Elektronika,0,education_level_swap,UHN_Teknik Elektronika,1,Teknik Elektronika_Sarjana,0,Teknik Elektronika_Terakreditasi,1,0.6666666666666666
UHN-0673,UHN,Teknik Informatika,Sarjana Terapan,Baik Sekali,3.23648648648649,Sangat Memuaskan,31 Januari 2026,Sekolah Vokasi/D4 Teknik Informatika,1,none,UHN_Teknik Informatika,1,Teknik Informatika_Sarjana Terapan,1,Teknik Informatika_Baik Sekali,1,1.0
UHN-0259,UHN,Akuntansi,Diploma Tiga,Baik Sekali,3.69026548672566,Dengan Pujian,5 Februari 2026,Sekolah Vokasi/D3 Akuntansi,1,none,UHN_Akuntansi,1,Akuntansi_Diploma Tiga,1,Akuntansi_Baik Sekali,1,1.0
UHN-INV-0175,UHN,Akuntansi,Diploma Tiga,Baik,3.36283185840708,Sangat Memuaskan,5 Februari 2026,Sekolah Vokasi/D3 Akuntansi,0,accreditation_swap,UHN_Akuntansi,1,Akuntansi_Diploma Tiga,1,Akuntansi_Baik,0,0.6666666666666666
UHN-0139,UHN,Desain Komunikasi Visual,Diploma Tiga,Baik,2.92035398230089,Sangat Memuaskan,31 Januari 2026,Sekolah Vokasi/D3 Desain Komunikasi Visual,1,none,UHN_Desain Komunikasi Visual,1,Desain Komunikasi Visual_Diploma Tiga,1,Desain Komunikasi Visual_Baik,1,1.0
UHN-0550,UHN,Teknik Komputer,Diploma Tiga,Baik Sekali,3.72881355932203,Dengan Pujian,31 Januari 2026,Sekolah Vokasi/D3 Teknik Komputer,1,none,UHN_Teknik Komputer,1,Teknik Komputer_Diploma Tiga,1,Teknik Komputer_Baik Sekali,1,1.0
UHN-INV-0365,UHN,Perhotelan,Diploma 3,Baik,3.35833333333333,Sangat Memuaskan,31 Januari 2026,Sekolah Vokasi/D3 Perhotelan,0,education_level_swap,UHN_Perhotelan,1,Perhotelan_Diploma 3,0,Perhotelan_Baik,1,0.6666666666666666
UHN-INV-0455,UHN,Farmasi,Diploma 3,Baik Sekali,3.45535714285714,Sangat Memuaskan,31 Januari 2026,Sekolah Vokasi/D3 Farmasi,0,education_level_swap,UHN_Farmasi,1,Farmasi_Diploma 3,1,Farmasi_Baik Sekali,1,1.0
UHN-INV-0671,UHN,Teknik Informatika,Diploma 3,Baik Sekali,3.85810810810811,Dengan Pujian,31 Januari 2026,Sekolah Vokasi/D4 Teknik Informatika,0,education_level_swap,UHN_Teknik Informatika,1,Teknik Informatika_Diploma 3,0,Teknik Informatika_Baik Sekali,1,0.6666666666666666
UHN-INV-0161,UHN,Akuntansi,Diploma 3,Baik Sekali,3.79646017699115,Dengan Pujian,5 Februari 2026,Sekolah Vokasi/D3 Akuntansi,0,education_level_swap,UHN_Akuntansi,1,Akuntansi_Diploma 3,0,Akuntansi_Baik Sekali,1,0.6666666666666666
UHN-0559,UHN,Teknik Komputer,Diploma Tiga,Baik Sekali,3.59322033898305,Dengan Pujian,31 Januari 2026,Sekolah Vokasi/D3 Teknik Komputer,1,none,UHN_Teknik Komputer,1,Teknik Komputer_Diploma Tiga,1,Teknik Komputer_Baik Sekali,1,1.0
UHN-0140,UHN,Kebidanan,Diploma Tiga,Baik Sekali,3.04201680672269,Sangat Memuaskan,31 Januari 2026,Sekolah Vokasi/D3 Kebidanan,1,none,UHN_Kebidanan,1,Kebidanan_Diploma Tiga,1,Kebidanan_Baik Sekali,1,1.0
UHN-INV-0636,UHN,Analis Kesehatan,Diploma Tiga,Baik Sekali,3.16949152542373,Sangat Memuaskan,31 Januari 2026,Sekolah Vokasi/D3 Teknik Komputer,0,cross_institution_program,UHN_Analis Kesehatan,0,Analis Kesehatan_Diploma Tiga,0,Analis Kesehatan_Baik Sekali,0,0.0
UHN-0532,UHN,Teknik Komputer,Diploma Tiga,Baik Sekali,3.13559322033898,Sangat Memuaskan,31 Januari 2026,Sekolah Vokasi/D3 Teknik Komputer,1,none,UHN_Teknik Komputer,1,Teknik Komputer_Diploma Tiga,1,Teknik Komputer_Baik Sekali,1,1.0
UHN-0225,UHN,Akuntansi,Diploma Tiga,Baik Sekali,3.74336283185841,Dengan Pujian,5 Februari 2026,Sekolah Vokasi/D3 Akuntansi,1,none,UHN_Akuntansi,1,Akuntansi_Diploma Tiga,1,Akuntansi_Baik Sekali,1,1.0
UHN-0724,UHN,Teknik Informatika,Sarjana Terapan,Baik Sekali,3.87837837837838,Dengan Pujian,31 Januari 2026,Sekolah Vokasi/D4 Teknik Informatika,1,none,UHN_Teknik Informatika,1,Teknik Informatika_Sarjana Terapan,1,Teknik Informatika_Baik Sekali,1,1.0
UHN-INV-0127,UHN,Desain Komunikasi Visual,Diploma Tiga,Baik Sekali,3.38053097345133,Sangat Memuaskan,31 Januari 2026,Sekolah Vokasi/D3 Desain Komunikasi Visual,0,accreditation_swap,UHN_Desain Komunikasi Visual,1,Desain Komunikasi Visual_Diploma Tiga,1,Desain Komunikasi Visual_Baik Sekali,0,0.6666666666666666
UHN-0410,UHN,Farmasi,Diploma Tiga,Baik Sekali,3.16071428571429,Sangat Memuaskan,31 Januari 2026,Sekolah Vokasi/D3 Farmasi,1,none,UHN_Farmasi,1,Farmasi_Diploma Tiga,1,Farmasi_Baik Sekali,1,1.0
UHN-0326,UHN,Teknik Mesin,Diploma Tiga,Baik Sekali,3.00840336134454,Sangat Memuaskan,31 Januari 2026,Sekolah Vokasi/D3 Teknik Mesin,1,none,UHN_Teknik Mesin,1,Teknik Mesin_Diploma Tiga,1,Teknik Mesin_Baik Sekali,1,1.0
UHN-INV-0061,UHN,Teknik Informatika,Sarjana,Terakreditasi,3.57333333333333,Dengan Pujian,31 Januari 2026,Fakultas Sains dan Teknologi/S1 Teknik Informatika,0,accreditation_swap,UHN_Teknik Informatika,1,Teknik Informatika_Sarjana,1,Teknik Informatika_Terakreditasi,0,0.6666666666666666
UHN-0300,UHN,Teknik Mesin,Diploma Tiga,Baik Sekali,3.45378151260504,Sangat Memuaskan,31 Januari 2026,Sekolah Vokasi/D3 Teknik Mesin,1,none,UHN_Teknik Mesin,1,Teknik Mesin_Diploma Tiga,1,Teknik Mesin_Baik Sekali,1,1.0
UHN-INV-0290,UHN,Akuntansi,Diploma 3,Baik Sekali,3.67256637168142,Dengan Pujian,5 Februari 2026,Sekolah Vokasi/D3 Akuntansi,0,education_level_swap,UHN_Akuntansi,1,Akuntansi_Diploma 3,0,Akuntansi_Baik Sekali,1,0.6666666666666666
UHN-INV-0105,UHN,Analis Kesehatan,Diploma Tiga,Baik,3.07964601769912,Sangat Memuaskan,31 Januari 2026,Sekolah Vokasi/D3 Desain Komunikasi Visual,0,cross_institution_program,UHN_Analis Kesehatan,0,Analis Kesehatan_Diploma Tiga,0,Analis Kesehatan_Baik,1,0.3333333333333333
UHN-INV-0188,UHN,Akuntansi,Diploma 3,Baik Sekali,3.90265486725664,Dengan Pujian,5 Februari 2026,Sekolah Vokasi/D3 Akuntansi,0,education_level_swap,UHN_Akuntansi,1,Akuntansi_Diploma 3,0,Akuntansi_Baik Sekali,1,0.6666666666666666
UHN-INV-0736,UHN,Teknik Informatika,Sarjana Terapan,Terakreditasi,3.85135135135135,Dengan Pujian,31 Januari 2026,Sekolah Vokasi/D4 Teknik Informatika,0,accreditation_swap,UHN_Teknik Informatika,1,Teknik Informatika_Sarjana Terapan,1,Teknik Informatika_Terakreditasi,0,0.6666666666666666
UHN-0715,UHN,Teknik Informatika,Sarjana Terapan,Baik Sekali,3.65540540540541,Dengan Pujian,31 Januari 2026,Sekolah Vokasi/D4 Teknik Informatika,1,none,UHN_Teknik Informatika,1,Teknik Informatika_Sarjana Terapan,1,Teknik Informatika_Baik Sekali,1,1.0
UHN-0194,UHN,Akuntansi,Diploma Tiga,Baik Sekali,3.56637168141593,Dengan Pujian,5 Februari 2026,Sekolah Vokasi/D3 Akuntansi,1,none,UHN_Akuntansi,1,Akuntansi_Diploma Tiga,1,Akuntansi_Baik Sekali,1,1.0
UHN-0441,UHN,Farmasi,Diploma Tiga,Baik Sekali,3.24107142857143,Sangat Memuaskan,31 Januari 2026,Sekolah Vokasi/D3 Farmasi,1,none,UHN_Farmasi,1,Farmasi_Diploma Tiga,1,Farmasi_Baik Sekali,1,1.0
UHN-0574,UHN,Teknik Komputer,Diploma Tiga,Baik Sekali,3.84745762711864,Dengan Pujian,31 Januari 2026,Sekolah Vokasi/D3 Teknik Komputer,1,none,UHN_Teknik Komputer,1,Teknik Komputer_Diploma Tiga,1,Teknik Komputer_Baik Sekali,1,1.0
UHN-0504,UHN,Akuntansi Sektor Publik,Sarjana Terapan,Baik,3.94520547945206,Dengan Pujian,31 Januari 2026,Sekolah Vokasi/D4 Akuntansi Sektor Publik,1,none,UHN_Akuntansi Sektor Publik,1,Akuntansi Sektor Publik_Sarjana Terapan,1,Akuntansi Sektor Publik_Baik,1,1.0
UHN-0606,UHN,Teknik Komputer,Diploma Tiga,Baik Sekali,3.57627118644068,Dengan Pujian,31 Januari 2026,Sekolah Vokasi/D3 Teknik Komputer,1,none,UHN_Teknik Komputer,1,Teknik Komputer_Diploma Tiga,1,Teknik Komputer_Baik Sekali,1,1.0
UHN-INV-0643,UHN,Teknik Komputer,Diploma Tiga,Terakreditasi,3.06779661016949,Sangat Memuaskan,31 Januari 2026,Sekolah Vokasi/D3 Teknik Komputer,0,accreditation_swap,UHN_Teknik Komputer,1,Teknik Komputer_Diploma Tiga,1,Teknik Komputer_Terakreditasi,0,0.6666666666666666
UHN-INV-0677,UHN,Teknik Informatika,Diploma Tiga,Baik Sekali,4.0,Dengan Pujian,31 Januari 2026,Sekolah Vokasi/D4 Teknik Informatika,0,education_level_swap,UHN_Teknik Informatika,1,Teknik Informatika_Diploma Tiga,0,Teknik Informatika_Baik Sekali,1,0.6666666666666666
UHN-0004,UHN,Keperawatan,Diploma Tiga,Baik,3.44642857142857,Sangat Memuaskan,31 Januari 2026,Sekolah Vokasi/D3 Keperawatan,1,none,UHN_Keperawatan,1,Keperawatan_Diploma Tiga,1,Keperawatan_Baik,1,1.0
UHN-INV-0489,UHN,Analis Kesehatan,Diploma Tiga,Baik Sekali,3.71428571428571,Dengan Pujian,31 Januari 2026,Sekolah Vokasi/D3 Farmasi,0,cross_institution_program,UHN_Analis Kesehatan,0,Analis Kesehatan_Diploma Tiga,0,Analis Kesehatan_Baik Sekali,0,0.0
UHN-INV-0200,UHN,Akuntansi,Diploma 3,Baik Sekali,3.91150442477876,Dengan Pujian,5 Februari 2026,Sekolah Vokasi/D3 Akuntansi,0,education_level_swap,UHN_Akuntansi,1,Akuntansi_Diploma 3,0,Akuntansi_Baik Sekali,1,0.6666666666666666
UHN-0468,UHN,Farmasi,Diploma Tiga,Baik Sekali,3.13392857142857,Sangat Memuaskan,31 Januari 2026,Sekolah Vokasi/D3 Farmasi,1,none,UHN_Farmasi,1,Farmasi_Diploma Tiga,1,Farmasi_Baik Sekali,1,1.0
UHN-0322,UHN,Teknik Mesin,Diploma Tiga,Baik Sekali,3.30252100840336,Sangat Memuaskan,31 Januari 2026,Sekolah Vokasi/D3 Teknik Mesin,1,none,UHN_Teknik Mesin,1,Teknik Mesin_Diploma Tiga,1,Teknik Mesin_Baik Sekali,1,1.0
UHN-0006,UHN,Keperawatan,Diploma Tiga,Baik,3.71428571428571,Dengan Pujian,31 Januari 2026,Sekolah Vokasi/D3 Keperawatan,1,none,UHN_Keperawatan,1,Keperawatan_Diploma Tiga,1,Keperawatan_Baik,1,1.0
UHN-0223,UHN,Akuntansi,Diploma Tiga,Baik Sekali,3.89380530973451,Dengan Pujian,5 Februari 2026,Sekolah Vokasi/D3 Akuntansi,1,none,UHN_Akuntansi,1,Akuntansi_Diploma Tiga,1,Akuntansi_Baik Sekali,1,1.0
UHN-0548,UHN,Teknik Komputer,Diploma Tiga,Baik Sekali,3.32203389830509,Sangat Memuaskan,31 Januari 2026,Sekolah Vokasi/D3 Teknik Komputer,1,none,UHN_Teknik Komputer,1,Teknik Komputer_Diploma Tiga,1,Teknik Komputer_Baik Sekali,1,1.0
UHN-INV-0123,UHN,Manajemen Informatika,Diploma Tiga,Baik,3.51327433628319,Dengan Pujian,31 Januari 2026,Sekolah Vokasi/D3 Desain Komunikasi Visual,0,cross_institution_program,UHN_Manajemen Informatika,0,Manajemen Informatika_Diploma Tiga,0,Manajemen Informatika_Baik,1,0.3333333333333333
UHN-0040,UHN,Keperawatan,Diploma Tiga,Baik,3.65178571428571,Dengan Pujian,31 Januari 2026,Sekolah Vokasi/D3 Keperawatan,1,none,UHN_Keperawatan,1,Keperawatan_Diploma Tiga,1,Keperawatan_Baik,1,1.0
UHN-0543,UHN,Teknik Komputer,Diploma Tiga,Baik Sekali,3.49152542372881,Sangat Memuaskan,31 Januari 2026,Sekolah Vokasi/D3 Teknik Komputer,1,none,UHN_Teknik Komputer,1,Teknik Komputer_Diploma Tiga,1,Teknik Komputer_Baik Sekali,1,1.0
UHN-0243,UHN,Akuntansi,Diploma Tiga,Baik Sekali,2.75221238938053,Sangat Memuaskan,5 Februari 2026,Sekolah Vokasi/D3 Akuntansi,1,none,UHN_Akuntansi,1,Akuntansi_Diploma Tiga,1,Akuntansi_Baik Sekali,1,1.0
PMKM-INV-0003,PMKM,Farmasi,Sarjana Terapan,Baik,,,,,0,education_level_swap,PMKM_Farmasi,1,Farmasi_Sarjana Terapan,0,Farmasi_Baik,1,0.6666666666666666
UHN-0137,UHN,Desain Komunikasi Visual,Diploma Tiga,Baik,3.07079646017699,Sangat Memuaskan,31 Januari 2026,Sekolah Vokasi/D3 Desain Komunikasi Visual,1,none,UHN_Desain Komunikasi Visual,1,Desain Komunikasi Visual_Diploma Tiga,1,Desain Komunikasi Visual_Baik,1,1.0
UHN-INV-0650,UHN,Teknik Komputer,Sarjana Terapan,Baik Sekali,3.72881355932203,Dengan Pujian,31 Januari 2026,Sekolah Vokasi/D3 Teknik Komputer,0,education_level_swap,UHN_Teknik Komputer,1,Teknik Komputer_Sarjana Terapan,0,Teknik Komputer_Baik Sekali,1,0.6666666666666666
UHN-INV-0496,UHN,Akuntansi Sektor Publik,Sarjana Terapan,Terakreditasi,3.52739726027397,Dengan Pujian,31 Januari 2026,Sekolah Vokasi/D4 Akuntansi Sektor Publik,0,accreditation_swap,UHN_Akuntansi Sektor Publik,1,Akuntansi Sektor Publik_Sarjana Terapan,1,Akuntansi Sektor Publik_Terakreditasi,0,0.6666666666666666
PMKM-0787,PMKM,Analis Kesehatan,Diploma 3,Baik,,,,,1,none,PMKM_Analis Kesehatan,1,Analis Kesehatan_Diploma 3,1,Analis Kesehatan_Baik,1,1.0
UHN-INV-0730,UHN,Teknik Informatika,Sarjana Terapan,Terakreditasi,3.02027027027027,Sangat Memuaskan,31 Januari 2026,Sekolah Vokasi/D4 Teknik Informatika,0,accreditation_swap,UHN_Teknik Informatika,1,Teknik Informatika_Sarjana Terapan,1,Teknik Informatika_Terakreditasi,0,0.6666666666666666
UHN-INV-0399,UHN,Manajemen Informatika,Diploma Tiga,Baik Sekali,3.23214285714286,Sangat Memuaskan,31 Januari 2026,Sekolah Vokasi/D3 Farmasi,0,cross_institution_program,UHN_Manajemen Informatika,0,Manajemen Informatika_Diploma Tiga,0,Manajemen Informatika_Baik Sekali,0,0.0
UHN-INV-0359,UHN,Perhotelan,Sarjana Terapan,Baik,3.1,Sangat Memuaskan,31 Januari 2026,Sekolah Vokasi/D3 Perhotelan,0,education_level_swap,UHN_Perhotelan,1,Perhotelan_Sarjana Terapan,0,Perhotelan_Baik,1,0.6666666666666666
UHN-INV-0133,UHN,Desain Komunikasi Visual,Diploma Tiga,Baik Sekali,2.76106194690266,Sangat Memuaskan,31 Januari 2026,Sekolah Vokasi/D3 Desain Komunikasi Visual,0,accreditation_swap,UHN_Desain Komunikasi Visual,1,Desain Komunikasi Visual_Diploma Tiga,1,Desain Komunikasi Visual_Baik Sekali,0,0.6666666666666666
UHN-INV-0708,UHN,Manajemen Informatika,Sarjana Terapan,Baik Sekali,3.83108108108108,Dengan Pujian,31 Januari 2026,Sekolah Vokasi/D4 Teknik Informatika,0,cross_institution_program,UHN_Manajemen Informatika,0,Manajemen Informatika_Sarjana Terapan,0,Manajemen Informatika_Baik Sekali,0,0.0
UHN-0582,UHN,Teknik Komputer,Diploma Tiga,Baik Sekali,3.55932203389831,Dengan Pujian,31 Januari 2026,Sekolah Vokasi/D3 Teknik Komputer,1,none,UHN_Teknik Komputer,1,Teknik Komputer_Diploma Tiga,1,Teknik Komputer_Baik Sekali,1,1.0
UHN-INV-0658,UHN,Teknik Komputer,Diploma Tiga,Baik,3.8135593220339,Dengan Pujian,31 Januari 2026,Sekolah Vokasi/D3 Teknik Komputer,0,accreditation_swap,UHN_Teknik Komputer,1,Teknik Komputer_Diploma Tiga,1,Teknik Komputer_Baik,0,0.6666666666666666
PMKM-INV-0087,PMKM,Farmasi,Sarjana Terapan,Baik,,,,,0,education_level_swap,PMKM_Farmasi,1,Farmasi_Sarjana Terapan,0,Farmasi_Baik,1,0.6666666666666666
UHN-0662,UHN,Teknik Komputer,Diploma Tiga,Baik Sekali,3.59322033898305,Dengan Pujian,31 Januari 2026,Sekolah Vokasi/D3 Teknik Komputer,1,none,UHN_Teknik Komputer,1,Teknik Komputer_Diploma Tiga,1,Teknik Komputer_Baik Sekali,1,1.0
UHN-0437,UHN,Farmasi,Diploma Tiga,Baik Sekali,3.30357142857143,Sangat Memuaskan,31 Januari 2026,Sekolah Vokasi/D3 Farmasi,1,none,UHN_Farmasi,1,Farmasi_Diploma Tiga,1,Farmasi_Baik Sekali,1,1.0
UHN-INV-0734,UHN,Teknik Informatika,Diploma Tiga,Baik Sekali,3.72972972972973,Dengan Pujian,31 Januari 2026,Sekolah Vokasi/D4 Teknik Informatika,0,education_level_swap,UHN_Teknik Informatika,1,Teknik Informatika_Diploma Tiga,0,Teknik Informatika_Baik Sekali,1,0.6666666666666666
UHN-0377,UHN,Farmasi,Diploma Tiga,Baik Sekali,3.67857142857143,Dengan Pujian,31 Januari 2026,Sekolah Vokasi/D3 Farmasi,1,none,UHN_Farmasi,1,Farmasi_Diploma Tiga,1,Farmasi_Baik Sekali,1,1.0
UHN-INV-0409,UHN,Farmasi,Diploma Tiga,Terakreditasi,3.23214285714286,Sangat Memuaskan,31 Januari 2026,Sekolah Vokasi/D3 Farmasi,0,accreditation_swap,UHN_Farmasi,1,Farmasi_Diploma Tiga,1,Farmasi_Terakreditasi,0,0.6666666666666666
UHN-0315,UHN,Teknik Mesin,Diploma Tiga,Baik Sekali,3.71428571428571,Dengan Pujian,31 Januari 2026,Sekolah Vokasi/D3 Teknik Mesin,1,none,UHN_Teknik Mesin,1,Teknik Mesin_Diploma Tiga,1,Teknik Mesin_Baik Sekali,1,1.0
UHN-0443,UHN,Farmasi,Diploma Tiga,Baik Sekali,3.65178571428571,Dengan Pujian,31 Januari 2026,Sekolah Vokasi/D3 Farmasi,1,none,UHN_Farmasi,1,Farmasi_Diploma Tiga,1,Farmasi_Baik Sekali,1,1.0
UHN-INV-0113,UHN,Desain Komunikasi Visual,Diploma 3,Baik,3.07964601769912,Sangat Memuaskan,31 Januari 2026,Sekolah Vokasi/D3 Desain Komunikasi Visual,0,education_level_swap,UHN_Desain Komunikasi Visual,1,Desain Komunikasi Visual_Diploma 3,0,Desain Komunikasi Visual_Baik,1,0.6666666666666666
UHN-0320,UHN,Teknik Mesin,Diploma Tiga,Baik Sekali,3.66386554621849,Dengan Pujian,31 Januari 2026,Sekolah Vokasi/D3 Teknik Mesin,1,none,UHN_Teknik Mesin,1,Teknik Mesin_Diploma Tiga,1,Teknik Mesin_Baik Sekali,1,1.0
UHN-0282,UHN,Akuntansi,Diploma Tiga,Baik Sekali,3.82300884955752,Dengan Pujian,5 Februari 2026,Sekolah Vokasi/D3 Akuntansi,1,none,UHN_Akuntansi,1,Akuntansi_Diploma Tiga,1,Akuntansi_Baik Sekali,1,1.0
UHN-INV-0008,UHN,Keperawatan,Diploma 3,Baik,3.54464285714286,Dengan Pujian,31 Januari 2026,Sekolah Vokasi/D3 Keperawatan,0,education_level_swap,UHN_Keperawatan,1,Keperawatan_Diploma 3,0,Keperawatan_Baik,1,0.6666666666666666
UHN-INV-0272,UHN,Akuntansi,Sarjana Terapan,Baik Sekali,3.19469026548673,Sangat Memuaskan,5 Februari 2026,Sekolah Vokasi/D3 Akuntansi,0,education_level_swap,UHN_Akuntansi,1,Akuntansi_Sarjana Terapan,0,Akuntansi_Baik Sekali,1,0.6666666666666666
UHN-INV-0434,UHN,Farmasi,Diploma 3,Baik Sekali,3.40178571428571,Sangat Memuaskan,31 Januari 2026,Sekolah Vokasi/D3 Farmasi,0,education_level_swap,UHN_Farmasi,1,Farmasi_Diploma 3,1,Farmasi_Baik Sekali,1,1.0
UHN-0425,UHN,Farmasi,Diploma Tiga,Baik Sekali,3.46428571428571,Sangat Memuaskan,31 Januari 2026,Sekolah Vokasi/D3 Farmasi,1,none,UHN_Farmasi,1,Farmasi_Diploma Tiga,1,Farmasi_Baik Sekali,1,1.0
UHN-0554,UHN,Teknik Komputer,Diploma Tiga,Baik Sekali,3.71186440677966,Dengan Pujian,31 Januari 2026,Sekolah Vokasi/D3 Teknik Komputer,1,none,UHN_Teknik Komputer,1,Teknik Komputer_Diploma Tiga,1,Teknik Komputer_Baik Sekali,1,1.0
UHN-0595,UHN,Teknik Komputer,Diploma Tiga,Baik Sekali,3.71186440677966,Dengan Pujian,31 Januari 2026,Sekolah Vokasi/D3 Teknik Komputer,1,none,UHN_Teknik Komputer,1,Teknik Komputer_Diploma Tiga,1,Teknik Komputer_Baik Sekali,1,1.0
PMKM-INV-0081,PMKM,Farmasi,Sarjana,Baik,,,,,0,education_level_swap,PMKM_Farmasi,1,Farmasi_Sarjana,0,Farmasi_Baik,1,0.6666666666666666
UHN-0369,UHN,Farmasi,Diploma Tiga,Baik Sekali,3.29464285714286,Sangat Memuaskan,31 Januari 2026,Sekolah Vokasi/D3 Farmasi,1,none,UHN_Farmasi,1,Farmasi_Diploma Tiga,1,Farmasi_Baik Sekali,1,1.0
UHN-INV-0335,UHN,Teknik Mesin,Diploma 3,Baik Sekali,3.15966386554622,Sangat Memuaskan,31 Januari 2026,Sekolah Vokasi/D3 Teknik Mesin,0,education_level_swap,UHN_Teknik Mesin,1,Teknik Mesin_Diploma 3,0,Teknik Mesin_Baik Sekali,1,0.6666666666666666
UHN-INV-0629,UHN,Teknik Komputer,Sarjana Terapan,Baik Sekali,3.61016949152542,Dengan Pujian,31 Januari 2026,Sekolah Vokasi/D3 Teknik Komputer,0,education_level_swap,UHN_Teknik Komputer,1,Teknik Komputer_Sarjana Terapan,0,Teknik Komputer_Baik Sekali,1,0.6666666666666666
UHN-INV-0683,UHN,Teknik Informatika,Diploma 3,Baik Sekali,3.15540540540541,Sangat Memuaskan,31 Januari 2026,Sekolah Vokasi/D4 Teknik Informatika,0,education_level_swap,UHN_Teknik Informatika,1,Teknik Informatika_Diploma 3,0,Teknik Informatika_Baik Sekali,1,0.6666666666666666
UHN-INV-0532,UHN,Teknik Komputer,Diploma Tiga,Terakreditasi,3.13559322033898,Sangat Memuaskan,31 Januari 2026,Sekolah Vokasi/D3 Teknik Komputer,0,accreditation_swap,UHN_Teknik Komputer,1,Teknik Komputer_Diploma Tiga,1,Teknik Komputer_Terakreditasi,0,0.6666666666666666
PMKM-0818,PMKM,Analis Kesehatan,Diploma 3,Baik,,,,,1,none,PMKM_Analis Kesehatan,1,Analis Kesehatan_Diploma 3,1,Analis Kesehatan_Baik,1,1.0
UHN-0228,UHN,Akuntansi,Diploma Tiga,Baik Sekali,3.84955752212389,Dengan Pujian,5 Februari 2026,Sekolah Vokasi/D3 Akuntansi,1,none,UHN_Akuntansi,1,Akuntansi_Diploma Tiga,1,Akuntansi_Baik Sekali,1,1.0
UHN-INV-0271,UHN,Akuntansi,Diploma Tiga,Baik,3.71681415929204,Dengan Pujian,5 Februari 2026,Sekolah Vokasi/D3 Akuntansi,0,accreditation_swap,UHN_Akuntansi,1,Akuntansi_Diploma Tiga,1,Akuntansi_Baik,0,0.6666666666666666
UHN-INV-0531,UHN,Analis Kesehatan,Diploma Tiga,Baik Sekali,3.84745762711864,Dengan Pujian,31 Januari 2026,Sekolah Vokasi/D3 Teknik Komputer,0,cross_institution_program,UHN_Analis Kesehatan,0,Analis Kesehatan_Diploma Tiga,0,Analis Kesehatan_Baik Sekali,0,0.0
UHN-INV-0561,UHN,Manajemen Informatika,Diploma Tiga,Baik Sekali,3.83050847457627,Dengan Pujian,31 Januari 2026,Sekolah Vokasi/D3 Teknik Komputer,0,cross_institution_program,UHN_Manajemen Informatika,0,Manajemen Informatika_Diploma Tiga,0,Manajemen Informatika_Baik Sekali,0,0.0
UHN-INV-0037,UHN,Keperawatan,Diploma Tiga,Terakreditasi,3.88392857142857,Dengan Pujian,31 Januari 2026,Sekolah Vokasi/D3 Keperawatan,0,accreditation_swap,UHN_Keperawatan,1,Keperawatan_Diploma Tiga,1,Keperawatan_Terakreditasi,0,0.6666666666666666
UHN-0067,UHN,Teknik Informatika,Sarjana,Baik,3.8,Dengan Pujian,31 Januari 2026,Fakultas Sains dan Teknologi/S1 Teknik Informatika,1,none,UHN_Teknik Informatika,1,Teknik Informatika_Sarjana,1,Teknik Informatika_Baik,1,1.0
UHN-0394,UHN,Farmasi,Diploma Tiga,Baik Sekali,3.125,Sangat Memuaskan,31 Januari 2026,Sekolah Vokasi/D3 Farmasi,1,none,UHN_Farmasi,1,Farmasi_Diploma Tiga,1,Farmasi_Baik Sekali,1,1.0
UHN-0580,UHN,Teknik Komputer,Diploma Tiga,Baik Sekali,3.86440677966102,Dengan Pujian,31 Januari 2026,Sekolah Vokasi/D3 Teknik Komputer,1,none,UHN_Teknik Komputer,1,Teknik Komputer_Diploma Tiga,1,Teknik Komputer_Baik Sekali,1,1.0
UHN-0025,UHN,Keperawatan,Diploma Tiga,Baik,3.3125,Sangat Memuaskan,31 Januari 2026,Sekolah Vokasi/D3 Keperawatan,1,none,UHN_Keperawatan,1,Keperawatan_Diploma Tiga,1,Keperawatan_Baik,1,1.0
UHN-0212,UHN,Akuntansi,Diploma Tiga,Baik Sekali,3.90265486725664,Dengan Pujian,5 Februari 2026,Sekolah Vokasi/D3 Akuntansi,1,none,UHN_Akuntansi,1,Akuntansi_Diploma Tiga,1,Akuntansi_Baik Sekali,1,1.0
UHN-INV-0464,UHN,Farmasi,Sarjana,Baik Sekali,3.25892857142857,Sangat Memuaskan,31 Januari 2026,Sekolah Vokasi/D3 Farmasi,0,education_level_swap,UHN_Farmasi,1,Farmasi_Sarjana,0,Farmasi_Baik Sekali,1,0.6666666666666666
UHN-0145,UHN,Kebidanan,Diploma Tiga,Baik Sekali,3.18487394957983,Sangat Memuaskan,31 Januari 2026,Sekolah Vokasi/D3 Kebidanan,1,none,UHN_Kebidanan,1,Kebidanan_Diploma Tiga,1,Kebidanan_Baik Sekali,1,1.0
UHN-0537,UHN,Teknik Komputer,Diploma Tiga,Baik Sekali,3.57627118644068,Dengan Pujian,31 Januari 2026,Sekolah Vokasi/D3 Teknik Komputer,1,none,UHN_Teknik Komputer,1,Teknik Komputer_Diploma Tiga,1,Teknik Komputer_Baik Sekali,1,1.0
PMKM-0812,PMKM,Analis Kesehatan,Diploma 3,Baik,,,,,1,none,PMKM_Analis Kesehatan,1,Analis Kesehatan_Diploma 3,1,Analis Kesehatan_Baik,1,1.0
UHN-INV-0077,UHN,Teknik Informatika,Diploma 3,Baik,3.95,Dengan Pujian,31 Januari 2026,Fakultas Sains dan Teknologi/S1 Teknik Informatika,0,education_level_swap,UHN_Teknik Informatika,1,Teknik Informatika_Diploma 3,0,Teknik Informatika_Baik,1,0.6666666666666666
UHN-INV-0001,UHN,Keperawatan,Diploma Tiga,Baik Sekali,3.61607142857143,Dengan Pujian,31 Januari 2026,Sekolah Vokasi/D3 Keperawatan,0,accreditation_swap,UHN_Keperawatan,1,Keperawatan_Diploma Tiga,1,Keperawatan_Baik Sekali,0,0.6666666666666666
UHN-0086,UHN,Teknik Informatika,Sarjana,Baik,3.43333333333333,Sangat Memuaskan,31 Januari 2026,Fakultas Sains dan Teknologi/S1 Teknik Informatika,1,none,UHN_Teknik Informatika,1,Teknik Informatika_Sarjana,1,Teknik Informatika_Baik,1,1.0
UHN-INV-0690,UHN,Manajemen Informatika,Sarjana Terapan,Baik Sekali,3.89864864864865,Dengan Pujian,31 Januari 2026,Sekolah Vokasi/D4 Teknik Informatika,0,cross_institution_program,UHN_Manajemen Informatika,0,Manajemen Informatika_Sarjana Terapan,0,Manajemen Informatika_Baik Sekali,0,0.0
UHN-0273,UHN,Akuntansi,Diploma Tiga,Baik Sekali,3.72566371681416,Dengan Pujian,5 Februari 2026,Sekolah Vokasi/D3 Akuntansi,1,none,UHN_Akuntansi,1,Akuntansi_Diploma Tiga,1,Akuntansi_Baik Sekali,1,1.0
UHN-INV-0252,UHN,Analis Kesehatan,Diploma Tiga,Baik Sekali,3.60176991150443,Dengan Pujian,5 Februari 2026,Sekolah Vokasi/D3 Akuntansi,0,cross_institution_program,UHN_Analis Kesehatan,0,Analis Kesehatan_Diploma Tiga,0,Analis Kesehatan_Baik Sekali,0,0.0
UHN-INV-0165,UHN,Manajemen Informatika,Diploma Tiga,Baik Sekali,3.51327433628319,Dengan Pujian,5 Februari 2026,Sekolah Vokasi/D3 Akuntansi,0,cross_institution_program,UHN_Manajemen Informatika,0,Manajemen Informatika_Diploma Tiga,0,Manajemen Informatika_Baik Sekali,0,0.0
PMKM-0862,PMKM,Manajemen Informatika,Diploma 3,Baik,,,,,1,none,PMKM_Manajemen Informatika,1,Manajemen Informatika_Diploma 3,1,Manajemen Informatika_Baik,1,1.0
UHN-INV-0692,UHN,Teknik Informatika,Diploma Tiga,Baik Sekali,3.33108108108108,Sangat Memuaskan,31 Januari 2026,Sekolah Vokasi/D4 Teknik Informatika,0,education_level_swap,UHN_Teknik Informatika,1,Teknik Informatika_Diploma Tiga,0,Teknik Informatika_Baik Sekali,1,0.6666666666666666
UHN-0631,UHN,Teknik Komputer,Diploma Tiga,Baik Sekali,3.67796610169492,Dengan Pujian,31 Januari 2026,Sekolah Vokasi/D3 Teknik Komputer,1,none,UHN_Teknik Komputer,1,Teknik Komputer_Diploma Tiga,1,Teknik Komputer_Baik Sekali,1,1.0
PMKM-INV-0002,PMKM,Farmasi,Diploma 3,Baik Sekali,,,,,0,accreditation_swap,PMKM_Farmasi,1,Farmasi_Diploma 3,1,Farmasi_Baik Sekali,1,1.0
PMKM-INV-0001,PMKM,Teknik Informatika,Diploma 3,Baik,,,,,0,cross_institution_program,PMKM_Teknik Informatika,0,Teknik Informatika_Diploma 3,0,Teknik Informatika_Baik,1,0.3333333333333333
UHN-INV-0318,UHN,Manajemen Informatika,Diploma Tiga,Baik Sekali,3.08403361344538,Sangat Memuaskan,31 Januari 2026,Sekolah Vokasi/D3 Teknik Mesin,0,cross_institution_program,UHN_Manajemen Informatika,0,Manajemen Informatika_Diploma Tiga,0,Manajemen Informatika_Baik Sekali,0,0.0
UHN-INV-0112,UHN,Desain Komunikasi Visual,Diploma Tiga,Terakreditasi,2.92035398230089,Sangat Memuaskan,31 Januari 2026,Sekolah Vokasi/D3 Desain Komunikasi Visual,0,accreditation_swap,UHN_Desain Komunikasi Visual,1,Desain Komunikasi Visual_Diploma Tiga,1,Desain Komunikasi Visual_Terakreditasi,0,0.6666666666666666
UHN-0506,UHN,Akuntansi Sektor Publik,Sarjana Terapan,Baik,3.55479452054795,Dengan Pujian,31 Januari 2026,Sekolah Vokasi/D4 Akuntansi Sektor Publik,1,none,UHN_Akuntansi Sektor Publik,1,Akuntansi Sektor Publik_Sarjana Terapan,1,Akuntansi Sektor Publik_Baik,1,1.0
UHN-0274,UHN,Akuntansi,Diploma Tiga,Baik Sekali,3.55752212389381,Dengan Pujian,5 Februari 2026,Sekolah Vokasi/D3 Akuntansi,1,none,UHN_Akuntansi,1,Akuntansi_Diploma Tiga,1,Akuntansi_Baik Sekali,1,1.0
UHN-INV-0085,UHN,Teknik Informatika,Sarjana,Terakreditasi,3.27666666666667,Sangat Memuaskan,31 Januari 2026,Fakultas Sains dan Teknologi/S1 Teknik Informatika,0,accreditation_swap,UHN_Teknik Informatika,1,Teknik Informatika_Sarjana,1,Teknik Informatika_Terakreditasi,0,0.6666666666666666
UHN-INV-0555,UHN,Analis Kesehatan,Diploma Tiga,Baik Sekali,3.76271186440678,Dengan Pujian,31 Januari 2026,Sekolah Vokasi/D3 Teknik Komputer,0,cross_institution_program,UHN_Analis Kesehatan,0,Analis Kesehatan_Diploma Tiga,0,Analis Kesehatan_Baik Sekali,0,0.0
UHN-0363,UHN,Perhotelan,Diploma Tiga,Baik,3.575,Dengan Pujian,31 Januari 2026,Sekolah Vokasi/D3 Perhotelan,1,none,UHN_Perhotelan,1,Perhotelan_Diploma Tiga,1,Perhotelan_Baik,1,1.0
UHN-INV-0530,UHN,Teknik Komputer,Sarjana,Baik Sekali,3.64406779661017,Dengan Pujian,31 Januari 2026,Sekolah Vokasi/D3 Teknik Komputer,0,education_level_swap,UHN_Teknik Komputer,1,Teknik Komputer_Sarjana,0,Teknik Komputer_Baik Sekali,1,0.6666666666666666
UHN-0623,UHN,Teknik Komputer,Diploma Tiga,Baik Sekali,3.8135593220339,Dengan Pujian,31 Januari 2026,Sekolah Vokasi/D3 Teknik Komputer,1,none,UHN_Teknik Komputer,1,Teknik Komputer_Diploma Tiga,1,Teknik Komputer_Baik Sekali,1,1.0
UHN-0003,UHN,Keperawatan,Diploma Tiga,Baik,3.19642857142857,Sangat Memuaskan,31 Januari 2026,Sekolah Vokasi/D3 Keperawatan,1,none,UHN_Keperawatan,1,Keperawatan_Diploma Tiga,1,Keperawatan_Baik,1,1.0
UHN-0007,UHN,Keperawatan,Diploma Tiga,Baik,3.40178571428571,Sangat Memuaskan,31 Januari 2026,Sekolah Vokasi/D3 Keperawatan,1,none,UHN_Keperawatan,1,Keperawatan_Diploma Tiga,1,Keperawatan_Baik,1,1.0
UHN-0312,UHN,Teknik Mesin,Diploma Tiga,Baik Sekali,3.52100840336134,Dengan Pujian,31 Januari 2026,Sekolah Vokasi/D3 Teknik Mesin,1,none,UHN_Teknik Mesin,1,Teknik Mesin_Diploma Tiga,1,Teknik Mesin_Baik Sekali,1,1.0
UHN-INV-0303,UHN,Analis Kesehatan,Diploma Tiga,Baik Sekali,3.69747899159664,Dengan Pujian,31 Januari 2026,Sekolah Vokasi/D3 Teknik Mesin,0,cross_institution_program,UHN_Analis Kesehatan,0,Analis Kesehatan_Diploma Tiga,0,Analis Kesehatan_Baik Sekali,0,0.0
UHN-INV-0125,UHN,Desain Komunikasi Visual,Diploma 3,Baik,2.84955752212389,Sangat Memuaskan,31 Januari 2026,Sekolah Vokasi/D3 Desain Komunikasi Visual,0,education_level_swap,UHN_Desain Komunikasi Visual,1,Desain Komunikasi Visual_Diploma 3,0,Desain Komunikasi Visual_Baik,1,0.6666666666666666
UHN-0666,UHN,Teknik Informatika,Sarjana Terapan,Baik Sekali,3.52702702702703,Dengan Pujian,31 Januari 2026,Sekolah Vokasi/D4 Teknik Informatika,1,none,UHN_Teknik Informatika,1,Teknik Informatika_Sarjana Terapan,1,Teknik Informatika_Baik Sekali,1,1.0
UHN-0365,UHN,Perhotelan,Diploma Tiga,Baik,3.35833333333333,Sangat Memuaskan,31 Januari 2026,Sekolah Vokasi/D3 Perhotelan,1,none,UHN_Perhotelan,1,Perhotelan_Diploma Tiga,1,Perhotelan_Baik,1,1.0
PMKM-INV-0090,PMKM,Farmasi,Sarjana Terapan,Baik,,,,,0,education_level_swap,PMKM_Farmasi,1,Farmasi_Sarjana Terapan,0,Farmasi_Baik,1,0.6666666666666666
UHN-0216,UHN,Akuntansi,Diploma Tiga,Baik Sekali,3.1858407079646,Sangat Memuaskan,5 Februari 2026,Sekolah Vokasi/D3 Akuntansi,1,none,UHN_Akuntansi,1,Akuntansi_Diploma Tiga,1,Akuntansi_Baik Sekali,1,1.0
UHN-INV-0032,UHN,Keperawatan,Sarjana,Baik,3.67857142857143,Dengan Pujian,31 Januari 2026,Sekolah Vokasi/D3 Keperawatan,0,education_level_swap,UHN_Keperawatan,1,Keperawatan_Sarjana,0,Keperawatan_Baik,1,0.6666666666666666
UHN-0028,UHN,Keperawatan,Diploma Tiga,Baik,3.71428571428571,Dengan Pujian,31 Januari 2026,Sekolah Vokasi/D3 Keperawatan,1,none,UHN_Keperawatan,1,Keperawatan_Diploma Tiga,1,Keperawatan_Baik,1,1.0
UHN-INV-0373,UHN,Farmasi,Diploma Tiga,Baik,3.67857142857143,Dengan Pujian,31 Januari 2026,Sekolah Vokasi/D3 Farmasi,0,accreditation_swap,UHN_Farmasi,1,Farmasi_Diploma Tiga,1,Farmasi_Baik,1,1.0
UHN-0526,UHN,Teknik Komputer,Diploma Tiga,Baik Sekali,3.8135593220339,Dengan Pujian,31 Januari 2026,Sekolah Vokasi/D3 Teknik Komputer,1,none,UHN_Teknik Komputer,1,Teknik Komputer_Diploma Tiga,1,Teknik Komputer_Baik Sekali,1,1.0
UHN-INV-0716,UHN,Teknik Informatika,Diploma 3,Baik Sekali,3.64189189189189,Dengan Pujian,31 Januari 2026,Sekolah Vokasi/D4 Teknik Informatika,0,education_level_swap,UHN_Teknik Informatika,1,Teknik Informatika_Diploma 3,0,Teknik Informatika_Baik Sekali,1,0.6666666666666666
UHN-INV-0423,UHN,Manajemen Informatika,Diploma Tiga,Baik Sekali,3.09821428571429,Sangat Memuaskan,31 Januari 2026,Sekolah Vokasi/D3 Farmasi,0,cross_institution_program,UHN_Manajemen Informatika,0,Manajemen Informatika_Diploma Tiga,0,Manajemen Informatika_Baik Sekali,0,0.0
UHN-0639,UHN,Teknik Komputer,Diploma Tiga,Baik Sekali,3.35593220338983,Sangat Memuaskan,31 Januari 2026,Sekolah Vokasi/D3 Teknik Komputer,1,none,UHN_Teknik Komputer,1,Teknik Komputer_Diploma Tiga,1,Teknik Komputer_Baik Sekali,1,1.0
UHN-INV-0126,UHN,Manajemen Informatika,Diploma Tiga,Baik,3.7787610619469,Dengan Pujian,31 Januari 2026,Sekolah Vokasi/D3 Desain Komunikasi Visual,0,cross_institution_program,UHN_Manajemen Informatika,0,Manajemen Informatika_Diploma Tiga,0,Manajemen Informatika_Baik,1,0.3333333333333333
UHN-0719,UHN,Teknik Informatika,Sarjana Terapan,Baik Sekali,3.62162162162162,Dengan Pujian,31 Januari 2026,Sekolah Vokasi/D4 Teknik Informatika,1,none,UHN_Teknik Informatika,1,Teknik Informatika_Sarjana Terapan,1,Teknik Informatika_Baik Sekali,1,1.0
UHN-0692,UHN,Teknik Informatika,Sarjana Terapan,Baik Sekali,3.33108108108108,Sangat Memuaskan,31 Januari 2026,Sekolah Vokasi/D4 Teknik Informatika,1,none,UHN_Teknik Informatika,1,Teknik Informatika_Sarjana Terapan,1,Teknik Informatika_Baik Sekali,1,1.0
UHN-INV-0490,UHN,Farmasi,Diploma Tiga,Terakreditasi,3.67857142857143,Dengan Pujian,31 Januari 2026,Sekolah Vokasi/D3 Farmasi,0,accreditation_swap,UHN_Farmasi,1,Farmasi_Diploma Tiga,1,Farmasi_Terakreditasi,0,0.6666666666666666
UHN-INV-0309,UHN,Analis Kesehatan,Diploma Tiga,Baik Sekali,3.51260504201681,Dengan Pujian,31 Januari 2026,Sekolah Vokasi/D3 Teknik Mesin,0,cross_institution_program,UHN_Analis Kesehatan,0,Analis Kesehatan_Diploma Tiga,0,Analis Kesehatan_Baik Sekali,0,0.0
UHN-0625,UHN,Teknik Komputer,Diploma Tiga,Baik Sekali,3.50847457627119,Dengan Pujian,31 Januari 2026,Sekolah Vokasi/D3 Teknik Komputer,1,none,UHN_Teknik Komputer,1,Teknik Komputer_Diploma Tiga,1,Teknik Komputer_Baik Sekali,1,1.0
UHN-0008,UHN,Keperawatan,Diploma Tiga,Baik,3.54464285714286,Dengan Pujian,31 Januari 2026,Sekolah Vokasi/D3 Keperawatan,1,none,UHN_Keperawatan,1,Keperawatan_Diploma Tiga,1,Keperawatan_Baik,1,1.0
UHN-0257,UHN,Akuntansi,Diploma Tiga,Baik Sekali,3.89380530973451,Dengan Pujian,5 Februari 2026,Sekolah Vokasi/D3 Akuntansi,1,none,UHN_Akuntansi,1,Akuntansi_Diploma Tiga,1,Akuntansi_Baik Sekali,1,1.0
PMKM-0804,PMKM,Analis Kesehatan,Diploma 3,Baik,,,,,1,none,PMKM_Analis Kesehatan,1,Analis Kesehatan_Diploma 3,1,Analis Kesehatan_Baik,1,1.0
UHN-0026,UHN,Keperawatan,Diploma Tiga,Baik,3.83035714285714,Dengan Pujian,31 Januari 2026,Sekolah Vokasi/D3 Keperawatan,1,none,UHN_Keperawatan,1,Keperawatan_Diploma Tiga,1,Keperawatan_Baik,1,1.0
UHN-0337,UHN,Teknik Mesin,Diploma Tiga,Baik Sekali,2.9327731092437,Sangat Memuaskan,31 Januari 2026,Sekolah Vokasi/D3 Teknik Mesin,1,none,UHN_Teknik Mesin,1,Teknik Mesin_Diploma Tiga,1,Teknik Mesin_Baik Sekali,1,1.0
UHN-0573,UHN,Teknik Komputer,Diploma Tiga,Baik Sekali,3.79661016949153,Dengan Pujian,31 Januari 2026,Sekolah Vokasi/D3 Teknik Komputer,1,none,UHN_Teknik Komputer,1,Teknik Komputer_Diploma Tiga,1,Teknik Komputer_Baik Sekali,1,1.0
UHN-0048,UHN,Sistem Informasi,Sarjana,Baik,3.66666666666667,Dengan Pujian,31 Januari 2026,Fakultas Sains dan Teknologi/S1 Sistem Informasi,1,none,UHN_Sistem Informasi,1,Sistem Informasi_Sarjana,1,Sistem Informasi_Baik,1,1.0
UHN-INV-0411,UHN,Manajemen Informatika,Diploma Tiga,Baik Sekali,3.09821428571429,Sangat Memuaskan,31 Januari 2026,Sekolah Vokasi/D3 Farmasi,0,cross_institution_program,UHN_Manajemen Informatika,0,Manajemen Informatika_Diploma Tiga,0,Manajemen Informatika_Baik Sekali,0,0.0
UHN-0107,UHN,Desain Komunikasi Visual,Diploma Tiga,Baik,3.16814159292035,Sangat Memuaskan,31 Januari 2026,Sekolah Vokasi/D3 Desain Komunikasi Visual,1,none,UHN_Desain Komunikasi Visual,1,Desain Komunikasi Visual_Diploma Tiga,1,Desain Komunikasi Visual_Baik,1,1.0
UHN-0350,UHN,Teknik Elektronika,Diploma Tiga,Terakreditasi,3.78813559322034,Dengan Pujian,31 Januari 2026,Sekolah Vokasi/D3 Teknik Elektronika,1,none,UHN_Teknik Elektronika,1,Teknik Elektronika_Diploma Tiga,1,Teknik Elektronika_Terakreditasi,1,1.0
UHN-0056,UHN,Teknik Informatika,Sarjana,Baik,3.77,Dengan Pujian,31 Januari 2026,Fakultas Sains dan Teknologi/S1 Teknik Informatika,1,none,UHN_Teknik Informatika,1,Teknik Informatika_Sarjana,1,Teknik Informatika_Baik,1,1.0
UHN-0239,UHN,Akuntansi,Diploma Tiga,Baik Sekali,3.44247787610619,Sangat Memuaskan,5 Februari 2026,Sekolah Vokasi/D3 Akuntansi,1,none,UHN_Akuntansi,1,Akuntansi_Diploma Tiga,1,Akuntansi_Baik Sekali,1,1.0
UHN-0214,UHN,Akuntansi,Diploma Tiga,Baik Sekali,3.75221238938053,Dengan Pujian,5 Februari 2026,Sekolah Vokasi/D3 Akuntansi,1,none,UHN_Akuntansi,1,Akuntansi_Diploma Tiga,1,Akuntansi_Baik Sekali,1,1.0
UHN-0121,UHN,Desain Komunikasi Visual,Diploma Tiga,Baik,3.43362831858407,Sangat Memuaskan,31 Januari 2026,Sekolah Vokasi/D3 Desain Komunikasi Visual,1,none,UHN_Desain Komunikasi Visual,1,Desain Komunikasi Visual_Diploma Tiga,1,Desain Komunikasi Visual_Baik,1,1.0
UHN-INV-0740,UHN,Teknik Informatika,Diploma 3,Baik Sekali,3.06756756756757,Sangat Memuaskan,31 Januari 2026,Sekolah Vokasi/D4 Teknik Informatika,0,education_level_swap,UHN_Teknik Informatika,1,Teknik Informatika_Diploma 3,0,Teknik Informatika_Baik Sekali,1,0.6666666666666666
UHN-INV-0102,UHN,Analis Kesehatan,Diploma Tiga,Baik,3.69911504424779,Dengan Pujian,31 Januari 2026,Sekolah Vokasi/D3 Desain Komunikasi Visual,0,cross_institution_program,UHN_Analis Kesehatan,0,Analis Kesehatan_Diploma Tiga,0,Analis Kesehatan_Baik,1,0.3333333333333333
PMKM-0794,PMKM,Analis Kesehatan,Diploma 3,Baik,,,,,1,none,PMKM_Analis Kesehatan,1,Analis Kesehatan_Diploma 3,1,Analis Kesehatan_Baik,1,1.0
UHN-0073,UHN,Teknik Informatika,Sarjana,Baik,3.71666666666667,Dengan Pujian,31 Januari 2026,Fakultas Sains dan Teknologi/S1 Teknik Informatika,1,none,UHN_Teknik Informatika,1,Teknik Informatika_Sarjana,1,Teknik Informatika_Baik,1,1.0
PMKM-0813,PMKM,Analis Kesehatan,Diploma 3,Baik,,,,,1,none,PMKM_Analis Kesehatan,1,Analis Kesehatan_Diploma 3,1,Analis Kesehatan_Baik,1,1.0
UHN-INV-0626,UHN,Teknik Komputer,Sarjana,Baik Sekali,3.42372881355932,Sangat Memuaskan,31 Januari 2026,Sekolah Vokasi/D3 Teknik Komputer,0,education_level_swap,UHN_Teknik Komputer,1,Teknik Komputer_Sarjana,0,Teknik Komputer_Baik Sekali,1,0.6666666666666666
UHN-0078,UHN,Teknik Informatika,Sarjana,Baik,3.91,Dengan Pujian,31 Januari 2026,Fakultas Sains dan Teknologi/S1 Teknik Informatika,1,none,UHN_Teknik Informatika,1,Teknik Informatika_Sarjana,1,Teknik Informatika_Baik,1,1.0
UHN-INV-0082,UHN,Teknik Informatika,Sarjana,Terakreditasi,3.83,Dengan Pujian,31 Januari 2026,Fakultas Sains dan Teknologi/S1 Teknik Informatika,0,accreditation_swap,UHN_Teknik Informatika,1,Teknik Informatika_Sarjana,1,Teknik Informatika_Terakreditasi,0,0.6666666666666666
UHN-0046,UHN,Keperawatan,Diploma Tiga,Baik,3.25892857142857,Sangat Memuaskan,31 Januari 2026,Sekolah Vokasi/D3 Keperawatan,1,none,UHN_Keperawatan,1,Keperawatan_Diploma Tiga,1,Keperawatan_Baik,1,1.0
UHN-INV-0582,UHN,Analis Kesehatan,Diploma Tiga,Baik Sekali,3.55932203389831,Dengan Pujian,31 Januari 2026,Sekolah Vokasi/D3 Teknik Komputer,0,cross_institution_program,UHN_Analis Kesehatan,0,Analis Kesehatan_Diploma Tiga,0,Analis Kesehatan_Baik Sekali,0,0.0
UHN-0524,UHN,Teknik Komputer,Diploma Tiga,Baik Sekali,3.72881355932203,Dengan Pujian,31 Januari 2026,Sekolah Vokasi/D3 Teknik Komputer,1,none,UHN_Teknik Komputer,1,Teknik Komputer_Diploma Tiga,1,Teknik Komputer_Baik Sekali,1,1.0
UHN-0233,UHN,Akuntansi,Diploma Tiga,Baik Sekali,3.70796460176991,Dengan Pujian,5 Februari 2026,Sekolah Vokasi/D3 Akuntansi,1,none,UHN_Akuntansi,1,Akuntansi_Diploma Tiga,1,Akuntansi_Baik Sekali,1,1.0
UHN-0645,UHN,Teknik Komputer,Diploma Tiga,Baik Sekali,3.61016949152542,Dengan Pujian,31 Januari 2026,Sekolah Vokasi/D3 Teknik Komputer,1,none,UHN_Teknik Komputer,1,Teknik Komputer_Diploma Tiga,1,Teknik Komputer_Baik Sekali,1,1.0
UHN-INV-0402,UHN,Manajemen Informatika,Diploma Tiga,Baik Sekali,3.14285714285714,Sangat Memuaskan,31 Januari 2026,Sekolah Vokasi/D3 Farmasi,0,cross_institution_program,UHN_Manajemen Informatika,0,Manajemen Informatika_Diploma Tiga,0,Manajemen Informatika_Baik Sekali,0,0.0
UHN-INV-0438,UHN,Analis Kesehatan,Diploma Tiga,Baik Sekali,3.40178571428571,Sangat Memuaskan,31 Januari 2026,Sekolah Vokasi/D3 Farmasi,0,cross_institution_program,UHN_Analis Kesehatan,0,Analis Kesehatan_Diploma Tiga,0,Analis Kesehatan_Baik Sekali,0,0.0
UHN-INV-0173,UHN,Akuntansi,Sarjana Terapan,Baik Sekali,3.52212389380531,Dengan Pujian,5 Februari 2026,Sekolah Vokasi/D3 Akuntansi,0,education_level_swap,UHN_Akuntansi,1,Akuntansi_Sarjana Terapan,0,Akuntansi_Baik Sekali,1,0.6666666666666666
UHN-0534,UHN,Teknik Komputer,Diploma Tiga,Baik Sekali,3.15254237288136,Sangat Memuaskan,31 Januari 2026,Sekolah Vokasi/D3 Teknik Komputer,1,none,UHN_Teknik Komputer,1,Teknik Komputer_Diploma Tiga,1,Teknik Komputer_Baik Sekali,1,1.0
UHN-INV-0245,UHN,Akuntansi,Sarjana Terapan,Baik Sekali,3.75221238938053,Dengan Pujian,5 Februari 2026,Sekolah Vokasi/D3 Akuntansi,0,education_level_swap,UHN_Akuntansi,1,Akuntansi_Sarjana Terapan,0,Akuntansi_Baik Sekali,1,0.6666666666666666
UHN-INV-0659,UHN,Teknik Komputer,Sarjana Terapan,Baik Sekali,3.72881355932203,Dengan Pujian,31 Januari 2026,Sekolah Vokasi/D3 Teknik Komputer,0,education_level_swap,UHN_Teknik Komputer,1,Teknik Komputer_Sarjana Terapan,0,Teknik Komputer_Baik Sekali,1,0.6666666666666666
UHN-0604,UHN,Teknik Komputer,Diploma Tiga,Baik Sekali,3.40677966101695,Sangat Memuaskan,31 Januari 2026,Sekolah Vokasi/D3 Teknik Komputer,1,none,UHN_Teknik Komputer,1,Teknik Komputer_Diploma Tiga,1,Teknik Komputer_Baik Sekali,1,1.0
UHN-0466,UHN,Farmasi,Diploma Tiga,Baik Sekali,2.92857142857143,Sangat Memuaskan,31 Januari 2026,Sekolah Vokasi/D3 Farmasi,1,none,UHN_Farmasi,1,Farmasi_Diploma Tiga,1,Farmasi_Baik Sekali,1,1.0
UHN-INV-0429,UHN,Manajemen Informatika,Diploma Tiga,Baik Sekali,3.36607142857143,Sangat Memuaskan,31 Januari 2026,Sekolah Vokasi/D3 Farmasi,0,cross_institution_program,UHN_Manajemen Informatika,0,Manajemen Informatika_Diploma Tiga,0,Manajemen Informatika_Baik Sekali,0,0.0
PMKM-0789,PMKM,Analis Kesehatan,Diploma 3,Baik,,,,,1,none,PMKM_Analis Kesehatan,1,Analis Kesehatan_Diploma 3,1,Analis Kesehatan_Baik,1,1.0
UHN-INV-0599,UHN,Teknik Komputer,Diploma 3,Baik Sekali,3.61016949152542,Dengan Pujian,31 Januari 2026,Sekolah Vokasi/D3 Teknik Komputer,0,education_level_swap,UHN_Teknik Komputer,1,Teknik Komputer_Diploma 3,0,Teknik Komputer_Baik Sekali,1,0.6666666666666666
UHN-INV-0332,UHN,Teknik Mesin,Diploma 3,Baik Sekali,3.21848739495798,Sangat Memuaskan,31 Januari 2026,Sekolah Vokasi/D3 Teknik Mesin,0,education_level_swap,UHN_Teknik Mesin,1,Teknik Mesin_Diploma 3,0,Teknik Mesin_Baik Sekali,1,0.6666666666666666
UHN-INV-0264,UHN,Analis Kesehatan,Diploma Tiga,Baik Sekali,3.85840707964602,Dengan Pujian,5 Februari 2026,Sekolah Vokasi/D3 Akuntansi,0,cross_institution_program,UHN_Analis Kesehatan,0,Analis Kesehatan_Diploma Tiga,0,Analis Kesehatan_Baik Sekali,0,0.0
UHN-0061,UHN,Teknik Informatika,Sarjana,Baik,3.57333333333333,Dengan Pujian,31 Januari 2026,Fakultas Sains dan Teknologi/S1 Teknik Informatika,1,none,UHN_Teknik Informatika,1,Teknik Informatika_Sarjana,1,Teknik Informatika_Baik,1,1.0
UHN-INV-0400,UHN,Farmasi,Diploma Tiga,Terakreditasi,3.375,Sangat Memuaskan,31 Januari 2026,Sekolah Vokasi/D3 Farmasi,0,accreditation_swap,UHN_Farmasi,1,Farmasi_Diploma Tiga,1,Farmasi_Terakreditasi,0,0.6666666666666666
UHN-0093,UHN,Desain Komunikasi Visual,Diploma Tiga,Baik,3.36283185840708,Sangat Memuaskan,31 Januari 2026,Sekolah Vokasi/D3 Desain Komunikasi Visual,1,none,UHN_Desain Komunikasi Visual,1,Desain Komunikasi Visual_Diploma Tiga,1,Desain Komunikasi Visual_Baik,1,1.0
UHN-0667,UHN,Teknik Informatika,Sarjana Terapan,Baik Sekali,3.33108108108108,Sangat Memuaskan,31 Januari 2026,Sekolah Vokasi/D4 Teknik Informatika,1,none,UHN_Teknik Informatika,1,Teknik Informatika_Sarjana Terapan,1,Teknik Informatika_Baik Sekali,1,1.0
UHN-INV-0320,UHN,Teknik Mesin,Sarjana Terapan,Baik Sekali,3.66386554621849,Dengan Pujian,31 Januari 2026,Sekolah Vokasi/D3 Teknik Mesin,0,education_level_swap,UHN_Teknik Mesin,1,Teknik Mesin_Sarjana Terapan,0,Teknik Mesin_Baik Sekali,1,0.6666666666666666
UHN-INV-0595,UHN,Teknik Komputer,Diploma Tiga,Baik,3.71186440677966,Dengan Pujian,31 Januari 2026,Sekolah Vokasi/D3 Teknik Komputer,0,accreditation_swap,UHN_Teknik Komputer,1,Teknik Komputer_Diploma Tiga,1,Teknik Komputer_Baik,0,0.6666666666666666
UHN-0195,UHN,Akuntansi,Diploma Tiga,Baik Sekali,3.70796460176991,Dengan Pujian,5 Februari 2026,Sekolah Vokasi/D3 Akuntansi,1,none,UHN_Akuntansi,1,Akuntansi_Diploma Tiga,1,Akuntansi_Baik Sekali,1,1.0
UHN-0281,UHN,Akuntansi,Diploma Tiga,Baik Sekali,3.33628318584071,Sangat Memuaskan,5 Februari 2026,Sekolah Vokasi/D3 Akuntansi,1,none,UHN_Akuntansi,1,Akuntansi_Diploma Tiga,1,Akuntansi_Baik Sekali,1,1.0
UHN-0696,UHN,Teknik Informatika,Sarjana Terapan,Baik Sekali,3.61486486486487,Dengan Pujian,31 Januari 2026,Sekolah Vokasi/D4 Teknik Informatika,1,none,UHN_Teknik Informatika,1,Teknik Informatika_Sarjana Terapan,1,Teknik Informatika_Baik Sekali,1,1.0
UHN-INV-0686,UHN,Teknik Informatika,Diploma 3,Baik Sekali,3.46621621621622,Sangat Memuaskan,31 Januari 2026,Sekolah Vokasi/D4 Teknik Informatika,0,education_level_swap,UHN_Teknik Informatika,1,Teknik Informatika_Diploma 3,0,Teknik Informatika_Baik Sekali,1,0.6666666666666666
UHN-0360,UHN,Perhotelan,Diploma Tiga,Baik,3.675,Dengan Pujian,31 Januari 2026,Sekolah Vokasi/D3 Perhotelan,1,none,UHN_Perhotelan,1,Perhotelan_Diploma Tiga,1,Perhotelan_Baik,1,1.0
UHN-INV-0091,UHN,Desain Komunikasi Visual,Diploma Tiga,Terakreditasi,3.41592920353982,Sangat Memuaskan,31 Januari 2026,Sekolah Vokasi/D3 Desain Komunikasi Visual,0,accreditation_swap,UHN_Desain Komunikasi Visual,1,Desain Komunikasi Visual_Diploma Tiga,1,Desain Komunikasi Visual_Terakreditasi,0,0.6666666666666666
UHN-0520,UHN,Teknik Komputer,Diploma Tiga,Baik Sekali,3.71186440677966,Dengan Pujian,31 Januari 2026,Sekolah Vokasi/D3 Teknik Komputer,1,none,UHN_Teknik Komputer,1,Teknik Komputer_Diploma Tiga,1,Teknik Komputer_Baik Sekali,1,1.0
UHN-INV-0375,UHN,Manajemen Informatika,Diploma Tiga,Baik Sekali,3.47321428571429,Sangat Memuaskan,31 Januari 2026,Sekolah Vokasi/D3 Farmasi,0,cross_institution_program,UHN_Manajemen Informatika,0,Manajemen Informatika_Diploma Tiga,0,Manajemen Informatika_Baik Sekali,0,0.0
UHN-INV-0185,UHN,Akuntansi,Sarjana,Baik Sekali,3.80530973451327,Dengan Pujian,5 Februari 2026,Sekolah Vokasi/D3 Akuntansi,0,education_level_swap,UHN_Akuntansi,1,Akuntansi_Sarjana,0,Akuntansi_Baik Sekali,1,0.6666666666666666
UHN-INV-0149,UHN,Kebidanan,Diploma 3,Baik Sekali,3.32773109243698,Sangat Memuaskan,31 Januari 2026,Sekolah Vokasi/D3 Kebidanan,0,education_level_swap,UHN_Kebidanan,1,Kebidanan_Diploma 3,0,Kebidanan_Baik Sekali,1,0.6666666666666666
PMKM-0848,PMKM,Farmasi,Diploma 3,Baik,,,,,1,none,PMKM_Farmasi,1,Farmasi_Diploma 3,1,Farmasi_Baik,1,1.0
UHN-0183,UHN,Akuntansi,Diploma Tiga,Baik Sekali,3.83185840707965,Dengan Pujian,5 Februari 2026,Sekolah Vokasi/D3 Akuntansi,1,none,UHN_Akuntansi,1,Akuntansi_Diploma Tiga,1,Akuntansi_Baik Sekali,1,1.0
UHN-INV-0313,UHN,Teknik Mesin,Diploma Tiga,Terakreditasi,3.5546218487395,Dengan Pujian,31 Januari 2026,Sekolah Vokasi/D3 Teknik Mesin,0,accreditation_swap,UHN_Teknik Mesin,1,Teknik Mesin_Diploma Tiga,1,Teknik Mesin_Terakreditasi,0,0.6666666666666666
UHN-INV-0487,UHN,Farmasi,Diploma Tiga,Baik,3.40178571428571,Sangat Memuaskan,31 Januari 2026,Sekolah Vokasi/D3 Farmasi,0,accreditation_swap,UHN_Farmasi,1,Farmasi_Diploma Tiga,1,Farmasi_Baik,1,1.0
UHN-0111,UHN,Desain Komunikasi Visual,Diploma Tiga,Baik,2.92035398230089,Sangat Memuaskan,31 Januari 2026,Sekolah Vokasi/D3 Desain Komunikasi Visual,1,none,UHN_Desain Komunikasi Visual,1,Desain Komunikasi Visual_Diploma Tiga,1,Desain Komunikasi Visual_Baik,1,1.0
UHN-INV-0649,UHN,Teknik Komputer,Diploma Tiga,Baik,3.47457627118644,Sangat Memuaskan,31 Januari 2026,Sekolah Vokasi/D3 Teknik Komputer,0,accreditation_swap,UHN_Teknik Komputer,1,Teknik Komputer_Diploma Tiga,1,Teknik Komputer_Baik,0,0.6666666666666666
UHN-INV-0501,UHN,Analis Kesehatan,Sarjana Terapan,Baik,3.28767123287671,Sangat Memuaskan,31 Januari 2026,Sekolah Vokasi/D4 Akuntansi Sektor Publik,0,cross_institution_program,UHN_Analis Kesehatan,0,Analis Kesehatan_Sarjana Terapan,0,Analis Kesehatan_Baik,1,0.3333333333333333
UHN-0043,UHN,Keperawatan,Diploma Tiga,Baik,3.6875,Dengan Pujian,31 Januari 2026,Sekolah Vokasi/D3 Keperawatan,1,none,UHN_Keperawatan,1,Keperawatan_Diploma Tiga,1,Keperawatan_Baik,1,1.0
PMKM-0747,PMKM,Farmasi,Diploma 3,Baik,,,,,1,none,PMKM_Farmasi,1,Farmasi_Diploma 3,1,Farmasi_Baik,1,1.0
UHN-0126,UHN,Desain Komunikasi Visual,Diploma Tiga,Baik,3.7787610619469,Dengan Pujian,31 Januari 2026,Sekolah Vokasi/D3 Desain Komunikasi Visual,1,none,UHN_Desain Komunikasi Visual,1,Desain Komunikasi Visual_Diploma Tiga,1,Desain Komunikasi Visual_Baik,1,1.0
UHN-0205,UHN,Akuntansi,Diploma Tiga,Baik Sekali,3.47787610619469,Sangat Memuaskan,5 Februari 2026,Sekolah Vokasi/D3 Akuntansi,1,none,UHN_Akuntansi,1,Akuntansi_Diploma Tiga,1,Akuntansi_Baik Sekali,1,1.0
UHN-INV-0192,UHN,Analis Kesehatan,Diploma Tiga,Baik Sekali,3.75221238938053,Dengan Pujian,5 Februari 2026,Sekolah Vokasi/D3 Akuntansi,0,cross_institution_program,UHN_Analis Kesehatan,0,Analis Kesehatan_Diploma Tiga,0,Analis Kesehatan_Baik Sekali,0,0.0
UHN-0053,UHN,Sistem Informasi,Sarjana,Baik,3.78666666666667,Dengan Pujian,31 Januari 2026,Fakultas Sains dan Teknologi/S1 Sistem Informasi,1,none,UHN_Sistem Informasi,1,Sistem Informasi_Sarjana,1,Sistem Informasi_Baik,1,1.0
UHN-INV-0426,UHN,Manajemen Informatika,Diploma Tiga,Baik Sekali,3.21428571428571,Sangat Memuaskan,31 Januari 2026,Sekolah Vokasi/D3 Farmasi,0,cross_institution_program,UHN_Manajemen Informatika,0,Manajemen Informatika_Diploma Tiga,0,Manajemen Informatika_Baik Sekali,0,0.0
UHN-0546,UHN,Teknik Komputer,Diploma Tiga,Baik Sekali,3.42372881355932,Sangat Memuaskan,31 Januari 2026,Sekolah Vokasi/D3 Teknik Komputer,1,none,UHN_Teknik Komputer,1,Teknik Komputer_Diploma Tiga,1,Teknik Komputer_Baik Sekali,1,1.0
UHN-0069,UHN,Teknik Informatika,Sarjana,Baik,3.56,Dengan Pujian,31 Januari 2026,Fakultas Sains dan Teknologi/S1 Teknik Informatika,1,none,UHN_Teknik Informatika,1,Teknik Informatika_Sarjana,1,Teknik Informatika_Baik,1,1.0
UHN-INV-0691,UHN,Teknik Informatika,Sarjana Terapan,Baik,3.2027027027027,Sangat Memuaskan,31 Januari 2026,Sekolah Vokasi/D4 Teknik Informatika,0,accreditation_swap,UHN_Teknik Informatika,1,Teknik Informatika_Sarjana Terapan,1,Teknik Informatika_Baik,1,1.0
UHN-0508,UHN,Akuntansi Sektor Publik,Sarjana Terapan,Baik,3.6027397260274,Dengan Pujian,31 Januari 2026,Sekolah Vokasi/D4 Akuntansi Sektor Publik,1,none,UHN_Akuntansi Sektor Publik,1,Akuntansi Sektor Publik_Sarjana Terapan,1,Akuntansi Sektor Publik_Baik,1,1.0
UHN-INV-0473,UHN,Farmasi,Sarjana Terapan,Baik Sekali,3.0625,Sangat Memuaskan,31 Januari 2026,Sekolah Vokasi/D3 Farmasi,0,education_level_swap,UHN_Farmasi,1,Farmasi_Sarjana Terapan,0,Farmasi_Baik Sekali,1,0.6666666666666666
UHN-0330,UHN,Teknik Mesin,Diploma Tiga,Baik Sekali,3.23529411764706,Sangat Memuaskan,31 Januari 2026,Sekolah Vokasi/D3 Teknik Mesin,1,none,UHN_Teknik Mesin,1,Teknik Mesin_Diploma Tiga,1,Teknik Mesin_Baik Sekali,1,1.0
UHN-INV-0129,UHN,Analis Kesehatan,Diploma Tiga,Baik,2.93805309734513,Sangat Memuaskan,31 Januari 2026,Sekolah Vokasi/D3 Desain Komunikasi Visual,0,cross_institution_program,UHN_Analis Kesehatan,0,Analis Kesehatan_Diploma Tiga,0,Analis Kesehatan_Baik,1,0.3333333333333333
UHN-0184,UHN,Akuntansi,Diploma Tiga,Baik Sekali,3.95575221238938,Dengan Pujian,5 Februari 2026,Sekolah Vokasi/D3 Akuntansi,1,none,UHN_Akuntansi,1,Akuntansi_Diploma Tiga,1,Akuntansi_Baik Sekali,1,1.0
UHN-0138,UHN,Desain Komunikasi Visual,Diploma Tiga,Baik,3.04424778761062,Sangat Memuaskan,31 Januari 2026,Sekolah Vokasi/D3 Desain Komunikasi Visual,1,none,UHN_Desain Komunikasi Visual,1,Desain Komunikasi Visual_Diploma Tiga,1,Desain Komunikasi Visual_Baik,1,1.0
UHN-INV-0038,UHN,Keperawatan,Sarjana,Baik,3.55357142857143,Dengan Pujian,31 Januari 2026,Sekolah Vokasi/D3 Keperawatan,0,education_level_swap,UHN_Keperawatan,1,Keperawatan_Sarjana,0,Keperawatan_Baik,1,0.6666666666666666
PMKM-0797,PMKM,Analis Kesehatan,Diploma 3,Baik,,,,,1,none,PMKM_Analis Kesehatan,1,Analis Kesehatan_Diploma 3,1,Analis Kesehatan_Baik,1,1.0
UHN-0133,UHN,Desain Komunikasi Visual,Diploma Tiga,Baik,2.76106194690266,Sangat Memuaskan,31 Januari 2026,Sekolah Vokasi/D3 Desain Komunikasi Visual,1,none,UHN_Desain Komunikasi Visual,1,Desain Komunikasi Visual_Diploma Tiga,1,Desain Komunikasi Visual_Baik,1,1.0
UHN-0081,UHN,Teknik Informatika,Sarjana,Baik,3.50333333333333,Dengan Pujian,31 Januari 2026,Fakultas Sains dan Teknologi/S1 Teknik Informatika,1,none,UHN_Teknik Informatika,1,Teknik Informatika_Sarjana,1,Teknik Informatika_Baik,1,1.0
UHN-INV-0526,UHN,Teknik Komputer,Diploma Tiga,Terakreditasi,3.8135593220339,Dengan Pujian,31 Januari 2026,Sekolah Vokasi/D3 Teknik Komputer,0,accreditation_swap,UHN_Teknik Komputer,1,Teknik Komputer_Diploma Tiga,1,Teknik Komputer_Terakreditasi,0,0.6666666666666666
UHN-0106,UHN,Desain Komunikasi Visual,Diploma Tiga,Baik,2.92035398230089,Sangat Memuaskan,31 Januari 2026,Sekolah Vokasi/D3 Desain Komunikasi Visual,1,none,UHN_Desain Komunikasi Visual,1,Desain Komunikasi Visual_Diploma Tiga,1,Desain Komunikasi Visual_Baik,1,1.0
UHN-INV-0468,UHN,Analis Kesehatan,Diploma Tiga,Baik Sekali,3.13392857142857,Sangat Memuaskan,31 Januari 2026,Sekolah Vokasi/D3 Farmasi,0,cross_institution_program,UHN_Analis Kesehatan,0,Analis Kesehatan_Diploma Tiga,0,Analis Kesehatan_Baik Sekali,0,0.0
UHN-0542,UHN,Teknik Komputer,Diploma Tiga,Baik Sekali,3.67796610169492,Dengan Pujian,31 Januari 2026,Sekolah Vokasi/D3 Teknik Komputer,1,none,UHN_Teknik Komputer,1,Teknik Komputer_Diploma Tiga,1,Teknik Komputer_Baik Sekali,1,1.0
UHN-INV-0107,UHN,Desain Komunikasi Visual,Diploma 3,Baik,3.16814159292035,Sangat Memuaskan,31 Januari 2026,Sekolah Vokasi/D3 Desain Komunikasi Visual,0,education_level_swap,UHN_Desain Komunikasi Visual,1,Desain Komunikasi Visual_Diploma 3,0,Desain Komunikasi Visual_Baik,1,0.6666666666666666
UHN-0481,UHN,Farmasi,Diploma Tiga,Baik Sekali,3.83035714285714,Dengan Pujian,31 Januari 2026,Sekolah Vokasi/D3 Farmasi,1,none,UHN_Farmasi,1,Farmasi_Diploma Tiga,1,Farmasi_Baik Sekali,1,1.0
UHN-0166,UHN,Akuntansi,Diploma Tiga,Baik Sekali,3.33628318584071,Sangat Memuaskan,5 Februari 2026,Sekolah Vokasi/D3 Akuntansi,1,none,UHN_Akuntansi,1,Akuntansi_Diploma Tiga,1,Akuntansi_Baik Sekali,1,1.0
UHN-0249,UHN,Akuntansi,Diploma Tiga,Baik Sekali,3.82300884955752,Dengan Pujian,5 Februari 2026,Sekolah Vokasi/D3 Akuntansi,1,none,UHN_Akuntansi,1,Akuntansi_Diploma Tiga,1,Akuntansi_Baik Sekali,1,1.0
UHN-0308,UHN,Teknik Mesin,Diploma Tiga,Baik Sekali,3.08403361344538,Sangat Memuaskan,31 Januari 2026,Sekolah Vokasi/D3 Teknik Mesin,1,none,UHN_Teknik Mesin,1,Teknik Mesin_Diploma Tiga,1,Teknik Mesin_Baik Sekali,1,1.0
UHN-0447,UHN,Farmasi,Diploma Tiga,Baik Sekali,3.51785714285714,Dengan Pujian,31 Januari 2026,Sekolah Vokasi/D3 Farmasi,1,none,UHN_Farmasi,1,Farmasi_Diploma Tiga,1,Farmasi_Baik Sekali,1,1.0
UHN-INV-0118,UHN,Desain Komunikasi Visual,Diploma Tiga,Terakreditasi,3.76106194690266,Dengan Pujian,31 Januari 2026,Sekolah Vokasi/D3 Desain Komunikasi Visual,0,accreditation_swap,UHN_Desain Komunikasi Visual,1,Desain Komunikasi Visual_Diploma Tiga,1,Desain Komunikasi Visual_Terakreditasi,0,0.6666666666666666
PMKM-0859,PMKM,Manajemen Informatika,Diploma 3,Baik,,,,,1,none,PMKM_Manajemen Informatika,1,Manajemen Informatika_Diploma 3,1,Manajemen Informatika_Baik,1,1.0
UHN-0335,UHN,Teknik Mesin,Diploma Tiga,Baik Sekali,3.15966386554622,Sangat Memuaskan,31 Januari 2026,Sekolah Vokasi/D3 Teknik Mesin,1,none,UHN_Teknik Mesin,1,Teknik Mesin_Diploma Tiga,1,Teknik Mesin_Baik Sekali,1,1.0
UHN-INV-0189,UHN,Manajemen Informatika,Diploma Tiga,Baik Sekali,3.83185840707965,Dengan Pujian,5 Februari 2026,Sekolah Vokasi/D3 Akuntansi,0,cross_institution_program,UHN_Manajemen Informatika,0,Manajemen Informatika_Diploma Tiga,0,Manajemen Informatika_Baik Sekali,0,0.0
PMKM-0850,PMKM,Analis Kesehatan,Diploma 3,Baik,,,,,1,none,PMKM_Analis Kesehatan,1,Analis Kesehatan_Diploma 3,1,Analis Kesehatan_Baik,1,1.0
UHN-0098,UHN,Desain Komunikasi Visual,Diploma Tiga,Baik,3.45132743362832,Sangat Memuaskan,31 Januari 2026,Sekolah Vokasi/D3 Desain Komunikasi Visual,1,none,UHN_Desain Komunikasi Visual,1,Desain Komunikasi Visual_Diploma Tiga,1,Desain Komunikasi Visual_Baik,1,1.0
UHN-INV-0139,UHN,Desain Komunikasi Visual,Diploma Tiga,Terakreditasi,2.92035398230089,Sangat Memuaskan,31 Januari 2026,Sekolah Vokasi/D3 Desain Komunikasi Visual,0,accreditation_swap,UHN_Desain Komunikasi Visual,1,Desain Komunikasi Visual_Diploma Tiga,1,Desain Komunikasi Visual_Terakreditasi,0,0.6666666666666666
PMKM-INV-0091,PMKM,Akuntansi Sektor Publik,Diploma 3,Baik,,,,,0,cross_institution_program,PMKM_Akuntansi Sektor Publik,0,Akuntansi Sektor Publik_Diploma 3,0,Akuntansi Sektor Publik_Baik,1,0.3333333333333333
UHN-0738,UHN,Teknik Informatika,Sarjana Terapan,Baik Sekali,3.95945945945946,Dengan Pujian,31 Januari 2026,Sekolah Vokasi/D4 Teknik Informatika,1,none,UHN_Teknik Informatika,1,Teknik Informatika_Sarjana Terapan,1,Teknik Informatika_Baik Sekali,1,1.0
UHN-INV-0226,UHN,Akuntansi,Diploma Tiga,Baik,3.47787610619469,Sangat Memuaskan,5 Februari 2026,Sekolah Vokasi/D3 Akuntansi,0,accreditation_swap,UHN_Akuntansi,1,Akuntansi_Diploma Tiga,1,Akuntansi_Baik,0,0.6666666666666666
UHN-INV-0394,UHN,Farmasi,Diploma Tiga,Baik,3.125,Sangat Memuaskan,31 Januari 2026,Sekolah Vokasi/D3 Farmasi,0,accreditation_swap,UHN_Farmasi,1,Farmasi_Diploma Tiga,1,Farmasi_Baik,1,1.0
UHN-0422,UHN,Farmasi,Diploma Tiga,Baik Sekali,3.33928571428571,Sangat Memuaskan,31 Januari 2026,Sekolah Vokasi/D3 Farmasi,1,none,UHN_Farmasi,1,Farmasi_Diploma Tiga,1,Farmasi_Baik Sekali,1,1.0
UHN-0103,UHN,Desain Komunikasi Visual,Diploma Tiga,Baik,3.30088495575221,Sangat Memuaskan,31 Januari 2026,Sekolah Vokasi/D3 Desain Komunikasi Visual,1,none,UHN_Desain Komunikasi Visual,1,Desain Komunikasi Visual_Diploma Tiga,1,Desain Komunikasi Visual_Baik,1,1.0
UHN-0435,UHN,Farmasi,Diploma Tiga,Baik Sekali,3.65178571428571,Dengan Pujian,31 Januari 2026,Sekolah Vokasi/D3 Farmasi,1,none,UHN_Farmasi,1,Farmasi_Diploma Tiga,1,Farmasi_Baik Sekali,1,1.0
UHN-0075,UHN,Teknik Informatika,Sarjana,Baik,3.81,Dengan Pujian,31 Januari 2026,Fakultas Sains dan Teknologi/S1 Teknik Informatika,1,none,UHN_Teknik Informatika,1,Teknik Informatika_Sarjana,1,Teknik Informatika_Baik,1,1.0
UHN-INV-0681,UHN,Manajemen Informatika,Sarjana Terapan,Baik Sekali,3.72972972972973,Dengan Pujian,31 Januari 2026,Sekolah Vokasi/D4 Teknik Informatika,0,cross_institution_program,UHN_Manajemen Informatika,0,Manajemen Informatika_Sarjana Terapan,0,Manajemen Informatika_Baik Sekali,0,0.0
UHN-INV-0048,UHN,Analis Kesehatan,Sarjana,Baik,3.66666666666667,Dengan Pujian,31 Januari 2026,Fakultas Sains dan Teknologi/S1 Sistem Informasi,0,cross_institution_program,UHN_Analis Kesehatan,0,Analis Kesehatan_Sarjana,0,Analis Kesehatan_Baik,1,0.3333333333333333
UHN-INV-0302,UHN,Teknik Mesin,Diploma 3,Baik Sekali,3.49579831932773,Sangat Memuaskan,31 Januari 2026,Sekolah Vokasi/D3 Teknik Mesin,0,education_level_swap,UHN_Teknik Mesin,1,Teknik Mesin_Diploma 3,0,Teknik Mesin_Baik Sekali,1,0.6666666666666666
UHN-0229,UHN,Akuntansi,Diploma Tiga,Baik Sekali,3.76106194690266,Dengan Pujian,5 Februari 2026,Sekolah Vokasi/D3 Akuntansi,1,none,UHN_Akuntansi,1,Akuntansi_Diploma Tiga,1,Akuntansi_Baik Sekali,1,1.0
UHN-INV-0702,UHN,Analis Kesehatan,Sarjana Terapan,Baik Sekali,3.17567567567568,Sangat Memuaskan,31 Januari 2026,Sekolah Vokasi/D4 Teknik Informatika,0,cross_institution_program,UHN_Analis Kesehatan,0,Analis Kesehatan_Sarjana Terapan,0,Analis Kesehatan_Baik Sekali,0,0.0
UHN-INV-0057,UHN,Manajemen Informatika,Sarjana,Baik,3.66,Dengan Pujian,31 Januari 2026,Fakultas Sains dan Teknologi/S1 Teknik Informatika,0,cross_institution_program,UHN_Manajemen Informatika,0,Manajemen Informatika_Sarjana,0,Manajemen Informatika_Baik,1,0.3333333333333333
UHN-0303,UHN,Teknik Mesin,Diploma Tiga,Baik Sekali,3.69747899159664,Dengan Pujian,31 Januari 2026,Sekolah Vokasi/D3 Teknik Mesin,1,none,UHN_Teknik Mesin,1,Teknik Mesin_Diploma Tiga,1,Teknik Mesin_Baik Sekali,1,1.0
PMKM-INV-0043,PMKM,Teknik Informatika,Diploma 3,Baik,,,,,0,cross_institution_program,PMKM_Teknik Informatika,0,Teknik Informatika_Diploma 3,0,Teknik Informatika_Baik,1,0.3333333333333333
UHN-INV-0581,UHN,Teknik Komputer,Sarjana Terapan,Baik Sekali,3.33898305084746,Sangat Memuaskan,31 Januari 2026,Sekolah Vokasi/D3 Teknik Komputer,0,education_level_swap,UHN_Teknik Komputer,1,Teknik Komputer_Sarjana Terapan,0,Teknik Komputer_Baik Sekali,1,0.6666666666666666
UHN-INV-0538,UHN,Teknik Komputer,Diploma Tiga,Terakreditasi,3.54237288135593,Dengan Pujian,31 Januari 2026,Sekolah Vokasi/D3 Teknik Komputer,0,accreditation_swap,UHN_Teknik Komputer,1,Teknik Komputer_Diploma Tiga,1,Teknik Komputer_Terakreditasi,0,0.6666666666666666
PMKM-0825,PMKM,Analis Kesehatan,Diploma 3,Baik,,,,,1,none,PMKM_Analis Kesehatan,1,Analis Kesehatan_Diploma 3,1,Analis Kesehatan_Baik,1,1.0
PMKM-0763,PMKM,Farmasi,Diploma 3,Baik,,,,,1,none,PMKM_Farmasi,1,Farmasi_Diploma 3,1,Farmasi_Baik,1,1.0
UHN-0734,UHN,Teknik Informatika,Sarjana Terapan,Baik Sekali,3.72972972972973,Dengan Pujian,31 Januari 2026,Sekolah Vokasi/D4 Teknik Informatika,1,none,UHN_Teknik Informatika,1,Teknik Informatika_Sarjana Terapan,1,Teknik Informatika_Baik Sekali,1,1.0
UHN-INV-0128,UHN,Desain Komunikasi Visual,Diploma 3,Baik,3.38938053097345,Sangat Memuaskan,31 Januari 2026,Sekolah Vokasi/D3 Desain Komunikasi Visual,0,education_level_swap,UHN_Desain Komunikasi Visual,1,Desain Komunikasi Visual_Diploma 3,0,Desain Komunikasi Visual_Baik,1,0.6666666666666666
UHN-0389,UHN,Farmasi,Diploma Tiga,Baik Sekali,3.6875,Dengan Pujian,31 Januari 2026,Sekolah Vokasi/D3 Farmasi,1,none,UHN_Farmasi,1,Farmasi_Diploma Tiga,1,Farmasi_Baik Sekali,1,1.0
UHN-0236,UHN,Akuntansi,Diploma Tiga,Baik Sekali,3.78761061946903,Dengan Pujian,5 Februari 2026,Sekolah Vokasi/D3 Akuntansi,1,none,UHN_Akuntansi,1,Akuntansi_Diploma Tiga,1,Akuntansi_Baik Sekali,1,1.0
UHN-INV-0562,UHN,Teknik Komputer,Diploma Tiga,Baik,3.76271186440678,Dengan Pujian,31 Januari 2026,Sekolah Vokasi/D3 Teknik Komputer,0,accreditation_swap,UHN_Teknik Komputer,1,Teknik Komputer_Diploma Tiga,1,Teknik Komputer_Baik,0,0.6666666666666666
UHN-INV-0714,UHN,Manajemen Informatika,Sarjana Terapan,Baik Sekali,3.68243243243243,Dengan Pujian,31 Januari 2026,Sekolah Vokasi/D4 Teknik Informatika,0,cross_institution_program,UHN_Manajemen Informatika,0,Manajemen Informatika_Sarjana Terapan,0,Manajemen Informatika_Baik Sekali,0,0.0
UHN-0268,UHN,Akuntansi,Diploma Tiga,Baik Sekali,3.61061946902655,Dengan Pujian,5 Februari 2026,Sekolah Vokasi/D3 Akuntansi,1,none,UHN_Akuntansi,1,Akuntansi_Diploma Tiga,1,Akuntansi_Baik Sekali,1,1.0
UHN-0306,UHN,Teknik Mesin,Diploma Tiga,Baik Sekali,3.77310924369748,Dengan Pujian,31 Januari 2026,Sekolah Vokasi/D3 Teknik Mesin,1,none,UHN_Teknik Mesin,1,Teknik Mesin_Diploma Tiga,1,Teknik Mesin_Baik Sekali,1,1.0
UHN-INV-0285,UHN,Analis Kesehatan,Diploma Tiga,Baik Sekali,3.43362831858407,Sangat Memuaskan,5 Februari 2026,Sekolah Vokasi/D3 Akuntansi,0,cross_institution_program,UHN_Analis Kesehatan,0,Analis Kesehatan_Diploma Tiga,0,Analis Kesehatan_Baik Sekali,0,0.0
UHN-INV-0168,UHN,Manajemen Informatika,Diploma Tiga,Baik Sekali,3.72566371681416,Dengan Pujian,5 Februari 2026,Sekolah Vokasi/D3 Akuntansi,0,cross_institution_program,UHN_Manajemen Informatika,0,Manajemen Informatika_Diploma Tiga,0,Manajemen Informatika_Baik Sekali,0,0.0
UHN-0118,UHN,Desain Komunikasi Visual,Diploma Tiga,Baik,3.76106194690266,Dengan Pujian,31 Januari 2026,Sekolah Vokasi/D3 Desain Komunikasi Visual,1,none,UHN_Desain Komunikasi Visual,1,Desain Komunikasi Visual_Diploma Tiga,1,Desain Komunikasi Visual_Baik,1,1.0
UHN-INV-0525,UHN,Manajemen Informatika,Diploma Tiga,Baik Sekali,3.76271186440678,Dengan Pujian,31 Januari 2026,Sekolah Vokasi/D3 Teknik Komputer,0,cross_institution_program,UHN_Manajemen Informatika,0,Manajemen Informatika_Diploma Tiga,0,Manajemen Informatika_Baik Sekali,0,0.0
UHN-0674,UHN,Teknik Informatika,Sarjana Terapan,Baik Sekali,3.46621621621622,Sangat Memuaskan,31 Januari 2026,Sekolah Vokasi/D4 Teknik Informatika,1,none,UHN_Teknik Informatika,1,Teknik Informatika_Sarjana Terapan,1,Teknik Informatika_Baik Sekali,1,1.0
UHN-0250,UHN,Akuntansi,Diploma Tiga,Baik Sekali,3.64601769911504,Dengan Pujian,5 Februari 2026,Sekolah Vokasi/D3 Akuntansi,1,none,UHN_Akuntansi,1,Akuntansi_Diploma Tiga,1,Akuntansi_Baik Sekali,1,1.0
UHN-INV-0388,UHN,Farmasi,Diploma Tiga,Terakreditasi,3.3125,Sangat Memuaskan,31 Januari 2026,Sekolah Vokasi/D3 Farmasi,0,accreditation_swap,UHN_Farmasi,1,Farmasi_Diploma Tiga,1,Farmasi_Terakreditasi,0,0.6666666666666666
UHN-INV-0370,UHN,Farmasi,Diploma Tiga,Terakreditasi,3.34821428571429,Sangat Memuaskan,31 Januari 2026,Sekolah Vokasi/D3 Farmasi,0,accreditation_swap,UHN_Farmasi,1,Farmasi_Diploma Tiga,1,Farmasi_Terakreditasi,0,0.6666666666666666
UHN-0072,UHN,Teknik Informatika,Sarjana,Baik,3.87666666666667,Dengan Pujian,31 Januari 2026,Fakultas Sains dan Teknologi/S1 Teknik Informatika,1,none,UHN_Teknik Informatika,1,Teknik Informatika_Sarjana,1,Teknik Informatika_Baik,1,1.0
UHN-0095,UHN,Desain Komunikasi Visual,Diploma Tiga,Baik,3.72566371681416,Dengan Pujian,31 Januari 2026,Sekolah Vokasi/D3 Desain Komunikasi Visual,1,none,UHN_Desain Komunikasi Visual,1,Desain Komunikasi Visual_Diploma Tiga,1,Desain Komunikasi Visual_Baik,1,1.0
UHN-INV-0241,UHN,Akuntansi,Diploma Tiga,Terakreditasi,3.70796460176991,Dengan Pujian,5 Februari 2026,Sekolah Vokasi/D3 Akuntansi,0,accreditation_swap,UHN_Akuntansi,1,Akuntansi_Diploma Tiga,1,Akuntansi_Terakreditasi,0,0.6666666666666666
UHN-0034,UHN,Keperawatan,Diploma Tiga,Baik,3.46428571428571,Sangat Memuaskan,31 Januari 2026,Sekolah Vokasi/D3 Keperawatan,1,none,UHN_Keperawatan,1,Keperawatan_Diploma Tiga,1,Keperawatan_Baik,1,1.0
PMKM-0800,PMKM,Analis Kesehatan,Diploma 3,Baik,,,,,1,none,PMKM_Analis Kesehatan,1,Analis Kesehatan_Diploma 3,1,Analis Kesehatan_Baik,1,1.0
UHN-INV-0397,UHN,Farmasi,Diploma Tiga,Baik,3.03571428571429,Sangat Memuaskan,31 Januari 2026,Sekolah Vokasi/D3 Farmasi,0,accreditation_swap,UHN_Farmasi,1,Farmasi_Diploma Tiga,1,Farmasi_Baik,1,1.0
UHN-INV-0579,UHN,Analis Kesehatan,Diploma Tiga,Baik Sekali,3.74576271186441,Dengan Pujian,31 Januari 2026,Sekolah Vokasi/D3 Teknik Komputer,0,cross_institution_program,UHN_Analis Kesehatan,0,Analis Kesehatan_Diploma Tiga,0,Analis Kesehatan_Baik Sekali,0,0.0
UHN-0449,UHN,Farmasi,Diploma Tiga,Baik Sekali,3.85714285714286,Dengan Pujian,31 Januari 2026,Sekolah Vokasi/D3 Farmasi,1,none,UHN_Farmasi,1,Farmasi_Diploma Tiga,1,Farmasi_Baik Sekali,1,1.0
UHN-0446,UHN,Farmasi,Diploma Tiga,Baik Sekali,3.77678571428571,Dengan Pujian,31 Januari 2026,Sekolah Vokasi/D3 Farmasi,1,none,UHN_Farmasi,1,Farmasi_Diploma Tiga,1,Farmasi_Baik Sekali,1,1.0
PMKM-0772,PMKM,Analis Kesehatan,Diploma 3,Baik,,,,,1,none,PMKM_Analis Kesehatan,1,Analis Kesehatan_Diploma 3,1,Analis Kesehatan_Baik,1,1.0
UHN-0717,UHN,Teknik Informatika,Sarjana Terapan,Baik Sekali,3.58783783783784,Dengan Pujian,31 Januari 2026,Sekolah Vokasi/D4 Teknik Informatika,1,none,UHN_Teknik Informatika,1,Teknik Informatika_Sarjana Terapan,1,Teknik Informatika_Baik Sekali,1,1.0
UHN-INV-0233,UHN,Akuntansi,Sarjana Terapan,Baik Sekali,3.70796460176991,Dengan Pujian,5 Februari 2026,Sekolah Vokasi/D3 Akuntansi,0,education_level_swap,UHN_Akuntansi,1,Akuntansi_Sarjana Terapan,0,Akuntansi_Baik Sekali,1,0.6666666666666666
UHN-INV-0447,UHN,Manajemen Informatika,Diploma Tiga,Baik Sekali,3.51785714285714,Dengan Pujian,31 Januari 2026,Sekolah Vokasi/D3 Farmasi,0,cross_institution_program,UHN_Manajemen Informatika,0,Manajemen Informatika_Diploma Tiga,0,Manajemen Informatika_Baik Sekali,0,0.0
UHN-0001,UHN,Keperawatan,Diploma Tiga,Baik,3.61607142857143,Dengan Pujian,31 Januari 2026,Sekolah Vokasi/D3 Keperawatan,1,none,UHN_Keperawatan,1,Keperawatan_Diploma Tiga,1,Keperawatan_Baik,1,1.0
PMKM-INV-0035,PMKM,Analis Kesehatan,Diploma 3,Baik Sekali,,,,,0,accreditation_swap,PMKM_Analis Kesehatan,1,Analis Kesehatan_Diploma 3,1,Analis Kesehatan_Baik Sekali,0,0.6666666666666666
UHN-INV-0321,UHN,Analis Kesehatan,Diploma Tiga,Baik Sekali,3.79831932773109,Dengan Pujian,31 Januari 2026,Sekolah Vokasi/D3 Teknik Mesin,0,cross_institution_program,UHN_Analis Kesehatan,0,Analis Kesehatan_Diploma Tiga,0,Analis Kesehatan_Baik Sekali,0,0.0
UHN-0083,UHN,Teknik Informatika,Sarjana,Baik,3.83,Dengan Pujian,31 Januari 2026,Fakultas Sains dan Teknologi/S1 Teknik Informatika,1,none,UHN_Teknik Informatika,1,Teknik Informatika_Sarjana,1,Teknik Informatika_Baik,1,1.0
UHN-INV-0253,UHN,Akuntansi,Diploma Tiga,Terakreditasi,3.48672566371681,Sangat Memuaskan,5 Februari 2026,Sekolah Vokasi/D3 Akuntansi,0,accreditation_swap,UHN_Akuntansi,1,Akuntansi_Diploma Tiga,1,Akuntansi_Terakreditasi,0,0.6666666666666666
UHN-0677,UHN,Teknik Informatika,Sarjana Terapan,Baik Sekali,4.0,Dengan Pujian,31 Januari 2026,Sekolah Vokasi/D4 Teknik Informatika,1,none,UHN_Teknik Informatika,1,Teknik Informatika_Sarjana Terapan,1,Teknik Informatika_Baik Sekali,1,1.0
UHN-INV-0631,UHN,Teknik Komputer,Diploma Tiga,Baik,3.67796610169492,Dengan Pujian,31 Januari 2026,Sekolah Vokasi/D3 Teknik Komputer,0,accreditation_swap,UHN_Teknik Komputer,1,Teknik Komputer_Diploma Tiga,1,Teknik Komputer_Baik,0,0.6666666666666666
PMKM-0771,PMKM,Analis Kesehatan,Diploma 3,Baik,,,,,1,none,PMKM_Analis Kesehatan,1,Analis Kesehatan_Diploma 3,1,Analis Kesehatan_Baik,1,1.0
UHN-INV-0193,UHN,Akuntansi,Diploma Tiga,Terakreditasi,3.83185840707965,Dengan Pujian,5 Februari 2026,Sekolah Vokasi/D3 Akuntansi,0,accreditation_swap,UHN_Akuntansi,1,Akuntansi_Diploma Tiga,1,Akuntansi_Terakreditasi,0,0.6666666666666666
UHN-INV-0247,UHN,Akuntansi,Diploma Tiga,Baik,3.98230088495575,Dengan Pujian,5 Februari 2026,Sekolah Vokasi/D3 Akuntansi,0,accreditation_swap,UHN_Akuntansi,1,Akuntansi_Diploma Tiga,1,Akuntansi_Baik,0,0.6666666666666666
UHN-INV-0503,UHN,Akuntansi Sektor Publik,Diploma 3,Baik,3.63013698630137,Dengan Pujian,31 Januari 2026,Sekolah Vokasi/D4 Akuntansi Sektor Publik,0,education_level_swap,UHN_Akuntansi Sektor Publik,1,Akuntansi Sektor Publik_Diploma 3,0,Akuntansi Sektor Publik_Baik,1,0.6666666666666666
UHN-INV-0420,UHN,Manajemen Informatika,Diploma Tiga,Baik Sekali,3.55357142857143,Dengan Pujian,31 Januari 2026,Sekolah Vokasi/D3 Farmasi,0,cross_institution_program,UHN_Manajemen Informatika,0,Manajemen Informatika_Diploma Tiga,0,Manajemen Informatika_Baik Sekali,0,0.0
UHN-0405,UHN,Farmasi,Diploma Tiga,Baik Sekali,3.5,Sangat Memuaskan,31 Januari 2026,Sekolah Vokasi/D3 Farmasi,1,none,UHN_Farmasi,1,Farmasi_Diploma Tiga,1,Farmasi_Baik Sekali,1,1.0
UHN-INV-0630,UHN,Manajemen Informatika,Diploma Tiga,Baik Sekali,3.40677966101695,Sangat Memuaskan,31 Januari 2026,Sekolah Vokasi/D3 Teknik Komputer,0,cross_institution_program,UHN_Manajemen Informatika,0,Manajemen Informatika_Diploma Tiga,0,Manajemen Informatika_Baik Sekali,0,0.0
UHN-INV-0260,UHN,Akuntansi,Diploma 3,Baik Sekali,3.91150442477876,Dengan Pujian,5 Februari 2026,Sekolah Vokasi/D3 Akuntansi,0,education_level_swap,UHN_Akuntansi,1,Akuntansi_Diploma 3,0,Akuntansi_Baik Sekali,1,0.6666666666666666
UHN-0105,UHN,Desain Komunikasi Visual,Diploma Tiga,Baik,3.07964601769912,Sangat Memuaskan,31 Januari 2026,Sekolah Vokasi/D3 Desain Komunikasi Visual,1,none,UHN_Desain Komunikasi Visual,1,Desain Komunikasi Visual_Diploma Tiga,1,Desain Komunikasi Visual_Baik,1,1.0
UHN-0689,UHN,Teknik Informatika,Sarjana Terapan,Baik Sekali,3.2972972972973,Sangat Memuaskan,31 Januari 2026,Sekolah Vokasi/D4 Teknik Informatika,1,none,UHN_Teknik Informatika,1,Teknik Informatika_Sarjana Terapan,1,Teknik Informatika_Baik Sekali,1,1.0
UHN-INV-0428,UHN,Farmasi,Sarjana Terapan,Baik Sekali,2.94642857142857,Sangat Memuaskan,31 Januari 2026,Sekolah Vokasi/D3 Farmasi,0,education_level_swap,UHN_Farmasi,1,Farmasi_Sarjana Terapan,0,Farmasi_Baik Sekali,1,0.6666666666666666
PMKM-0827,PMKM,Farmasi,Diploma 3,Baik,,,,,1,none,PMKM_Farmasi,1,Farmasi_Diploma 3,1,Farmasi_Baik,1,1.0
UHN-0063,UHN,Teknik Informatika,Sarjana,Baik,3.76333333333333,Dengan Pujian,31 Januari 2026,Fakultas Sains dan Teknologi/S1 Teknik Informatika,1,none,UHN_Teknik Informatika,1,Teknik Informatika_Sarjana,1,Teknik Informatika_Baik,1,1.0
PMKM-0853,PMKM,Analis Kesehatan,Diploma 3,Baik,,,,,1,none,PMKM_Analis Kesehatan,1,Analis Kesehatan_Diploma 3,1,Analis Kesehatan_Baik,1,1.0
UHN-INV-0739,UHN,Teknik Informatika,Sarjana Terapan,Baik,3.2027027027027,Sangat Memuaskan,31 Januari 2026,Sekolah Vokasi/D4 Teknik Informatika,0,accreditation_swap,UHN_Teknik Informatika,1,Teknik Informatika_Sarjana Terapan,1,Teknik Informatika_Baik,1,1.0
UHN-0224,UHN,Akuntansi,Diploma Tiga,Baik Sekali,3.64601769911504,Dengan Pujian,5 Februari 2026,Sekolah Vokasi/D3 Akuntansi,1,none,UHN_Akuntansi,1,Akuntansi_Diploma Tiga,1,Akuntansi_Baik Sekali,1,1.0
UHN-0146,UHN,Kebidanan,Diploma Tiga,Baik Sekali,3.6218487394958,Dengan Pujian,31 Januari 2026,Sekolah Vokasi/D3 Kebidanan,1,none,UHN_Kebidanan,1,Kebidanan_Diploma Tiga,1,Kebidanan_Baik Sekali,1,1.0
UHN-0374,UHN,Farmasi,Diploma Tiga,Baik Sekali,3.11607142857143,Sangat Memuaskan,31 Januari 2026,Sekolah Vokasi/D3 Farmasi,1,none,UHN_Farmasi,1,Farmasi_Diploma Tiga,1,Farmasi_Baik Sekali,1,1.0
UHN-INV-0360,UHN,Analis Kesehatan,Diploma Tiga,Baik,3.675,Dengan Pujian,31 Januari 2026,Sekolah Vokasi/D3 Perhotelan,0,cross_institution_program,UHN_Analis Kesehatan,0,Analis Kesehatan_Diploma Tiga,0,Analis Kesehatan_Baik,1,0.3333333333333333
UHN-INV-0710,UHN,Teknik Informatika,Diploma Tiga,Baik Sekali,2.66891891891892,Memuaskan,31 Januari 2026,Sekolah Vokasi/D4 Teknik Informatika,0,education_level_swap,UHN_Teknik Informatika,1,Teknik Informatika_Diploma Tiga,0,Teknik Informatika_Baik Sekali,1,0.6666666666666666
UHN-INV-0425,UHN,Farmasi,Diploma 3,Baik Sekali,3.46428571428571,Sangat Memuaskan,31 Januari 2026,Sekolah Vokasi/D3 Farmasi,0,education_level_swap,UHN_Farmasi,1,Farmasi_Diploma 3,1,Farmasi_Baik Sekali,1,1.0
UHN-INV-0520,UHN,Teknik Komputer,Diploma Tiga,Terakreditasi,3.71186440677966,Dengan Pujian,31 Januari 2026,Sekolah Vokasi/D3 Teknik Komputer,0,accreditation_swap,UHN_Teknik Komputer,1,Teknik Komputer_Diploma Tiga,1,Teknik Komputer_Terakreditasi,0,0.6666666666666666
UHN-INV-0556,UHN,Teknik Komputer,Diploma Tiga,Baik,3.54237288135593,Dengan Pujian,31 Januari 2026,Sekolah Vokasi/D3 Teknik Komputer,0,accreditation_swap,UHN_Teknik Komputer,1,Teknik Komputer_Diploma Tiga,1,Teknik Komputer_Baik,0,0.6666666666666666
UHN-0010,UHN,Keperawatan,Diploma Tiga,Baik,3.54464285714286,Dengan Pujian,31 Januari 2026,Sekolah Vokasi/D3 Keperawatan,1,none,UHN_Keperawatan,1,Keperawatan_Diploma Tiga,1,Keperawatan_Baik,1,1.0
UHN-0450,UHN,Farmasi,Diploma Tiga,Baik Sekali,3.85714285714286,Dengan Pujian,31 Januari 2026,Sekolah Vokasi/D3 Farmasi,1,none,UHN_Farmasi,1,Farmasi_Diploma Tiga,1,Farmasi_Baik Sekali,1,1.0
UHN-0709,UHN,Teknik Informatika,Sarjana Terapan,Baik Sekali,3.58783783783784,Dengan Pujian,31 Januari 2026,Sekolah Vokasi/D4 Teknik Informatika,1,none,UHN_Teknik Informatika,1,Teknik Informatika_Sarjana Terapan,1,Teknik Informatika_Baik Sekali,1,1.0
UHN-0256,UHN,Akuntansi,Diploma Tiga,Baik Sekali,3.76991150442478,Dengan Pujian,5 Februari 2026,Sekolah Vokasi/D3 Akuntansi,1,none,UHN_Akuntansi,1,Akuntansi_Diploma Tiga,1,Akuntansi_Baik Sekali,1,1.0
UHN-INV-0021,UHN,Manajemen Informatika,Diploma Tiga,Baik,3.48214285714286,Sangat Memuaskan,31 Januari 2026,Sekolah Vokasi/D3 Keperawatan,0,cross_institution_program,UHN_Manajemen Informatika,0,Manajemen Informatika_Diploma Tiga,0,Manajemen Informatika_Baik,1,0.3333333333333333
UHN-0390,UHN,Farmasi,Diploma Tiga,Baik Sekali,3.27678571428571,Sangat Memuaskan,31 Januari 2026,Sekolah Vokasi/D3 Farmasi,1,none,UHN_Farmasi,1,Farmasi_Diploma Tiga,1,Farmasi_Baik Sekali,1,1.0
UHN-INV-0047,UHN,Sistem Informasi,Diploma 3,Baik,3.82,Dengan Pujian,31 Januari 2026,Fakultas Sains dan Teknologi/S1 Sistem Informasi,0,education_level_swap,UHN_Sistem Informasi,1,Sistem Informasi_Diploma 3,0,Sistem Informasi_Baik,1,0.6666666666666666
UHN-INV-0063,UHN,Analis Kesehatan,Sarjana,Baik,3.76333333333333,Dengan Pujian,31 Januari 2026,Fakultas Sains dan Teknologi/S1 Teknik Informatika,0,cross_institution_program,UHN_Analis Kesehatan,0,Analis Kesehatan_Sarjana,0,Analis Kesehatan_Baik,1,0.3333333333333333
UHN-INV-0611,UHN,Teknik Komputer,Diploma 3,Baik Sekali,3.6271186440678,Dengan Pujian,31 Januari 2026,Sekolah Vokasi/D3 Teknik Komputer,0,education_level_swap,UHN_Teknik Komputer,1,Teknik Komputer_Diploma 3,0,Teknik Komputer_Baik Sekali,1,0.6666666666666666
UHN-INV-0504,UHN,Manajemen Informatika,Sarjana Terapan,Baik,3.94520547945206,Dengan Pujian,31 Januari 2026,Sekolah Vokasi/D4 Akuntansi Sektor Publik,0,cross_institution_program,UHN_Manajemen Informatika,0,Manajemen Informatika_Sarjana Terapan,0,Manajemen Informatika_Baik,1,0.3333333333333333
UHN-0461,UHN,Farmasi,Diploma Tiga,Baik Sekali,3.47321428571429,Sangat Memuaskan,31 Januari 2026,Sekolah Vokasi/D3 Farmasi,1,none,UHN_Farmasi,1,Farmasi_Diploma Tiga,1,Farmasi_Baik Sekali,1,1.0
UHN-INV-0327,UHN,Analis Kesehatan,Diploma Tiga,Baik Sekali,3.10084033613445,Sangat Memuaskan,31 Januari 2026,Sekolah Vokasi/D3 Teknik Mesin,0,cross_institution_program,UHN_Analis Kesehatan,0,Analis Kesehatan_Diploma Tiga,0,Analis Kesehatan_Baik Sekali,0,0.0
UHN-INV-0097,UHN,Desain Komunikasi Visual,Diploma Tiga,Baik Sekali,2.76106194690266,Sangat Memuaskan,31 Januari 2026,Sekolah Vokasi/D3 Desain Komunikasi Visual,0,accreditation_swap,UHN_Desain Komunikasi Visual,1,Desain Komunikasi Visual_Diploma Tiga,1,Desain Komunikasi Visual_Baik Sekali,0,0.6666666666666666
UHN-0502,UHN,Akuntansi Sektor Publik,Sarjana Terapan,Baik,3.62328767123288,Dengan Pujian,31 Januari 2026,Sekolah Vokasi/D4 Akuntansi Sektor Publik,1,none,UHN_Akuntansi Sektor Publik,1,Akuntansi Sektor Publik_Sarjana Terapan,1,Akuntansi Sektor Publik_Baik,1,1.0
UHN-0740,UHN,Teknik Informatika,Sarjana Terapan,Baik Sekali,3.06756756756757,Sangat Memuaskan,31 Januari 2026,Sekolah Vokasi/D4 Teknik Informatika,1,none,UHN_Teknik Informatika,1,Teknik Informatika_Sarjana Terapan,1,Teknik Informatika_Baik Sekali,1,1.0
PMKM-INV-0067,PMKM,Teknik Informatika,Diploma 3,Baik,,,,,0,cross_institution_program,PMKM_Teknik Informatika,0,Teknik Informatika_Diploma 3,0,Teknik Informatika_Baik,1,0.3333333333333333
UHN-INV-0007,UHN,Keperawatan,Diploma Tiga,Baik Sekali,3.40178571428571,Sangat Memuaskan,31 Januari 2026,Sekolah Vokasi/D3 Keperawatan,0,accreditation_swap,UHN_Keperawatan,1,Keperawatan_Diploma Tiga,1,Keperawatan_Baik Sekali,0,0.6666666666666666
UHN-0732,UHN,Teknik Informatika,Sarjana Terapan,Baik Sekali,3.52702702702703,Dengan Pujian,31 Januari 2026,Sekolah Vokasi/D4 Teknik Informatika,1,none,UHN_Teknik Informatika,1,Teknik Informatika_Sarjana Terapan,1,Teknik Informatika_Baik Sekali,1,1.0
UHN-0540,UHN,Teknik Komputer,Diploma Tiga,Baik Sekali,3.33898305084746,Sangat Memuaskan,31 Januari 2026,Sekolah Vokasi/D3 Teknik Komputer,1,none,UHN_Teknik Komputer,1,Teknik Komputer_Diploma Tiga,1,Teknik Komputer_Baik Sekali,1,1.0
UHN-0698,UHN,Teknik Informatika,Sarjana Terapan,Baik Sekali,3.66216216216216,Dengan Pujian,31 Januari 2026,Sekolah Vokasi/D4 Teknik Informatika,1,none,UHN_Teknik Informatika,1,Teknik Informatika_Sarjana Terapan,1,Teknik Informatika_Baik Sekali,1,1.0
UHN-INV-0336,UHN,Analis Kesehatan,Diploma Tiga,Baik Sekali,3.69747899159664,Dengan Pujian,31 Januari 2026,Sekolah Vokasi/D3 Teknik Mesin,0,cross_institution_program,UHN_Analis Kesehatan,0,Analis Kesehatan_Diploma Tiga,0,Analis Kesehatan_Baik Sekali,0,0.0
UHN-INV-0572,UHN,Teknik Komputer,Sarjana Terapan,Baik Sekali,3.42372881355932,Sangat Memuaskan,31 Januari 2026,Sekolah Vokasi/D3 Teknik Komputer,0,education_level_swap,UHN_Teknik Komputer,1,Teknik Komputer_Sarjana Terapan,0,Teknik Komputer_Baik Sekali,1,0.6666666666666666
UHN-INV-0170,UHN,Akuntansi,Sarjana,Baik Sekali,3.85840707964602,Dengan Pujian,5 Februari 2026,Sekolah Vokasi/D3 Akuntansi,0,education_level_swap,UHN_Akuntansi,1,Akuntansi_Sarjana,0,Akuntansi_Baik Sekali,1,0.6666666666666666
UHN-0373,UHN,Farmasi,Diploma Tiga,Baik Sekali,3.67857142857143,Dengan Pujian,31 Januari 2026,Sekolah Vokasi/D3 Farmasi,1,none,UHN_Farmasi,1,Farmasi_Diploma Tiga,1,Farmasi_Baik Sekali,1,1.0
UHN-0668,UHN,Teknik Informatika,Sarjana Terapan,Baik Sekali,3.5945945945946,Dengan Pujian,31 Januari 2026,Sekolah Vokasi/D4 Teknik Informatika,1,none,UHN_Teknik Informatika,1,Teknik Informatika_Sarjana Terapan,1,Teknik Informatika_Baik Sekali,1,1.0
UHN-INV-0454,UHN,Farmasi,Diploma Tiga,Terakreditasi,3.19642857142857,Sangat Memuaskan,31 Januari 2026,Sekolah Vokasi/D3 Farmasi,0,accreditation_swap,UHN_Farmasi,1,Farmasi_Diploma Tiga,1,Farmasi_Terakreditasi,0,0.6666666666666666
UHN-0358,UHN,Teknik Elektronika,Diploma Tiga,Terakreditasi,3.85593220338983,Dengan Pujian,31 Januari 2026,Sekolah Vokasi/D3 Teknik Elektronika,1,none,UHN_Teknik Elektronika,1,Teknik Elektronika_Diploma Tiga,1,Teknik Elektronika_Terakreditasi,1,1.0
UHN-INV-0106,UHN,Desain Komunikasi Visual,Diploma Tiga,Terakreditasi,2.92035398230089,Sangat Memuaskan,31 Januari 2026,Sekolah Vokasi/D3 Desain Komunikasi Visual,0,accreditation_swap,UHN_Desain Komunikasi Visual,1,Desain Komunikasi Visual_Diploma Tiga,1,Desain Komunikasi Visual_Terakreditasi,0,0.6666666666666666
PMKM-0784,PMKM,Analis Kesehatan,Diploma 3,Baik,,,,,1,none,PMKM_Analis Kesehatan,1,Analis Kesehatan_Diploma 3,1,Analis Kesehatan_Baik,1,1.0
UHN-0736,UHN,Teknik Informatika,Sarjana Terapan,Baik Sekali,3.85135135135135,Dengan Pujian,31 Januari 2026,Sekolah Vokasi/D4 Teknik Informatika,1,none,UHN_Teknik Informatika,1,Teknik Informatika_Sarjana Terapan,1,Teknik Informatika_Baik Sekali,1,1.0
UHN-INV-0174,UHN,Analis Kesehatan,Diploma Tiga,Baik Sekali,3.95575221238938,Dengan Pujian,5 Februari 2026,Sekolah Vokasi/D3 Akuntansi,0,cross_institution_program,UHN_Analis Kesehatan,0,Analis Kesehatan_Diploma Tiga,0,Analis Kesehatan_Baik Sekali,0,0.0
UHN-INV-0109,UHN,Desain Komunikasi Visual,Diploma Tiga,Terakreditasi,2.67256637168142,Memuaskan,31 Januari 2026,Sekolah Vokasi/D3 Desain Komunikasi Visual,0,accreditation_swap,UHN_Desain Komunikasi Visual,1,Desain Komunikasi Visual_Diploma Tiga,1,Desain Komunikasi Visual_Terakreditasi,0,0.6666666666666666
UHN-INV-0453,UHN,Analis Kesehatan,Diploma Tiga,Baik Sekali,3.6875,Dengan Pujian,31 Januari 2026,Sekolah Vokasi/D3 Farmasi,0,cross_institution_program,UHN_Analis Kesehatan,0,Analis Kesehatan_Diploma Tiga,0,Analis Kesehatan_Baik Sekali,0,0.0
UHN-INV-0486,UHN,Analis Kesehatan,Diploma Tiga,Baik Sekali,3.60714285714286,Dengan Pujian,31 Januari 2026,Sekolah Vokasi/D3 Farmasi,0,cross_institution_program,UHN_Analis Kesehatan,0,Analis Kesehatan_Diploma Tiga,0,Analis Kesehatan_Baik Sekali,0,0.0
UHN-INV-0422,UHN,Farmasi,Diploma 3,Baik Sekali,3.33928571428571,Sangat Memuaskan,31 Januari 2026,Sekolah Vokasi/D3 Farmasi,0,education_level_swap,UHN_Farmasi,1,Farmasi_Diploma 3,1,Farmasi_Baik Sekali,1,1.0
UHN-INV-0622,UHN,Teknik Komputer,Diploma Tiga,Terakreditasi,3.52542372881356,Dengan Pujian,31 Januari 2026,Sekolah Vokasi/D3 Teknik Komputer,0,accreditation_swap,UHN_Teknik Komputer,1,Teknik Komputer_Diploma Tiga,1,Teknik Komputer_Terakreditasi,0,0.6666666666666666
PMKM-INV-0104,PMKM,Analis Kesehatan,Diploma 3,Terakreditasi,,,,,0,accreditation_swap,PMKM_Analis Kesehatan,1,Analis Kesehatan_Diploma 3,1,Analis Kesehatan_Terakreditasi,0,0.6666666666666666
UHN-INV-0024,UHN,Analis Kesehatan,Diploma Tiga,Baik,3.8125,Dengan Pujian,31 Januari 2026,Sekolah Vokasi/D3 Keperawatan,0,cross_institution_program,UHN_Analis Kesehatan,0,Analis Kesehatan_Diploma Tiga,0,Analis Kesehatan_Baik,1,0.3333333333333333
UHN-0080,UHN,Teknik Informatika,Sarjana,Baik,3.74666666666667,Dengan Pujian,31 Januari 2026,Fakultas Sains dan Teknologi/S1 Teknik Informatika,1,none,UHN_Teknik Informatika,1,Teknik Informatika_Sarjana,1,Teknik Informatika_Baik,1,1.0
PMKM-0815,PMKM,Analis Kesehatan,Diploma 3,Baik,,,,,1,none,PMKM_Analis Kesehatan,1,Analis Kesehatan_Diploma 3,1,Analis Kesehatan_Baik,1,1.0
UHN-INV-0251,UHN,Akuntansi,Sarjana,Baik Sekali,3.42477876106195,Sangat Memuaskan,5 Februari 2026,Sekolah Vokasi/D3 Akuntansi,0,education_level_swap,UHN_Akuntansi,1,Akuntansi_Sarjana,0,Akuntansi_Baik Sekali,1,0.6666666666666666
UHN-0672,UHN,Teknik Informatika,Sarjana Terapan,Baik Sekali,3.42567567567568,Sangat Memuaskan,31 Januari 2026,Sekolah Vokasi/D4 Teknik Informatika,1,none,UHN_Teknik Informatika,1,Teknik Informatika_Sarjana Terapan,1,Teknik Informatika_Baik Sekali,1,1.0
UHN-INV-0585,UHN,Analis Kesehatan,Diploma Tiga,Baik Sekali,3.57627118644068,Dengan Pujian,31 Januari 2026,Sekolah Vokasi/D3 Teknik Komputer,0,cross_institution_program,UHN_Analis Kesehatan,0,Analis Kesehatan_Diploma Tiga,0,Analis Kesehatan_Baik Sekali,0,0.0
UHN-0058,UHN,Teknik Informatika,Sarjana,Baik,3.63,Dengan Pujian,31 Januari 2026,Fakultas Sains dan Teknologi/S1 Teknik Informatika,1,none,UHN_Teknik Informatika,1,Teknik Informatika_Sarjana,1,Teknik Informatika_Baik,1,1.0
UHN-0134,UHN,Desain Komunikasi Visual,Diploma Tiga,Baik,3.38938053097345,Sangat Memuaskan,31 Januari 2026,Sekolah Vokasi/D3 Desain Komunikasi Visual,1,none,UHN_Desain Komunikasi Visual,1,Desain Komunikasi Visual_Diploma Tiga,1,Desain Komunikasi Visual_Baik,1,1.0
UHN-INV-0072,UHN,Analis Kesehatan,Sarjana,Baik,3.87666666666667,Dengan Pujian,31 Januari 2026,Fakultas Sains dan Teknologi/S1 Teknik Informatika,0,cross_institution_program,UHN_Analis Kesehatan,0,Analis Kesehatan_Sarjana,0,Analis Kesehatan_Baik,1,0.3333333333333333
UHN-INV-0593,UHN,Teknik Komputer,Sarjana,Baik Sekali,3.57627118644068,Dengan Pujian,31 Januari 2026,Sekolah Vokasi/D3 Teknik Komputer,0,education_level_swap,UHN_Teknik Komputer,1,Teknik Komputer_Sarjana,0,Teknik Komputer_Baik Sekali,1,0.6666666666666666
PMKM-0824,PMKM,Analis Kesehatan,Diploma 3,Baik,,,,,1,none,PMKM_Analis Kesehatan,1,Analis Kesehatan_Diploma 3,1,Analis Kesehatan_Baik,1,1.0
UHN-0505,UHN,Akuntansi Sektor Publik,Sarjana Terapan,Baik,3.33561643835616,Sangat Memuaskan,31 Januari 2026,Sekolah Vokasi/D4 Akuntansi Sektor Publik,1,none,UHN_Akuntansi Sektor Publik,1,Akuntansi Sektor Publik_Sarjana Terapan,1,Akuntansi Sektor Publik_Baik,1,1.0
UHN-INV-0672,UHN,Manajemen Informatika,Sarjana Terapan,Baik Sekali,3.42567567567568,Sangat Memuaskan,31 Januari 2026,Sekolah Vokasi/D4 Teknik Informatika,0,cross_institution_program,UHN_Manajemen Informatika,0,Manajemen Informatika_Sarjana Terapan,0,Manajemen Informatika_Baik Sekali,0,0.0
UHN-0348,UHN,Teknik Elektronika,Diploma Tiga,Terakreditasi,3.61016949152542,Dengan Pujian,31 Januari 2026,Sekolah Vokasi/D3 Teknik Elektronika,1,none,UHN_Teknik Elektronika,1,Teknik Elektronika_Diploma Tiga,1,Teknik Elektronika_Terakreditasi,1,1.0
UHN-0387,UHN,Farmasi,Diploma Tiga,Baik Sekali,3.82142857142857,Dengan Pujian,31 Januari 2026,Sekolah Vokasi/D3 Farmasi,1,none,UHN_Farmasi,1,Farmasi_Diploma Tiga,1,Farmasi_Baik Sekali,1,1.0
UHN-INV-0163,UHN,Akuntansi,Diploma Tiga,Terakreditasi,3.44247787610619,Sangat Memuaskan,5 Februari 2026,Sekolah Vokasi/D3 Akuntansi,0,accreditation_swap,UHN_Akuntansi,1,Akuntansi_Diploma Tiga,1,Akuntansi_Terakreditasi,0,0.6666666666666666
UHN-INV-0033,UHN,Manajemen Informatika,Diploma Tiga,Baik,3.66964285714286,Dengan Pujian,31 Januari 2026,Sekolah Vokasi/D3 Keperawatan,0,cross_institution_program,UHN_Manajemen Informatika,0,Manajemen Informatika_Diploma Tiga,0,Manajemen Informatika_Baik,1,0.3333333333333333
PMKM-0829,PMKM,Farmasi,Diploma 3,Baik,,,,,1,none,PMKM_Farmasi,1,Farmasi_Diploma 3,1,Farmasi_Baik,1,1.0
PMKM-INV-0018,PMKM,Farmasi,Sarjana,Baik,,,,,0,education_level_swap,PMKM_Farmasi,1,Farmasi_Sarjana,0,Farmasi_Baik,1,0.6666666666666666
UHN-0476,UHN,Farmasi,Diploma Tiga,Baik Sekali,3.72321428571429,Dengan Pujian,31 Januari 2026,Sekolah Vokasi/D3 Farmasi,1,none,UHN_Farmasi,1,Farmasi_Diploma Tiga,1,Farmasi_Baik Sekali,1,1.0
UHN-INV-0404,UHN,Farmasi,Diploma 3,Baik Sekali,3.40178571428571,Sangat Memuaskan,31 Januari 2026,Sekolah Vokasi/D3 Farmasi,0,education_level_swap,UHN_Farmasi,1,Farmasi_Diploma 3,1,Farmasi_Baik Sekali,1,1.0
UHN-INV-0340,UHN,Teknik Elektronika,Diploma Tiga,Baik,3.66949152542373,Dengan Pujian,31 Januari 2026,Sekolah Vokasi/D3 Teknik Elektronika,0,accreditation_swap,UHN_Teknik Elektronika,1,Teknik Elektronika_Diploma Tiga,1,Teknik Elektronika_Baik,0,0.6666666666666666
UHN-0653,UHN,Teknik Komputer,Diploma Tiga,Baik Sekali,3.55932203389831,Dengan Pujian,31 Januari 2026,Sekolah Vokasi/D3 Teknik Komputer,1,none,UHN_Teknik Komputer,1,Teknik Komputer_Diploma Tiga,1,Teknik Komputer_Baik Sekali,1,1.0
UHN-0173,UHN,Akuntansi,Diploma Tiga,Baik Sekali,3.52212389380531,Dengan Pujian,5 Februari 2026,Sekolah Vokasi/D3 Akuntansi,1,none,UHN_Akuntansi,1,Akuntansi_Diploma Tiga,1,Akuntansi_Baik Sekali,1,1.0
UHN-0039,UHN,Keperawatan,Diploma Tiga,Baik,3.76785714285714,Dengan Pujian,31 Januari 2026,Sekolah Vokasi/D3 Keperawatan,1,none,UHN_Keperawatan,1,Keperawatan_Diploma Tiga,1,Keperawatan_Baik,1,1.0
UHN-0714,UHN,Teknik Informatika,Sarjana Terapan,Baik Sekali,3.68243243243243,Dengan Pujian,31 Januari 2026,Sekolah Vokasi/D4 Teknik Informatika,1,none,UHN_Teknik Informatika,1,Teknik Informatika_Sarjana Terapan,1,Teknik Informatika_Baik Sekali,1,1.0
UHN-0091,UHN,Desain Komunikasi Visual,Diploma Tiga,Baik,3.41592920353982,Sangat Memuaskan,31 Januari 2026,Sekolah Vokasi/D3 Desain Komunikasi Visual,1,none,UHN_Desain Komunikasi Visual,1,Desain Komunikasi Visual_Diploma Tiga,1,Desain Komunikasi Visual_Baik,1,1.0
PMKM-INV-0058,PMKM,Desain Komunikasi Visual,Diploma 3,Baik,,,,,0,cross_institution_program,PMKM_Desain Komunikasi Visual,0,Desain Komunikasi Visual_Diploma 3,0,Desain Komunikasi Visual_Baik,1,0.3333333333333333
UHN-INV-0014,UHN,Keperawatan,Sarjana,Baik,3.625,Dengan Pujian,31 Januari 2026,Sekolah Vokasi/D3 Keperawatan,0,education_level_swap,UHN_Keperawatan,1,Keperawatan_Sarjana,0,Keperawatan_Baik,1,0.6666666666666666
UHN-INV-0299,UHN,Teknik Mesin,Sarjana,Baik Sekali,3.68067226890756,Dengan Pujian,31 Januari 2026,Sekolah Vokasi/D3 Teknik Mesin,0,education_level_swap,UHN_Teknik Mesin,1,Teknik Mesin_Sarjana,0,Teknik Mesin_Baik Sekali,1,0.6666666666666666
UHN-INV-0232,UHN,Akuntansi,Diploma Tiga,Terakreditasi,3.53982300884956,Dengan Pujian,5 Februari 2026,Sekolah Vokasi/D3 Akuntansi,0,accreditation_swap,UHN_Akuntansi,1,Akuntansi_Diploma Tiga,1,Akuntansi_Terakreditasi,0,0.6666666666666666
UHN-INV-0596,UHN,Teknik Komputer,Diploma 3,Baik Sekali,3.86440677966102,Dengan Pujian,31 Januari 2026,Sekolah Vokasi/D3 Teknik Komputer,0,education_level_swap,UHN_Teknik Komputer,1,Teknik Komputer_Diploma 3,0,Teknik Komputer_Baik Sekali,1,0.6666666666666666
PMKM-INV-0076,PMKM,Teknik Komputer,Diploma 3,Baik,,,,,0,cross_institution_program,PMKM_Teknik Komputer,0,Teknik Komputer_Diploma 3,0,Teknik Komputer_Baik,0,0.0
UHN-0500,UHN,Akuntansi Sektor Publik,Sarjana Terapan,Baik,3.70547945205479,Dengan Pujian,31 Januari 2026,Sekolah Vokasi/D4 Akuntansi Sektor Publik,1,none,UHN_Akuntansi Sektor Publik,1,Akuntansi Sektor Publik_Sarjana Terapan,1,Akuntansi Sektor Publik_Baik,1,1.0
UHN-0339,UHN,Teknik Elektronika,Diploma Tiga,Terakreditasi,3.66101694915254,Dengan Pujian,31 Januari 2026,Sekolah Vokasi/D3 Teknik Elektronika,1,none,UHN_Teknik Elektronika,1,Teknik Elektronika_Diploma Tiga,1,Teknik Elektronika_Terakreditasi,1,1.0
UHN-0029,UHN,Keperawatan,Diploma Tiga,Baik,3.58928571428571,Dengan Pujian,31 Januari 2026,Sekolah Vokasi/D3 Keperawatan,1,none,UHN_Keperawatan,1,Keperawatan_Diploma Tiga,1,Keperawatan_Baik,1,1.0
UHN-INV-0492,UHN,Manajemen Informatika,Diploma Tiga,Baik Sekali,3.61607142857143,Dengan Pujian,31 Januari 2026,Sekolah Vokasi/D3 Farmasi,0,cross_institution_program,UHN_Manajemen Informatika,0,Manajemen Informatika_Diploma Tiga,0,Manajemen Informatika_Baik Sekali,0,0.0
UHN-INV-0704,UHN,Teknik Informatika,Diploma 3,Baik Sekali,3.86486486486487,Dengan Pujian,31 Januari 2026,Sekolah Vokasi/D4 Teknik Informatika,0,education_level_swap,UHN_Teknik Informatika,1,Teknik Informatika_Diploma 3,0,Teknik Informatika_Baik Sekali,1,0.6666666666666666
UHN-INV-0084,UHN,Manajemen Informatika,Sarjana,Baik,3.76,Dengan Pujian,31 Januari 2026,Fakultas Sains dan Teknologi/S1 Teknik Informatika,0,cross_institution_program,UHN_Manajemen Informatika,0,Manajemen Informatika_Sarjana,0,Manajemen Informatika_Baik,1,0.3333333333333333
UHN-0170,UHN,Akuntansi,Diploma Tiga,Baik Sekali,3.85840707964602,Dengan Pujian,5 Februari 2026,Sekolah Vokasi/D3 Akuntansi,1,none,UHN_Akuntansi,1,Akuntansi_Diploma Tiga,1,Akuntansi_Baik Sekali,1,1.0
UHN-INV-0051,UHN,Analis Kesehatan,Sarjana,Baik,3.83,Dengan Pujian,31 Januari 2026,Fakultas Sains dan Teknologi/S1 Sistem Informasi,0,cross_institution_program,UHN_Analis Kesehatan,0,Analis Kesehatan_Sarjana,0,Analis Kesehatan_Baik,1,0.3333333333333333
UHN-0492,UHN,Farmasi,Diploma Tiga,Baik Sekali,3.61607142857143,Dengan Pujian,31 Januari 2026,Sekolah Vokasi/D3 Farmasi,1,none,UHN_Farmasi,1,Farmasi_Diploma Tiga,1,Farmasi_Baik Sekali,1,1.0
UHN-INV-0092,UHN,Desain Komunikasi Visual,Diploma 3,Baik,3.35398230088496,Sangat Memuaskan,31 Januari 2026,Sekolah Vokasi/D3 Desain Komunikasi Visual,0,education_level_swap,UHN_Desain Komunikasi Visual,1,Desain Komunikasi Visual_Diploma 3,0,Desain Komunikasi Visual_Baik,1,0.6666666666666666
UHN-INV-0236,UHN,Akuntansi,Sarjana Terapan,Baik Sekali,3.78761061946903,Dengan Pujian,5 Februari 2026,Sekolah Vokasi/D3 Akuntansi,0,education_level_swap,UHN_Akuntansi,1,Akuntansi_Sarjana Terapan,0,Akuntansi_Baik Sekali,1,0.6666666666666666
UHN-INV-0171,UHN,Analis Kesehatan,Diploma Tiga,Baik Sekali,3.63716814159292,Dengan Pujian,5 Februari 2026,Sekolah Vokasi/D3 Akuntansi,0,cross_institution_program,UHN_Analis Kesehatan,0,Analis Kesehatan_Diploma Tiga,0,Analis Kesehatan_Baik Sekali,0,0.0
UHN-0588,UHN,Teknik Komputer,Diploma Tiga,Baik Sekali,3.83050847457627,Dengan Pujian,31 Januari 2026,Sekolah Vokasi/D3 Teknik Komputer,1,none,UHN_Teknik Komputer,1,Teknik Komputer_Diploma Tiga,1,Teknik Komputer_Baik Sekali,1,1.0
PMKM-0751,PMKM,Farmasi,Diploma 3,Baik,,,,,1,none,PMKM_Farmasi,1,Farmasi_Diploma 3,1,Farmasi_Baik,1,1.0
UHN-0658,UHN,Teknik Komputer,Diploma Tiga,Baik Sekali,3.8135593220339,Dengan Pujian,31 Januari 2026,Sekolah Vokasi/D3 Teknik Komputer,1,none,UHN_Teknik Komputer,1,Teknik Komputer_Diploma Tiga,1,Teknik Komputer_Baik Sekali,1,1.0
UHN-0235,UHN,Akuntansi,Diploma Tiga,Baik Sekali,3.61061946902655,Dengan Pujian,5 Februari 2026,Sekolah Vokasi/D3 Akuntansi,1,none,UHN_Akuntansi,1,Akuntansi_Diploma Tiga,1,Akuntansi_Baik Sekali,1,1.0
UHN-0733,UHN,Teknik Informatika,Sarjana Terapan,Baik Sekali,3.61486486486487,Dengan Pujian,31 Januari 2026,Sekolah Vokasi/D4 Teknik Informatika,1,none,UHN_Teknik Informatika,1,Teknik Informatika_Sarjana Terapan,1,Teknik Informatika_Baik Sekali,1,1.0
UHN-INV-0696,UHN,Analis Kesehatan,Sarjana Terapan,Baik Sekali,3.61486486486487,Dengan Pujian,31 Januari 2026,Sekolah Vokasi/D4 Teknik Informatika,0,cross_institution_program,UHN_Analis Kesehatan,0,Analis Kesehatan_Sarjana Terapan,0,Analis Kesehatan_Baik Sekali,0,0.0
UHN-INV-0543,UHN,Analis Kesehatan,Diploma Tiga,Baik Sekali,3.49152542372881,Sangat Memuaskan,31 Januari 2026,Sekolah Vokasi/D3 Teknik Komputer,0,cross_institution_program,UHN_Analis Kesehatan,0,Analis Kesehatan_Diploma Tiga,0,Analis Kesehatan_Baik Sekali,0,0.0
UHN-INV-0073,UHN,Teknik Informatika,Sarjana,Terakreditasi,3.71666666666667,Dengan Pujian,31 Januari 2026,Fakultas Sains dan Teknologi/S1 Teknik Informatika,0,accreditation_swap,UHN_Teknik Informatika,1,Teknik Informatika_Sarjana,1,Teknik Informatika_Terakreditasi,0,0.6666666666666666
UHN-INV-0204,UHN,Manajemen Informatika,Diploma Tiga,Baik Sekali,3.86725663716814,Dengan Pujian,5 Februari 2026,Sekolah Vokasi/D3 Akuntansi,0,cross_institution_program,UHN_Manajemen Informatika,0,Manajemen Informatika_Diploma Tiga,0,Manajemen Informatika_Baik Sekali,0,0.0
UHN-0109,UHN,Desain Komunikasi Visual,Diploma Tiga,Baik,2.67256637168142,Memuaskan,31 Januari 2026,Sekolah Vokasi/D3 Desain Komunikasi Visual,1,none,UHN_Desain Komunikasi Visual,1,Desain Komunikasi Visual_Diploma Tiga,1,Desain Komunikasi Visual_Baik,1,1.0
UHN-INV-0469,UHN,Farmasi,Diploma Tiga,Terakreditasi,3.16071428571429,Sangat Memuaskan,31 Januari 2026,Sekolah Vokasi/D3 Farmasi,0,accreditation_swap,UHN_Farmasi,1,Farmasi_Diploma Tiga,1,Farmasi_Terakreditasi,0,0.6666666666666666
UHN-0569,UHN,Teknik Komputer,Diploma Tiga,Baik Sekali,3.91525423728814,Dengan Pujian,31 Januari 2026,Sekolah Vokasi/D3 Teknik Komputer,1,none,UHN_Teknik Komputer,1,Teknik Komputer_Diploma Tiga,1,Teknik Komputer_Baik Sekali,1,1.0
UHN-INV-0029,UHN,Keperawatan,Sarjana,Baik,3.58928571428571,Dengan Pujian,31 Januari 2026,Sekolah Vokasi/D3 Keperawatan,0,education_level_swap,UHN_Keperawatan,1,Keperawatan_Sarjana,0,Keperawatan_Baik,1,0.6666666666666666
UHN-INV-0086,UHN,Teknik Informatika,Diploma 3,Baik,3.43333333333333,Sangat Memuaskan,31 Januari 2026,Fakultas Sains dan Teknologi/S1 Teknik Informatika,0,education_level_swap,UHN_Teknik Informatika,1,Teknik Informatika_Diploma 3,0,Teknik Informatika_Baik,1,0.6666666666666666
UHN-INV-0187,UHN,Akuntansi,Diploma Tiga,Terakreditasi,3.88495575221239,Dengan Pujian,5 Februari 2026,Sekolah Vokasi/D3 Akuntansi,0,accreditation_swap,UHN_Akuntansi,1,Akuntansi_Diploma Tiga,1,Akuntansi_Terakreditasi,0,0.6666666666666666
UHN-INV-0300,UHN,Manajemen Informatika,Diploma Tiga,Baik Sekali,3.45378151260504,Sangat Memuaskan,31 Januari 2026,Sekolah Vokasi/D3 Teknik Mesin,0,cross_institution_program,UHN_Manajemen Informatika,0,Manajemen Informatika_Diploma Tiga,0,Manajemen Informatika_Baik Sekali,0,0.0
UHN-INV-0317,UHN,Teknik Mesin,Sarjana,Baik Sekali,3.12605042016807,Sangat Memuaskan,31 Januari 2026,Sekolah Vokasi/D3 Teknik Mesin,0,education_level_swap,UHN_Teknik Mesin,1,Teknik Mesin_Sarjana,0,Teknik Mesin_Baik Sekali,1,0.6666666666666666
UHN-INV-0383,UHN,Farmasi,Sarjana Terapan,Baik Sekali,3.07142857142857,Sangat Memuaskan,31 Januari 2026,Sekolah Vokasi/D3 Farmasi,0,education_level_swap,UHN_Farmasi,1,Farmasi_Sarjana Terapan,0,Farmasi_Baik Sekali,1,0.6666666666666666
UHN-INV-0023,UHN,Keperawatan,Sarjana,Baik,3.64285714285714,Dengan Pujian,31 Januari 2026,Sekolah Vokasi/D3 Keperawatan,0,education_level_swap,UHN_Keperawatan,1,Keperawatan_Sarjana,0,Keperawatan_Baik,1,0.6666666666666666
UHN-INV-0583,UHN,Teknik Komputer,Diploma Tiga,Baik,3.67796610169492,Dengan Pujian,31 Januari 2026,Sekolah Vokasi/D3 Teknik Komputer,0,accreditation_swap,UHN_Teknik Komputer,1,Teknik Komputer_Diploma Tiga,1,Teknik Komputer_Baik,0,0.6666666666666666
PMKM-0851,PMKM,Analis Kesehatan,Diploma 3,Baik,,,,,1,none,PMKM_Analis Kesehatan,1,Analis Kesehatan_Diploma 3,1,Analis Kesehatan_Baik,1,1.0
UHN-0735,UHN,Teknik Informatika,Sarjana Terapan,Baik Sekali,2.89864864864865,Sangat Memuaskan,31 Januari 2026,Sekolah Vokasi/D4 Teknik Informatika,1,none,UHN_Teknik Informatika,1,Teknik Informatika_Sarjana Terapan,1,Teknik Informatika_Baik Sekali,1,1.0
UHN-0718,UHN,Teknik Informatika,Sarjana Terapan,Baik Sekali,3.08783783783784,Sangat Memuaskan,31 Januari 2026,Sekolah Vokasi/D4 Teknik Informatika,1,none,UHN_Teknik Informatika,1,Teknik Informatika_Sarjana Terapan,1,Teknik Informatika_Baik Sekali,1,1.0
UHN-0455,UHN,Farmasi,Diploma Tiga,Baik Sekali,3.45535714285714,Sangat Memuaskan,31 Januari 2026,Sekolah Vokasi/D3 Farmasi,1,none,UHN_Farmasi,1,Farmasi_Diploma Tiga,1,Farmasi_Baik Sekali,1,1.0
UHN-0265,UHN,Akuntansi,Diploma Tiga,Baik Sekali,3.91150442477876,Dengan Pujian,5 Februari 2026,Sekolah Vokasi/D3 Akuntansi,1,none,UHN_Akuntansi,1,Akuntansi_Diploma Tiga,1,Akuntansi_Baik Sekali,1,1.0
UHN-0076,UHN,Teknik Informatika,Sarjana,Baik,3.77,Dengan Pujian,31 Januari 2026,Fakultas Sains dan Teknologi/S1 Teknik Informatika,1,none,UHN_Teknik Informatika,1,Teknik Informatika_Sarjana,1,Teknik Informatika_Baik,1,1.0
UHN-0445,UHN,Farmasi,Diploma Tiga,Baik Sekali,3.60714285714286,Dengan Pujian,31 Januari 2026,Sekolah Vokasi/D3 Farmasi,1,none,UHN_Farmasi,1,Farmasi_Diploma Tiga,1,Farmasi_Baik Sekali,1,1.0
UHN-0396,UHN,Farmasi,Diploma Tiga,Baik Sekali,3.28571428571429,Sangat Memuaskan,31 Januari 2026,Sekolah Vokasi/D3 Farmasi,1,none,UHN_Farmasi,1,Farmasi_Diploma Tiga,1,Farmasi_Baik Sekali,1,1.0
UHN-0177,UHN,Akuntansi,Diploma Tiga,Baik Sekali,3.89380530973451,Dengan Pujian,5 Februari 2026,Sekolah Vokasi/D3 Akuntansi,1,none,UHN_Akuntansi,1,Akuntansi_Diploma Tiga,1,Akuntansi_Baik Sekali,1,1.0
UHN-INV-0181,UHN,Akuntansi,Diploma Tiga,Baik,3.9646017699115,Dengan Pujian,5 Februari 2026,Sekolah Vokasi/D3 Akuntansi,0,accreditation_swap,UHN_Akuntansi,1,Akuntansi_Diploma Tiga,1,Akuntansi_Baik,0,0.6666666666666666
UHN-INV-0637,UHN,Teknik Komputer,Diploma Tiga,Terakreditasi,3.57627118644068,Dengan Pujian,31 Januari 2026,Sekolah Vokasi/D3 Teknik Komputer,0,accreditation_swap,UHN_Teknik Komputer,1,Teknik Komputer_Diploma Tiga,1,Teknik Komputer_Terakreditasi,0,0.6666666666666666
UHN-INV-0343,UHN,Teknik Elektronika,Diploma Tiga,Baik Sekali,3.07627118644068,Sangat Memuaskan,31 Januari 2026,Sekolah Vokasi/D3 Teknik Elektronika,0,accreditation_swap,UHN_Teknik Elektronika,1,Teknik Elektronika_Diploma Tiga,1,Teknik Elektronika_Baik Sekali,0,0.6666666666666666
UHN-INV-0666,UHN,Analis Kesehatan,Sarjana Terapan,Baik Sekali,3.52702702702703,Dengan Pujian,31 Januari 2026,Sekolah Vokasi/D4 Teknik Informatika,0,cross_institution_program,UHN_Analis Kesehatan,0,Analis Kesehatan_Sarjana Terapan,0,Analis Kesehatan_Baik Sekali,0,0.0
UHN-0596,UHN,Teknik Komputer,Diploma Tiga,Baik Sekali,3.86440677966102,Dengan Pujian,31 Januari 2026,Sekolah Vokasi/D3 Teknik Komputer,1,none,UHN_Teknik Komputer,1,Teknik Komputer_Diploma Tiga,1,Teknik Komputer_Baik Sekali,1,1.0
UHN-0062,UHN,Teknik Informatika,Sarjana,Baik,3.80333333333333,Dengan Pujian,31 Januari 2026,Fakultas Sains dan Teknologi/S1 Teknik Informatika,1,none,UHN_Teknik Informatika,1,Teknik Informatika_Sarjana,1,Teknik Informatika_Baik,1,1.0
UHN-INV-0011,UHN,Keperawatan,Sarjana,Baik,3.36607142857143,Sangat Memuaskan,31 Januari 2026,Sekolah Vokasi/D3 Keperawatan,0,education_level_swap,UHN_Keperawatan,1,Keperawatan_Sarjana,0,Keperawatan_Baik,1,0.6666666666666666
UHN-INV-0660,UHN,Manajemen Informatika,Diploma Tiga,Baik Sekali,3.66101694915254,Dengan Pujian,31 Januari 2026,Sekolah Vokasi/D3 Teknik Komputer,0,cross_institution_program,UHN_Manajemen Informatika,0,Manajemen Informatika_Diploma Tiga,0,Manajemen Informatika_Baik Sekali,0,0.0
PMKM-INV-0008,PMKM,Farmasi,Diploma 3,Terakreditasi,,,,,0,accreditation_swap,PMKM_Farmasi,1,Farmasi_Diploma 3,1,Farmasi_Terakreditasi,0,0.6666666666666666
UHN-0279,UHN,Akuntansi,Diploma Tiga,Baik Sekali,3.50442477876106,Sangat Memuaskan,5 Februari 2026,Sekolah Vokasi/D3 Akuntansi,1,none,UHN_Akuntansi,1,Akuntansi_Diploma Tiga,1,Akuntansi_Baik Sekali,1,1.0
UHN-0037,UHN,Keperawatan,Diploma Tiga,Baik,3.88392857142857,Dengan Pujian,31 Januari 2026,Sekolah Vokasi/D3 Keperawatan,1,none,UHN_Keperawatan,1,Keperawatan_Diploma Tiga,1,Keperawatan_Baik,1,1.0
UHN-0663,UHN,Teknik Komputer,Diploma Tiga,Baik Sekali,3.55932203389831,Dengan Pujian,31 Januari 2026,Sekolah Vokasi/D3 Teknik Komputer,1,none,UHN_Teknik Komputer,1,Teknik Komputer_Diploma Tiga,1,Teknik Komputer_Baik Sekali,1,1.0
UHN-INV-0693,UHN,Analis Kesehatan,Sarjana Terapan,Baik Sekali,3.58783783783784,Dengan Pujian,31 Januari 2026,Sekolah Vokasi/D4 Teknik Informatika,0,cross_institution_program,UHN_Analis Kesehatan,0,Analis Kesehatan_Sarjana Terapan,0,Analis Kesehatan_Baik Sekali,0,0.0
UHN-INV-0381,UHN,Analis Kesehatan,Diploma Tiga,Baik Sekali,2.96428571428571,Sangat Memuaskan,31 Januari 2026,Sekolah Vokasi/D3 Farmasi,0,cross_institution_program,UHN_Analis Kesehatan,0,Analis Kesehatan_Diploma Tiga,0,Analis Kesehatan_Baik Sekali,0,0.0
UHN-INV-0116,UHN,Desain Komunikasi Visual,Diploma 3,Baik,3.87610619469027,Dengan Pujian,31 Januari 2026,Sekolah Vokasi/D3 Desain Komunikasi Visual,0,education_level_swap,UHN_Desain Komunikasi Visual,1,Desain Komunikasi Visual_Diploma 3,0,Desain Komunikasi Visual_Baik,1,0.6666666666666666
UHN-INV-0495,UHN,Manajemen Informatika,Diploma Tiga,Baik Sekali,3.5,Sangat Memuaskan,31 Januari 2026,Sekolah Vokasi/D3 Farmasi,0,cross_institution_program,UHN_Manajemen Informatika,0,Manajemen Informatika_Diploma Tiga,0,Manajemen Informatika_Baik Sekali,0,0.0
UHN-0739,UHN,Teknik Informatika,Sarjana Terapan,Baik Sekali,3.2027027027027,Sangat Memuaskan,31 Januari 2026,Sekolah Vokasi/D4 Teknik Informatika,1,none,UHN_Teknik Informatika,1,Teknik Informatika_Sarjana Terapan,1,Teknik Informatika_Baik Sekali,1,1.0
UHN-0192,UHN,Akuntansi,Diploma Tiga,Baik Sekali,3.75221238938053,Dengan Pujian,5 Februari 2026,Sekolah Vokasi/D3 Akuntansi,1,none,UHN_Akuntansi,1,Akuntansi_Diploma Tiga,1,Akuntansi_Baik Sekali,1,1.0
UHN-INV-0058,UHN,Teknik Informatika,Sarjana,Terakreditasi,3.63,Dengan Pujian,31 Januari 2026,Fakultas Sains dan Teknologi/S1 Teknik Informatika,0,accreditation_swap,UHN_Teknik Informatika,1,Teknik Informatika_Sarjana,1,Teknik Informatika_Terakreditasi,0,0.6666666666666666
UHN-0457,UHN,Farmasi,Diploma Tiga,Baik Sekali,3.8125,Dengan Pujian,31 Januari 2026,Sekolah Vokasi/D3 Farmasi,1,none,UHN_Farmasi,1,Farmasi_Diploma Tiga,1,Farmasi_Baik Sekali,1,1.0
UHN-0676,UHN,Teknik Informatika,Sarjana Terapan,Baik Sekali,3.2027027027027,Sangat Memuaskan,31 Januari 2026,Sekolah Vokasi/D4 Teknik Informatika,1,none,UHN_Teknik Informatika,1,Teknik Informatika_Sarjana Terapan,1,Teknik Informatika_Baik Sekali,1,1.0
PMKM-0761,PMKM,Farmasi,Diploma 3,Baik,,,,,1,none,PMKM_Farmasi,1,Farmasi_Diploma 3,1,Farmasi_Baik,1,1.0
UHN-INV-0694,UHN,Teknik Informatika,Sarjana Terapan,Terakreditasi,3.38513513513514,Sangat Memuaskan,31 Januari 2026,Sekolah Vokasi/D4 Teknik Informatika,0,accreditation_swap,UHN_Teknik Informatika,1,Teknik Informatika_Sarjana Terapan,1,Teknik Informatika_Terakreditasi,0,0.6666666666666666
UHN-0729,UHN,Teknik Informatika,Sarjana Terapan,Baik Sekali,3.68918918918919,Dengan Pujian,31 Januari 2026,Sekolah Vokasi/D4 Teknik Informatika,1,none,UHN_Teknik Informatika,1,Teknik Informatika_Sarjana Terapan,1,Teknik Informatika_Baik Sekali,1,1.0
UHN-0413,UHN,Farmasi,Diploma Tiga,Baik Sekali,3.16071428571429,Sangat Memuaskan,31 Januari 2026,Sekolah Vokasi/D3 Farmasi,1,none,UHN_Farmasi,1,Farmasi_Diploma Tiga,1,Farmasi_Baik Sekali,1,1.0
UHN-INV-0237,UHN,Analis Kesehatan,Diploma Tiga,Baik Sekali,3.79646017699115,Dengan Pujian,5 Februari 2026,Sekolah Vokasi/D3 Akuntansi,0,cross_institution_program,UHN_Analis Kesehatan,0,Analis Kesehatan_Diploma Tiga,0,Analis Kesehatan_Baik Sekali,0,0.0
PMKM-0826,PMKM,Farmasi,Diploma 3,Baik,,,,,1,none,PMKM_Farmasi,1,Farmasi_Diploma 3,1,Farmasi_Baik,1,1.0
UHN-0617,UHN,Teknik Komputer,Diploma Tiga,Baik Sekali,3.57627118644068,Dengan Pujian,31 Januari 2026,Sekolah Vokasi/D3 Teknik Komputer,1,none,UHN_Teknik Komputer,1,Teknik Komputer_Diploma Tiga,1,Teknik Komputer_Baik Sekali,1,1.0
UHN-0115,UHN,Desain Komunikasi Visual,Diploma Tiga,Baik,3.10619469026549,Sangat Memuaskan,31 Januari 2026,Sekolah Vokasi/D3 Desain Komunikasi Visual,1,none,UHN_Desain Komunikasi Visual,1,Desain Komunikasi Visual_Diploma Tiga,1,Desain Komunikasi Visual_Baik,1,1.0
UHN-0418,UHN,Farmasi,Diploma Tiga,Baik Sekali,3.34821428571429,Sangat Memuaskan,31 Januari 2026,Sekolah Vokasi/D3 Farmasi,1,none,UHN_Farmasi,1,Farmasi_Diploma Tiga,1,Farmasi_Baik Sekali,1,1.0
PMKM-INV-0033,PMKM,Analis Kesehatan,Sarjana,Baik,,,,,0,education_level_swap,PMKM_Analis Kesehatan,1,Analis Kesehatan_Sarjana,0,Analis Kesehatan_Baik,1,0.6666666666666666
UHN-INV-0108,UHN,Analis Kesehatan,Diploma Tiga,Baik,3.6283185840708,Dengan Pujian,31 Januari 2026,Sekolah Vokasi/D3 Desain Komunikasi Visual,0,cross_institution_program,UHN_Analis Kesehatan,0,Analis Kesehatan_Diploma Tiga,0,Analis Kesehatan_Baik,1,0.3333333333333333
UHN-0605,UHN,Teknik Komputer,Diploma Tiga,Baik Sekali,3.55932203389831,Dengan Pujian,31 Januari 2026,Sekolah Vokasi/D3 Teknik Komputer,1,none,UHN_Teknik Komputer,1,Teknik Komputer_Diploma Tiga,1,Teknik Komputer_Baik Sekali,1,1.0
PMKM-INV-0040,PMKM,Akuntansi,Diploma 3,Baik,,,,,0,cross_institution_program,PMKM_Akuntansi,0,Akuntansi_Diploma 3,0,Akuntansi_Baik,0,0.0
UHN-0090,UHN,Desain Komunikasi Visual,Diploma Tiga,Baik,3.84070796460177,Dengan Pujian,31 Januari 2026,Sekolah Vokasi/D3 Desain Komunikasi Visual,1,none,UHN_Desain Komunikasi Visual,1,Desain Komunikasi Visual_Diploma Tiga,1,Desain Komunikasi Visual_Baik,1,1.0
PMKM-0849,PMKM,Farmasi,Diploma 3,Baik,,,,,1,none,PMKM_Farmasi,1,Farmasi_Diploma 3,1,Farmasi_Baik,1,1.0
UHN-INV-0449,UHN,Farmasi,Diploma 3,Baik Sekali,3.85714285714286,Dengan Pujian,31 Januari 2026,Sekolah Vokasi/D3 Farmasi,0,education_level_swap,UHN_Farmasi,1,Farmasi_Diploma 3,1,Farmasi_Baik Sekali,1,1.0
PMKM-INV-0039,PMKM,Analis Kesehatan,Diploma Tiga,Baik,,,,,0,education_level_swap,PMKM_Analis Kesehatan,1,Analis Kesehatan_Diploma Tiga,0,Analis Kesehatan_Baik,1,0.6666666666666666
PMKM-0754,PMKM,Farmasi,Diploma 3,Baik,,,,,1,none,PMKM_Farmasi,1,Farmasi_Diploma 3,1,Farmasi_Baik,1,1.0
UHN-0499,UHN,Akuntansi Sektor Publik,Sarjana Terapan,Baik,3.44520547945206,Sangat Memuaskan,31 Januari 2026,Sekolah Vokasi/D4 Akuntansi Sektor Publik,1,none,UHN_Akuntansi Sektor Publik,1,Akuntansi Sektor Publik_Sarjana Terapan,1,Akuntansi Sektor Publik_Baik,1,1.0
UHN-0012,UHN,Keperawatan,Diploma Tiga,Baik,3.625,Dengan Pujian,31 Januari 2026,Sekolah Vokasi/D3 Keperawatan,1,none,UHN_Keperawatan,1,Keperawatan_Diploma Tiga,1,Keperawatan_Baik,1,1.0
UHN-0397,UHN,Farmasi,Diploma Tiga,Baik Sekali,3.03571428571429,Sangat Memuaskan,31 Januari 2026,Sekolah Vokasi/D3 Farmasi,1,none,UHN_Farmasi,1,Farmasi_Diploma Tiga,1,Farmasi_Baik Sekali,1,1.0
UHN-0285,UHN,Akuntansi,Diploma Tiga,Baik Sekali,3.43362831858407,Sangat Memuaskan,5 Februari 2026,Sekolah Vokasi/D3 Akuntansi,1,none,UHN_Akuntansi,1,Akuntansi_Diploma Tiga,1,Akuntansi_Baik Sekali,1,1.0
UHN-INV-0205,UHN,Akuntansi,Diploma Tiga,Terakreditasi,3.47787610619469,Sangat Memuaskan,5 Februari 2026,Sekolah Vokasi/D3 Akuntansi,0,accreditation_swap,UHN_Akuntansi,1,Akuntansi_Diploma Tiga,1,Akuntansi_Terakreditasi,0,0.6666666666666666
UHN-INV-0330,UHN,Manajemen Informatika,Diploma Tiga,Baik Sekali,3.23529411764706,Sangat Memuaskan,31 Januari 2026,Sekolah Vokasi/D3 Teknik Mesin,0,cross_institution_program,UHN_Manajemen Informatika,0,Manajemen Informatika_Diploma Tiga,0,Manajemen Informatika_Baik Sekali,0,0.0
UHN-0691,UHN,Teknik Informatika,Sarjana Terapan,Baik Sekali,3.2027027027027,Sangat Memuaskan,31 Januari 2026,Sekolah Vokasi/D4 Teknik Informatika,1,none,UHN_Teknik Informatika,1,Teknik Informatika_Sarjana Terapan,1,Teknik Informatika_Baik Sekali,1,1.0
UHN-INV-0546,UHN,Manajemen Informatika,Diploma Tiga,Baik Sekali,3.42372881355932,Sangat Memuaskan,31 Januari 2026,Sekolah Vokasi/D3 Teknik Komputer,0,cross_institution_program,UHN_Manajemen Informatika,0,Manajemen Informatika_Diploma Tiga,0,Manajemen Informatika_Baik Sekali,0,0.0
PMKM-INV-0005,PMKM,Farmasi,Diploma 3,Baik Sekali,,,,,0,accreditation_swap,PMKM_Farmasi,1,Farmasi_Diploma 3,1,Farmasi_Baik Sekali,1,1.0
UHN-0690,UHN,Teknik Informatika,Sarjana Terapan,Baik Sekali,3.89864864864865,Dengan Pujian,31 Januari 2026,Sekolah Vokasi/D4 Teknik Informatika,1,none,UHN_Teknik Informatika,1,Teknik Informatika_Sarjana Terapan,1,Teknik Informatika_Baik Sekali,1,1.0
PMKM-0852,PMKM,Analis Kesehatan,Diploma 3,Baik,,,,,1,none,PMKM_Analis Kesehatan,1,Analis Kesehatan_Diploma 3,1,Analis Kesehatan_Baik,1,1.0
UHN-0160,UHN,Akuntansi,Diploma Tiga,Baik Sekali,3.39823008849558,Sangat Memuaskan,5 Februari 2026,Sekolah Vokasi/D3 Akuntansi,1,none,UHN_Akuntansi,1,Akuntansi_Diploma Tiga,1,Akuntansi_Baik Sekali,1,1.0
UHN-INV-0034,UHN,Keperawatan,Diploma Tiga,Baik Sekali,3.46428571428571,Sangat Memuaskan,31 Januari 2026,Sekolah Vokasi/D3 Keperawatan,0,accreditation_swap,UHN_Keperawatan,1,Keperawatan_Diploma Tiga,1,Keperawatan_Baik Sekali,0,0.6666666666666666
UHN-INV-0499,UHN,Akuntansi Sektor Publik,Sarjana Terapan,Terakreditasi,3.44520547945206,Sangat Memuaskan,31 Januari 2026,Sekolah Vokasi/D4 Akuntansi Sektor Publik,0,accreditation_swap,UHN_Akuntansi Sektor Publik,1,Akuntansi Sektor Publik_Sarjana Terapan,1,Akuntansi Sektor Publik_Terakreditasi,0,0.6666666666666666
UHN-0258,UHN,Akuntansi,Diploma Tiga,Baik Sekali,3.80530973451327,Dengan Pujian,5 Februari 2026,Sekolah Vokasi/D3 Akuntansi,1,none,UHN_Akuntansi,1,Akuntansi_Diploma Tiga,1,Akuntansi_Baik Sekali,1,1.0
UHN-0336,UHN,Teknik Mesin,Diploma Tiga,Baik Sekali,3.69747899159664,Dengan Pujian,31 Januari 2026,Sekolah Vokasi/D3 Teknik Mesin,1,none,UHN_Teknik Mesin,1,Teknik Mesin_Diploma Tiga,1,Teknik Mesin_Baik Sekali,1,1.0
PMKM-INV-0009,PMKM,Farmasi,Sarjana Terapan,Baik,,,,,0,education_level_swap,PMKM_Farmasi,1,Farmasi_Sarjana Terapan,0,Farmasi_Baik,1,0.6666666666666666
UHN-INV-0178,UHN,Akuntansi,Diploma Tiga,Baik,3.88495575221239,Dengan Pujian,5 Februari 2026,Sekolah Vokasi/D3 Akuntansi,0,accreditation_swap,UHN_Akuntansi,1,Akuntansi_Diploma Tiga,1,Akuntansi_Baik,0,0.6666666666666666
UHN-0516,UHN,Teknik Komputer,Diploma Tiga,Baik Sekali,3.20338983050847,Sangat Memuaskan,31 Januari 2026,Sekolah Vokasi/D3 Teknik Komputer,1,none,UHN_Teknik Komputer,1,Teknik Komputer_Diploma Tiga,1,Teknik Komputer_Baik Sekali,1,1.0
UHN-INV-0154,UHN,Akuntansi,Diploma Tiga,Baik,3.82300884955752,Dengan Pujian,5 Februari 2026,Sekolah Vokasi/D3 Akuntansi,0,accreditation_swap,UHN_Akuntansi,1,Akuntansi_Diploma Tiga,1,Akuntansi_Baik,0,0.6666666666666666
PMKM-0769,PMKM,Analis Kesehatan,Diploma 3,Baik,,,,,1,none,PMKM_Analis Kesehatan,1,Analis Kesehatan_Diploma 3,1,Analis Kesehatan_Baik,1,1.0
UHN-INV-0645,UHN,Analis Kesehatan,Diploma Tiga,Baik Sekali,3.61016949152542,Dengan Pujian,31 Januari 2026,Sekolah Vokasi/D3 Teknik Komputer,0,cross_institution_program,UHN_Analis Kesehatan,0,Analis Kesehatan_Diploma Tiga,0,Analis Kesehatan_Baik Sekali,0,0.0
PMKM-0762,PMKM,Farmasi,Diploma 3,Baik,,,,,1,none,PMKM_Farmasi,1,Farmasi_Diploma 3,1,Farmasi_Baik,1,1.0
UHN-INV-0342,UHN,Analis Kesehatan,Diploma Tiga,Terakreditasi,3.93220338983051,Dengan Pujian,31 Januari 2026,Sekolah Vokasi/D3 Teknik Elektronika,0,cross_institution_program,UHN_Analis Kesehatan,0,Analis Kesehatan_Diploma Tiga,0,Analis Kesehatan_Terakreditasi,0,0.0
UHN-INV-0401,UHN,Farmasi,Diploma 3,Baik Sekali,3.10714285714286,Sangat Memuaskan,31 Januari 2026,Sekolah Vokasi/D3 Farmasi,0,education_level_swap,UHN_Farmasi,1,Farmasi_Diploma 3,1,Farmasi_Baik Sekali,1,1.0
PMKM-INV-0101,PMKM,Farmasi,Diploma 3,Baik Sekali,,,,,0,accreditation_swap,PMKM_Farmasi,1,Farmasi_Diploma 3,1,Farmasi_Baik Sekali,1,1.0
UHN-0522,UHN,Teknik Komputer,Diploma Tiga,Baik Sekali,3.71186440677966,Dengan Pujian,31 Januari 2026,Sekolah Vokasi/D3 Teknik Komputer,1,none,UHN_Teknik Komputer,1,Teknik Komputer_Diploma Tiga,1,Teknik Komputer_Baik Sekali,1,1.0
UHN-0023,UHN,Keperawatan,Diploma Tiga,Baik,3.64285714285714,Dengan Pujian,31 Januari 2026,Sekolah Vokasi/D3 Keperawatan,1,none,UHN_Keperawatan,1,Keperawatan_Diploma Tiga,1,Keperawatan_Baik,1,1.0
UHN-0357,UHN,Teknik Elektronika,Diploma Tiga,Terakreditasi,3.91525423728814,Dengan Pujian,31 Januari 2026,Sekolah Vokasi/D3 Teknik Elektronika,1,none,UHN_Teknik Elektronika,1,Teknik Elektronika_Diploma Tiga,1,Teknik Elektronika_Terakreditasi,1,1.0
UHN-INV-0592,UHN,Teknik Komputer,Diploma Tiga,Baik,3.72881355932203,Dengan Pujian,31 Januari 2026,Sekolah Vokasi/D3 Teknik Komputer,0,accreditation_swap,UHN_Teknik Komputer,1,Teknik Komputer_Diploma Tiga,1,Teknik Komputer_Baik,0,0.6666666666666666
UHN-0341,UHN,Teknik Elektronika,Diploma Tiga,Terakreditasi,3.28813559322034,Sangat Memuaskan,31 Januari 2026,Sekolah Vokasi/D3 Teknik Elektronika,1,none,UHN_Teknik Elektronika,1,Teknik Elektronika_Diploma Tiga,1,Teknik Elektronika_Terakreditasi,1,1.0
UHN-0432,UHN,Farmasi,Diploma Tiga,Baik Sekali,3.5625,Dengan Pujian,31 Januari 2026,Sekolah Vokasi/D3 Farmasi,1,none,UHN_Farmasi,1,Farmasi_Diploma Tiga,1,Farmasi_Baik Sekali,1,1.0
UHN-0474,UHN,Farmasi,Diploma Tiga,Baik Sekali,3.29464285714286,Sangat Memuaskan,31 Januari 2026,Sekolah Vokasi/D3 Farmasi,1,none,UHN_Farmasi,1,Farmasi_Diploma Tiga,1,Farmasi_Baik Sekali,1,1.0
UHN-0218,UHN,Akuntansi,Diploma Tiga,Baik Sekali,3.36283185840708,Sangat Memuaskan,5 Februari 2026,Sekolah Vokasi/D3 Akuntansi,1,none,UHN_Akuntansi,1,Akuntansi_Diploma Tiga,1,Akuntansi_Baik Sekali,1,1.0
UHN-INV-0050,UHN,Sistem Informasi,Diploma 3,Baik,3.84,Dengan Pujian,31 Januari 2026,Fakultas Sains dan Teknologi/S1 Sistem Informasi,0,education_level_swap,UHN_Sistem Informasi,1,Sistem Informasi_Diploma 3,0,Sistem Informasi_Baik,1,0.6666666666666666
UHN-INV-0366,UHN,Analis Kesehatan,Diploma Tiga,Baik,3.68333333333333,Dengan Pujian,31 Januari 2026,Sekolah Vokasi/D3 Perhotelan,0,cross_institution_program,UHN_Analis Kesehatan,0,Analis Kesehatan_Diploma Tiga,0,Analis Kesehatan_Baik,1,0.3333333333333333
UHN-INV-0516,UHN,Analis Kesehatan,Diploma Tiga,Baik Sekali,3.20338983050847,Sangat Memuaskan,31 Januari 2026,Sekolah Vokasi/D3 Teknik Komputer,0,cross_institution_program,UHN_Analis Kesehatan,0,Analis Kesehatan_Diploma Tiga,0,Analis Kesehatan_Baik Sekali,0,0.0
UHN-INV-0150,UHN,Manajemen Informatika,Diploma Tiga,Baik Sekali,3.34453781512605,Sangat Memuaskan,31 Januari 2026,Sekolah Vokasi/D3 Kebidanan,0,cross_institution_program,UHN_Manajemen Informatika,0,Manajemen Informatika_Diploma Tiga,0,Manajemen Informatika_Baik Sekali,0,0.0
PMKM-INV-0069,PMKM,Analis Kesehatan,Diploma Tiga,Baik,,,,,0,education_level_swap,PMKM_Analis Kesehatan,1,Analis Kesehatan_Diploma Tiga,0,Analis Kesehatan_Baik,1,0.6666666666666666
UHN-0094,UHN,Desain Komunikasi Visual,Diploma Tiga,Baik,3.63716814159292,Dengan Pujian,31 Januari 2026,Sekolah Vokasi/D3 Desain Komunikasi Visual,1,none,UHN_Desain Komunikasi Visual,1,Desain Komunikasi Visual_Diploma Tiga,1,Desain Komunikasi Visual_Baik,1,1.0
UHN-INV-0147,UHN,Analis Kesehatan,Diploma Tiga,Baik Sekali,3.83193277310924,Dengan Pujian,31 Januari 2026,Sekolah Vokasi/D3 Kebidanan,0,cross_institution_program,UHN_Analis Kesehatan,0,Analis Kesehatan_Diploma Tiga,0,Analis Kesehatan_Baik Sekali,0,0.0
UHN-INV-0209,UHN,Akuntansi,Sarjana,Baik Sekali,3.69026548672566,Dengan Pujian,5 Februari 2026,Sekolah Vokasi/D3 Akuntansi,0,education_level_swap,UHN_Akuntansi,1,Akuntansi_Sarjana,0,Akuntansi_Baik Sekali,1,0.6666666666666666
UHN-INV-0231,UHN,Analis Kesehatan,Diploma Tiga,Baik Sekali,3.4070796460177,Sangat Memuaskan,5 Februari 2026,Sekolah Vokasi/D3 Akuntansi,0,cross_institution_program,UHN_Analis Kesehatan,0,Analis Kesehatan_Diploma Tiga,0,Analis Kesehatan_Baik Sekali,0,0.0
UHN-INV-0507,UHN,Manajemen Informatika,Sarjana Terapan,Baik,3.95890410958904,Dengan Pujian,31 Januari 2026,Sekolah Vokasi/D4 Akuntansi Sektor Publik,0,cross_institution_program,UHN_Manajemen Informatika,0,Manajemen Informatika_Sarjana Terapan,0,Manajemen Informatika_Baik,1,0.3333333333333333
UHN-0697,UHN,Teknik Informatika,Sarjana Terapan,Baik Sekali,3.10135135135135,Sangat Memuaskan,31 Januari 2026,Sekolah Vokasi/D4 Teknik Informatika,1,none,UHN_Teknik Informatika,1,Teknik Informatika_Sarjana Terapan,1,Teknik Informatika_Baik Sekali,1,1.0
UHN-INV-0682,UHN,Teknik Informatika,Sarjana Terapan,Terakreditasi,3.54054054054054,Dengan Pujian,31 Januari 2026,Sekolah Vokasi/D4 Teknik Informatika,0,accreditation_swap,UHN_Teknik Informatika,1,Teknik Informatika_Sarjana Terapan,1,Teknik Informatika_Terakreditasi,0,0.6666666666666666
UHN-INV-0135,UHN,Analis Kesehatan,Diploma Tiga,Baik,3.07964601769912,Sangat Memuaskan,31 Januari 2026,Sekolah Vokasi/D3 Desain Komunikasi Visual,0,cross_institution_program,UHN_Analis Kesehatan,0,Analis Kesehatan_Diploma Tiga,0,Analis Kesehatan_Baik,1,0.3333333333333333
UHN-0154,UHN,Akuntansi,Diploma Tiga,Baik Sekali,3.82300884955752,Dengan Pujian,5 Februari 2026,Sekolah Vokasi/D3 Akuntansi,1,none,UHN_Akuntansi,1,Akuntansi_Diploma Tiga,1,Akuntansi_Baik Sekali,1,1.0
UHN-INV-0238,UHN,Akuntansi,Diploma Tiga,Baik,3.84955752212389,Dengan Pujian,5 Februari 2026,Sekolah Vokasi/D3 Akuntansi,0,accreditation_swap,UHN_Akuntansi,1,Akuntansi_Diploma Tiga,1,Akuntansi_Baik,0,0.6666666666666666
UHN-INV-0712,UHN,Teknik Informatika,Sarjana Terapan,Baik,3.81081081081081,Dengan Pujian,31 Januari 2026,Sekolah Vokasi/D4 Teknik Informatika,0,accreditation_swap,UHN_Teknik Informatika,1,Teknik Informatika_Sarjana Terapan,1,Teknik Informatika_Baik,1,1.0
PMKM-INV-0114,PMKM,Manajemen Informatika,Diploma Tiga,Baik,,,,,0,education_level_swap,PMKM_Manajemen Informatika,1,Manajemen Informatika_Diploma Tiga,0,Manajemen Informatika_Baik,1,0.6666666666666666
PMKM-0790,PMKM,Analis Kesehatan,Diploma 3,Baik,,,,,1,none,PMKM_Analis Kesehatan,1,Analis Kesehatan_Diploma 3,1,Analis Kesehatan_Baik,1,1.0
UHN-0581,UHN,Teknik Komputer,Diploma Tiga,Baik Sekali,3.33898305084746,Sangat Memuaskan,31 Januari 2026,Sekolah Vokasi/D3 Teknik Komputer,1,none,UHN_Teknik Komputer,1,Teknik Komputer_Diploma Tiga,1,Teknik Komputer_Baik Sekali,1,1.0
UHN-0704,UHN,Teknik Informatika,Sarjana Terapan,Baik Sekali,3.86486486486487,Dengan Pujian,31 Januari 2026,Sekolah Vokasi/D4 Teknik Informatika,1,none,UHN_Teknik Informatika,1,Teknik Informatika_Sarjana Terapan,1,Teknik Informatika_Baik Sekali,1,1.0
UHN-INV-0351,UHN,Analis Kesehatan,Diploma Tiga,Terakreditasi,3.01694915254237,Sangat Memuaskan,31 Januari 2026,Sekolah Vokasi/D3 Teknik Elektronika,0,cross_institution_program,UHN_Analis Kesehatan,0,Analis Kesehatan_Diploma Tiga,0,Analis Kesehatan_Terakreditasi,0,0.0
UHN-INV-0586,UHN,Teknik Komputer,Diploma Tiga,Baik,3.66101694915254,Dengan Pujian,31 Januari 2026,Sekolah Vokasi/D3 Teknik Komputer,0,accreditation_swap,UHN_Teknik Komputer,1,Teknik Komputer_Diploma Tiga,1,Teknik Komputer_Baik,0,0.6666666666666666
UHN-0488,UHN,Farmasi,Diploma Tiga,Baik Sekali,3.66071428571429,Dengan Pujian,31 Januari 2026,Sekolah Vokasi/D3 Farmasi,1,none,UHN_Farmasi,1,Farmasi_Diploma Tiga,1,Farmasi_Baik Sekali,1,1.0
UHN-0560,UHN,Teknik Komputer,Diploma Tiga,Baik Sekali,3.6271186440678,Dengan Pujian,31 Januari 2026,Sekolah Vokasi/D3 Teknik Komputer,1,none,UHN_Teknik Komputer,1,Teknik Komputer_Diploma Tiga,1,Teknik Komputer_Baik Sekali,1,1.0
UHN-INV-0280,UHN,Akuntansi,Diploma Tiga,Baik,3.75221238938053,Dengan Pujian,5 Februari 2026,Sekolah Vokasi/D3 Akuntansi,0,accreditation_swap,UHN_Akuntansi,1,Akuntansi_Diploma Tiga,1,Akuntansi_Baik,0,0.6666666666666666
UHN-INV-0258,UHN,Analis Kesehatan,Diploma Tiga,Baik Sekali,3.80530973451327,Dengan Pujian,5 Februari 2026,Sekolah Vokasi/D3 Akuntansi,0,cross_institution_program,UHN_Analis Kesehatan,0,Analis Kesehatan_Diploma Tiga,0,Analis Kesehatan_Baik Sekali,0,0.0
PMKM-0802,PMKM,Analis Kesehatan,Diploma 3,Baik,,,,,1,none,PMKM_Analis Kesehatan,1,Analis Kesehatan_Diploma 3,1,Analis Kesehatan_Baik,1,1.0
UHN-0513,UHN,Teknik Komputer,Diploma Tiga,Baik Sekali,3.52542372881356,Dengan Pujian,31 Januari 2026,Sekolah Vokasi/D3 Teknik Komputer,1,none,UHN_Teknik Komputer,1,Teknik Komputer_Diploma Tiga,1,Teknik Komputer_Baik Sekali,1,1.0
UHN-0634,UHN,Teknik Komputer,Diploma Tiga,Baik Sekali,3.33898305084746,Sangat Memuaskan,31 Januari 2026,Sekolah Vokasi/D3 Teknik Komputer,1,none,UHN_Teknik Komputer,1,Teknik Komputer_Diploma Tiga,1,Teknik Komputer_Baik Sekali,1,1.0
UHN-INV-0410,UHN,Farmasi,Sarjana,Baik Sekali,3.16071428571429,Sangat Memuaskan,31 Januari 2026,Sekolah Vokasi/D3 Farmasi,0,education_level_swap,UHN_Farmasi,1,Farmasi_Sarjana,0,Farmasi_Baik Sekali,1,0.6666666666666666
UHN-INV-0678,UHN,Manajemen Informatika,Sarjana Terapan,Baik Sekali,3.18243243243243,Sangat Memuaskan,31 Januari 2026,Sekolah Vokasi/D4 Teknik Informatika,0,cross_institution_program,UHN_Manajemen Informatika,0,Manajemen Informatika_Sarjana Terapan,0,Manajemen Informatika_Baik Sekali,0,0.0
UHN-INV-0289,UHN,Akuntansi,Diploma Tiga,Baik,3.7787610619469,Dengan Pujian,5 Februari 2026,Sekolah Vokasi/D3 Akuntansi,0,accreditation_swap,UHN_Akuntansi,1,Akuntansi_Diploma Tiga,1,Akuntansi_Baik,0,0.6666666666666666
PMKM-0791,PMKM,Analis Kesehatan,Diploma 3,Baik,,,,,1,none,PMKM_Analis Kesehatan,1,Analis Kesehatan_Diploma 3,1,Analis Kesehatan_Baik,1,1.0
UHN-0117,UHN,Desain Komunikasi Visual,Diploma Tiga,Baik,3.56637168141593,Dengan Pujian,31 Januari 2026,Sekolah Vokasi/D3 Desain Komunikasi Visual,1,none,UHN_Desain Komunikasi Visual,1,Desain Komunikasi Visual_Diploma Tiga,1,Desain Komunikasi Visual_Baik,1,1.0
UHN-0741,UHN,Teknik Informatika,Sarjana Terapan,Baik Sekali,3.22297297297297,Sangat Memuaskan,31 Januari 2026,Sekolah Vokasi/D4 Teknik Informatika,1,none,UHN_Teknik Informatika,1,Teknik Informatika_Sarjana Terapan,1,Teknik Informatika_Baik Sekali,1,1.0
UHN-INV-0220,UHN,Akuntansi,Diploma Tiga,Terakreditasi,3.46017699115044,Sangat Memuaskan,5 Februari 2026,Sekolah Vokasi/D3 Akuntansi,0,accreditation_swap,UHN_Akuntansi,1,Akuntansi_Diploma Tiga,1,Akuntansi_Terakreditasi,0,0.6666666666666666
PMKM-0831,PMKM,Farmasi,Diploma 3,Baik,,,,,1,none,PMKM_Farmasi,1,Farmasi_Diploma 3,1,Farmasi_Baik,1,1.0
UHN-0120,UHN,Desain Komunikasi Visual,Diploma Tiga,Baik,3.69026548672566,Dengan Pujian,31 Januari 2026,Sekolah Vokasi/D3 Desain Komunikasi Visual,1,none,UHN_Desain Komunikasi Visual,1,Desain Komunikasi Visual_Diploma Tiga,1,Desain Komunikasi Visual_Baik,1,1.0
UHN-0657,UHN,Teknik Komputer,Diploma Tiga,Baik Sekali,3.61016949152542,Dengan Pujian,31 Januari 2026,Sekolah Vokasi/D3 Teknik Komputer,1,none,UHN_Teknik Komputer,1,Teknik Komputer_Diploma Tiga,1,Teknik Komputer_Baik Sekali,1,1.0
PMKM-INV-0030,PMKM,Analis Kesehatan,Sarjana,Baik,,,,,0,education_level_swap,PMKM_Analis Kesehatan,1,Analis Kesehatan_Sarjana,0,Analis Kesehatan_Baik,1,0.6666666666666666
UHN-0636,UHN,Teknik Komputer,Diploma Tiga,Baik Sekali,3.16949152542373,Sangat Memuaskan,31 Januari 2026,Sekolah Vokasi/D3 Teknik Komputer,1,none,UHN_Teknik Komputer,1,Teknik Komputer_Diploma Tiga,1,Teknik Komputer_Baik Sekali,1,1.0
UHN-0370,UHN,Farmasi,Diploma Tiga,Baik Sekali,3.34821428571429,Sangat Memuaskan,31 Januari 2026,Sekolah Vokasi/D3 Farmasi,1,none,UHN_Farmasi,1,Farmasi_Diploma Tiga,1,Farmasi_Baik Sekali,1,1.0
UHN-0269,UHN,Akuntansi,Diploma Tiga,Baik Sekali,3.7787610619469,Dengan Pujian,5 Februari 2026,Sekolah Vokasi/D3 Akuntansi,1,none,UHN_Akuntansi,1,Akuntansi_Diploma Tiga,1,Akuntansi_Baik Sekali,1,1.0
UHN-0656,UHN,Teknik Komputer,Diploma Tiga,Baik Sekali,3.38983050847458,Sangat Memuaskan,31 Januari 2026,Sekolah Vokasi/D3 Teknik Komputer,1,none,UHN_Teknik Komputer,1,Teknik Komputer_Diploma Tiga,1,Teknik Komputer_Baik Sekali,1,1.0
UHN-INV-0074,UHN,Teknik Informatika,Diploma Tiga,Baik,3.62,Dengan Pujian,31 Januari 2026,Fakultas Sains dan Teknologi/S1 Teknik Informatika,0,education_level_swap,UHN_Teknik Informatika,1,Teknik Informatika_Diploma Tiga,0,Teknik Informatika_Baik,1,0.6666666666666666
PMKM-0823,PMKM,Analis Kesehatan,Diploma 3,Baik,,,,,1,none,PMKM_Analis Kesehatan,1,Analis Kesehatan_Diploma 3,1,Analis Kesehatan_Baik,1,1.0
UHN-INV-0005,UHN,Keperawatan,Sarjana,Baik,3.45535714285714,Sangat Memuaskan,31 Januari 2026,Sekolah Vokasi/D3 Keperawatan,0,education_level_swap,UHN_Keperawatan,1,Keperawatan_Sarjana,0,Keperawatan_Baik,1,0.6666666666666666
UHN-0047,UHN,Sistem Informasi,Sarjana,Baik,3.82,Dengan Pujian,31 Januari 2026,Fakultas Sains dan Teknologi/S1 Sistem Informasi,1,none,UHN_Sistem Informasi,1,Sistem Informasi_Sarjana,1,Sistem Informasi_Baik,1,1.0
UHN-INV-0614,UHN,Teknik Komputer,Diploma 3,Baik Sekali,3.84745762711864,Dengan Pujian,31 Januari 2026,Sekolah Vokasi/D3 Teknik Komputer,0,education_level_swap,UHN_Teknik Komputer,1,Teknik Komputer_Diploma 3,0,Teknik Komputer_Baik Sekali,1,0.6666666666666666
UHN-INV-0130,UHN,Desain Komunikasi Visual,Diploma Tiga,Terakreditasi,2.64601769911504,Memuaskan,31 Januari 2026,Sekolah Vokasi/D3 Desain Komunikasi Visual,0,accreditation_swap,UHN_Desain Komunikasi Visual,1,Desain Komunikasi Visual_Diploma Tiga,1,Desain Komunikasi Visual_Terakreditasi,0,0.6666666666666666
UHN-INV-0015,UHN,Analis Kesehatan,Diploma Tiga,Baik,3.29464285714286,Sangat Memuaskan,31 Januari 2026,Sekolah Vokasi/D3 Keperawatan,0,cross_institution_program,UHN_Analis Kesehatan,0,Analis Kesehatan_Diploma Tiga,0,Analis Kesehatan_Baik,1,0.3333333333333333
PMKM-0774,PMKM,Analis Kesehatan,Diploma 3,Baik,,,,,1,none,PMKM_Analis Kesehatan,1,Analis Kesehatan_Diploma 3,1,Analis Kesehatan_Baik,1,1.0
UHN-INV-0358,UHN,Teknik Elektronika,Diploma Tiga,Baik,3.85593220338983,Dengan Pujian,31 Januari 2026,Sekolah Vokasi/D3 Teknik Elektronika,0,accreditation_swap,UHN_Teknik Elektronika,1,Teknik Elektronika_Diploma Tiga,1,Teknik Elektronika_Baik,0,0.6666666666666666
PMKM-INV-0116,PMKM,Manajemen Informatika,Diploma 3,Baik Sekali,,,,,0,accreditation_swap,PMKM_Manajemen Informatika,1,Manajemen Informatika_Diploma 3,1,Manajemen Informatika_Baik Sekali,0,0.6666666666666666
UHN-0005,UHN,Keperawatan,Diploma Tiga,Baik,3.45535714285714,Sangat Memuaskan,31 Januari 2026,Sekolah Vokasi/D3 Keperawatan,1,none,UHN_Keperawatan,1,Keperawatan_Diploma Tiga,1,Keperawatan_Baik,1,1.0
UHN-INV-0142,UHN,Kebidanan,Diploma Tiga,Terakreditasi,3.52100840336134,Dengan Pujian,31 Januari 2026,Sekolah Vokasi/D3 Kebidanan,0,accreditation_swap,UHN_Kebidanan,1,Kebidanan_Diploma Tiga,1,Kebidanan_Terakreditasi,0,0.6666666666666666
UHN-INV-0627,UHN,Manajemen Informatika,Diploma Tiga,Baik Sekali,3.72881355932203,Dengan Pujian,31 Januari 2026,Sekolah Vokasi/D3 Teknik Komputer,0,cross_institution_program,UHN_Manajemen Informatika,0,Manajemen Informatika_Diploma Tiga,0,Manajemen Informatika_Baik Sekali,0,0.0
UHN-0264,UHN,Akuntansi,Diploma Tiga,Baik Sekali,3.85840707964602,Dengan Pujian,5 Februari 2026,Sekolah Vokasi/D3 Akuntansi,1,none,UHN_Akuntansi,1,Akuntansi_Diploma Tiga,1,Akuntansi_Baik Sekali,1,1.0
UHN-INV-0673,UHN,Teknik Informatika,Sarjana Terapan,Terakreditasi,3.23648648648649,Sangat Memuaskan,31 Januari 2026,Sekolah Vokasi/D4 Teknik Informatika,0,accreditation_swap,UHN_Teknik Informatika,1,Teknik Informatika_Sarjana Terapan,1,Teknik Informatika_Terakreditasi,0,0.6666666666666666
UHN-INV-0713,UHN,Teknik Informatika,Diploma Tiga,Baik Sekali,3.33783783783784,Sangat Memuaskan,31 Januari 2026,Sekolah Vokasi/D4 Teknik Informatika,0,education_level_swap,UHN_Teknik Informatika,1,Teknik Informatika_Diploma Tiga,0,Teknik Informatika_Baik Sekali,1,0.6666666666666666
UHN-0444,UHN,Farmasi,Diploma Tiga,Baik Sekali,3.66071428571429,Dengan Pujian,31 Januari 2026,Sekolah Vokasi/D3 Farmasi,1,none,UHN_Farmasi,1,Farmasi_Diploma Tiga,1,Farmasi_Baik Sekali,1,1.0
UHN-INV-0141,UHN,Analis Kesehatan,Diploma Tiga,Baik Sekali,3.48739495798319,Sangat Memuaskan,31 Januari 2026,Sekolah Vokasi/D3 Kebidanan,0,cross_institution_program,UHN_Analis Kesehatan,0,Analis Kesehatan_Diploma Tiga,0,Analis Kesehatan_Baik Sekali,0,0.0
UHN-INV-0216,UHN,Manajemen Informatika,Diploma Tiga,Baik Sekali,3.1858407079646,Sangat Memuaskan,5 Februari 2026,Sekolah Vokasi/D3 Akuntansi,0,cross_institution_program,UHN_Manajemen Informatika,0,Manajemen Informatika_Diploma Tiga,0,Manajemen Informatika_Baik Sekali,0,0.0
PMKM-0838,PMKM,Farmasi,Diploma 3,Baik,,,,,1,none,PMKM_Farmasi,1,Farmasi_Diploma 3,1,Farmasi_Baik,1,1.0
UHN-INV-0680,UHN,Teknik Informatika,Diploma 3,Baik Sekali,3.2027027027027,Sangat Memuaskan,31 Januari 2026,Sekolah Vokasi/D4 Teknik Informatika,0,education_level_swap,UHN_Teknik Informatika,1,Teknik Informatika_Diploma 3,0,Teknik Informatika_Baik Sekali,1,0.6666666666666666
UHN-0305,UHN,Teknik Mesin,Diploma Tiga,Baik Sekali,3.39495798319328,Sangat Memuaskan,31 Januari 2026,Sekolah Vokasi/D3 Teknik Mesin,1,none,UHN_Teknik Mesin,1,Teknik Mesin_Diploma Tiga,1,Teknik Mesin_Baik Sekali,1,1.0
UHN-INV-0481,UHN,Farmasi,Diploma Tiga,Baik,3.83035714285714,Dengan Pujian,31 Januari 2026,Sekolah Vokasi/D3 Farmasi,0,accreditation_swap,UHN_Farmasi,1,Farmasi_Diploma Tiga,1,Farmasi_Baik,1,1.0
UHN-0314,UHN,Teknik Mesin,Diploma Tiga,Baik Sekali,3.64705882352941,Dengan Pujian,31 Januari 2026,Sekolah Vokasi/D3 Teknik Mesin,1,none,UHN_Teknik Mesin,1,Teknik Mesin_Diploma Tiga,1,Teknik Mesin_Baik Sekali,1,1.0
UHN-0150,UHN,Kebidanan,Diploma Tiga,Baik Sekali,3.34453781512605,Sangat Memuaskan,31 Januari 2026,Sekolah Vokasi/D3 Kebidanan,1,none,UHN_Kebidanan,1,Kebidanan_Diploma Tiga,1,Kebidanan_Baik Sekali,1,1.0
UHN-INV-0287,UHN,Akuntansi,Sarjana Terapan,Baik Sekali,3.64601769911504,Dengan Pujian,5 Februari 2026,Sekolah Vokasi/D3 Akuntansi,0,education_level_swap,UHN_Akuntansi,1,Akuntansi_Sarjana Terapan,0,Akuntansi_Baik Sekali,1,0.6666666666666666
UHN-INV-0352,UHN,Teknik Elektronika,Diploma Tiga,Baik,3.34745762711864,Sangat Memuaskan,31 Januari 2026,Sekolah Vokasi/D3 Teknik Elektronika,0,accreditation_swap,UHN_Teknik Elektronika,1,Teknik Elektronika_Diploma Tiga,1,Teknik Elektronika_Baik,0,0.6666666666666666
UHN-0575,UHN,Teknik Komputer,Diploma Tiga,Baik Sekali,3.86440677966102,Dengan Pujian,31 Januari 2026,Sekolah Vokasi/D3 Teknik Komputer,1,none,UHN_Teknik Komputer,1,Teknik Komputer_Diploma Tiga,1,Teknik Komputer_Baik Sekali,1,1.0
UHN-0051,UHN,Sistem Informasi,Sarjana,Baik,3.83,Dengan Pujian,31 Januari 2026,Fakultas Sains dan Teknologi/S1 Sistem Informasi,1,none,UHN_Sistem Informasi,1,Sistem Informasi_Sarjana,1,Sistem Informasi_Baik,1,1.0
UHN-INV-0477,UHN,Analis Kesehatan,Diploma Tiga,Baik Sekali,3.08035714285714,Sangat Memuaskan,31 Januari 2026,Sekolah Vokasi/D3 Farmasi,0,cross_institution_program,UHN_Analis Kesehatan,0,Analis Kesehatan_Diploma Tiga,0,Analis Kesehatan_Baik Sekali,0,0.0
UHN-0727,UHN,Teknik Informatika,Sarjana Terapan,Baik Sekali,3.25675675675676,Sangat Memuaskan,31 Januari 2026,Sekolah Vokasi/D4 Teknik Informatika,1,none,UHN_Teknik Informatika,1,Teknik Informatika_Sarjana Terapan,1,Teknik Informatika_Baik Sekali,1,1.0
PMKM-0834,PMKM,Farmasi,Diploma 3,Baik,,,,,1,none,PMKM_Farmasi,1,Farmasi_Diploma 3,1,Farmasi_Baik,1,1.0
UHN-INV-0254,UHN,Akuntansi,Sarjana,Baik Sekali,3.92035398230089,Dengan Pujian,5 Februari 2026,Sekolah Vokasi/D3 Akuntansi,0,education_level_swap,UHN_Akuntansi,1,Akuntansi_Sarjana,0,Akuntansi_Baik Sekali,1,0.6666666666666666
UHN-INV-0305,UHN,Teknik Mesin,Diploma 3,Baik Sekali,3.39495798319328,Sangat Memuaskan,31 Januari 2026,Sekolah Vokasi/D3 Teknik Mesin,0,education_level_swap,UHN_Teknik Mesin,1,Teknik Mesin_Diploma 3,0,Teknik Mesin_Baik Sekali,1,0.6666666666666666
UHN-0471,UHN,Farmasi,Diploma Tiga,Baik Sekali,3.65178571428571,Dengan Pujian,31 Januari 2026,Sekolah Vokasi/D3 Farmasi,1,none,UHN_Farmasi,1,Farmasi_Diploma Tiga,1,Farmasi_Baik Sekali,1,1.0
UHN-INV-0110,UHN,Desain Komunikasi Visual,Sarjana Terapan,Baik,3.30973451327434,Sangat Memuaskan,31 Januari 2026,Sekolah Vokasi/D3 Desain Komunikasi Visual,0,education_level_swap,UHN_Desain Komunikasi Visual,1,Desain Komunikasi Visual_Sarjana Terapan,0,Desain Komunikasi Visual_Baik,1,0.6666666666666666
UHN-0654,UHN,Teknik Komputer,Diploma Tiga,Baik Sekali,3.38983050847458,Sangat Memuaskan,31 Januari 2026,Sekolah Vokasi/D3 Teknik Komputer,1,none,UHN_Teknik Komputer,1,Teknik Komputer_Diploma Tiga,1,Teknik Komputer_Baik Sekali,1,1.0
UHN-0400,UHN,Farmasi,Diploma Tiga,Baik Sekali,3.375,Sangat Memuaskan,31 Januari 2026,Sekolah Vokasi/D3 Farmasi,1,none,UHN_Farmasi,1,Farmasi_Diploma Tiga,1,Farmasi_Baik Sekali,1,1.0
UHN-0512,UHN,Teknik Komputer,Diploma Tiga,Baik Sekali,3.61016949152542,Dengan Pujian,31 Januari 2026,Sekolah Vokasi/D3 Teknik Komputer,1,none,UHN_Teknik Komputer,1,Teknik Komputer_Diploma Tiga,1,Teknik Komputer_Baik Sekali,1,1.0
UHN-0321,UHN,Teknik Mesin,Diploma Tiga,Baik Sekali,3.79831932773109,Dengan Pujian,31 Januari 2026,Sekolah Vokasi/D3 Teknik Mesin,1,none,UHN_Teknik Mesin,1,Teknik Mesin_Diploma Tiga,1,Teknik Mesin_Baik Sekali,1,1.0
UHN-0020,UHN,Keperawatan,Diploma Tiga,Baik,3.50892857142857,Dengan Pujian,31 Januari 2026,Sekolah Vokasi/D3 Keperawatan,1,none,UHN_Keperawatan,1,Keperawatan_Diploma Tiga,1,Keperawatan_Baik,1,1.0
UHN-0685,UHN,Teknik Informatika,Sarjana Terapan,Baik Sekali,3.87162162162162,Dengan Pujian,31 Januari 2026,Sekolah Vokasi/D4 Teknik Informatika,1,none,UHN_Teknik Informatika,1,Teknik Informatika_Sarjana Terapan,1,Teknik Informatika_Baik Sekali,1,1.0
UHN-0036,UHN,Keperawatan,Diploma Tiga,Baik,3.60714285714286,Dengan Pujian,31 Januari 2026,Sekolah Vokasi/D3 Keperawatan,1,none,UHN_Keperawatan,1,Keperawatan_Diploma Tiga,1,Keperawatan_Baik,1,1.0
UHN-INV-0041,UHN,Keperawatan,Sarjana Terapan,Baik,3.98214285714286,Dengan Pujian,31 Januari 2026,Sekolah Vokasi/D3 Keperawatan,0,education_level_swap,UHN_Keperawatan,1,Keperawatan_Sarjana Terapan,0,Keperawatan_Baik,1,0.6666666666666666
PMKM-0828,PMKM,Farmasi,Diploma 3,Baik,,,,,1,none,PMKM_Farmasi,1,Farmasi_Diploma 3,1,Farmasi_Baik,1,1.0
UHN-INV-0685,UHN,Teknik Informatika,Sarjana Terapan,Terakreditasi,3.87162162162162,Dengan Pujian,31 Januari 2026,Sekolah Vokasi/D4 Teknik Informatika,0,accreditation_swap,UHN_Teknik Informatika,1,Teknik Informatika_Sarjana Terapan,1,Teknik Informatika_Terakreditasi,0,0.6666666666666666
UHN-0408,UHN,Farmasi,Diploma Tiga,Baik Sekali,3.67857142857143,Dengan Pujian,31 Januari 2026,Sekolah Vokasi/D3 Farmasi,1,none,UHN_Farmasi,1,Farmasi_Diploma Tiga,1,Farmasi_Baik Sekali,1,1.0
UHN-INV-0059,UHN,Teknik Informatika,Diploma 3,Baik,3.82666666666667,Dengan Pujian,31 Januari 2026,Fakultas Sains dan Teknologi/S1 Teknik Informatika,0,education_level_swap,UHN_Teknik Informatika,1,Teknik Informatika_Diploma 3,0,Teknik Informatika_Baik,1,0.6666666666666666
UHN-0538,UHN,Teknik Komputer,Diploma Tiga,Baik Sekali,3.54237288135593,Dengan Pujian,31 Januari 2026,Sekolah Vokasi/D3 Teknik Komputer,1,none,UHN_Teknik Komputer,1,Teknik Komputer_Diploma Tiga,1,Teknik Komputer_Baik Sekali,1,1.0
PMKM-0759,PMKM,Farmasi,Diploma 3,Baik,,,,,1,none,PMKM_Farmasi,1,Farmasi_Diploma 3,1,Farmasi_Baik,1,1.0
UHN-INV-0201,UHN,Manajemen Informatika,Diploma Tiga,Baik Sekali,3.7787610619469,Dengan Pujian,5 Februari 2026,Sekolah Vokasi/D3 Akuntansi,0,cross_institution_program,UHN_Manajemen Informatika,0,Manajemen Informatika_Diploma Tiga,0,Manajemen Informatika_Baik Sekali,0,0.0
UHN-INV-0338,UHN,Teknik Elektronika,Sarjana,Terakreditasi,2.79661016949153,Sangat Memuaskan,31 Januari 2026,Sekolah Vokasi/D3 Teknik Elektronika,0,education_level_swap,UHN_Teknik Elektronika,1,Teknik Elektronika_Sarjana,0,Teknik Elektronika_Terakreditasi,1,0.6666666666666666
UHN-0246,UHN,Akuntansi,Diploma Tiga,Baik Sekali,3.51327433628319,Dengan Pujian,5 Februari 2026,Sekolah Vokasi/D3 Akuntansi,1,none,UHN_Akuntansi,1,Akuntansi_Diploma Tiga,1,Akuntansi_Baik Sekali,1,1.0
UHN-INV-0266,UHN,Akuntansi,Sarjana Terapan,Baik Sekali,3.72566371681416,Dengan Pujian,5 Februari 2026,Sekolah Vokasi/D3 Akuntansi,0,education_level_swap,UHN_Akuntansi,1,Akuntansi_Sarjana Terapan,0,Akuntansi_Baik Sekali,1,0.6666666666666666
PMKM-0785,PMKM,Analis Kesehatan,Diploma 3,Baik,,,,,1,none,PMKM_Analis Kesehatan,1,Analis Kesehatan_Diploma 3,1,Analis Kesehatan_Baik,1,1.0
UHN-0490,UHN,Farmasi,Diploma Tiga,Baik Sekali,3.67857142857143,Dengan Pujian,31 Januari 2026,Sekolah Vokasi/D3 Farmasi,1,none,UHN_Farmasi,1,Farmasi_Diploma Tiga,1,Farmasi_Baik Sekali,1,1.0
UHN-0155,UHN,Akuntansi,Diploma Tiga,Baik Sekali,3.66371681415929,Dengan Pujian,5 Februari 2026,Sekolah Vokasi/D3 Akuntansi,1,none,UHN_Akuntansi,1,Akuntansi_Diploma Tiga,1,Akuntansi_Baik Sekali,1,1.0
UHN-INV-0100,UHN,Desain Komunikasi Visual,Diploma Tiga,Baik Sekali,3.4070796460177,Sangat Memuaskan,31 Januari 2026,Sekolah Vokasi/D3 Desain Komunikasi Visual,0,accreditation_swap,UHN_Desain Komunikasi Visual,1,Desain Komunikasi Visual_Diploma Tiga,1,Desain Komunikasi Visual_Baik Sekali,0,0.6666666666666666
PMKM-0854,PMKM,Analis Kesehatan,Diploma 3,Baik,,,,,1,none,PMKM_Analis Kesehatan,1,Analis Kesehatan_Diploma 3,1,Analis Kesehatan_Baik,1,1.0
UHN-INV-0450,UHN,Manajemen Informatika,Diploma Tiga,Baik Sekali,3.85714285714286,Dengan Pujian,31 Januari 2026,Sekolah Vokasi/D3 Farmasi,0,cross_institution_program,UHN_Manajemen Informatika,0,Manajemen Informatika_Diploma Tiga,0,Manajemen Informatika_Baik Sekali,0,0.0
UHN-0626,UHN,Teknik Komputer,Diploma Tiga,Baik Sekali,3.42372881355932,Sangat Memuaskan,31 Januari 2026,Sekolah Vokasi/D3 Teknik Komputer,1,none,UHN_Teknik Komputer,1,Teknik Komputer_Diploma Tiga,1,Teknik Komputer_Baik Sekali,1,1.0
UHN-0686,UHN,Teknik Informatika,Sarjana Terapan,Baik Sekali,3.46621621621622,Sangat Memuaskan,31 Januari 2026,Sekolah Vokasi/D4 Teknik Informatika,1,none,UHN_Teknik Informatika,1,Teknik Informatika_Sarjana Terapan,1,Teknik Informatika_Baik Sekali,1,1.0
UHN-0570,UHN,Teknik Komputer,Diploma Tiga,Baik Sekali,3.96610169491525,Dengan Pujian,31 Januari 2026,Sekolah Vokasi/D3 Teknik Komputer,1,none,UHN_Teknik Komputer,1,Teknik Komputer_Diploma Tiga,1,Teknik Komputer_Baik Sekali,1,1.0
PMKM-INV-0109,PMKM,Desain Komunikasi Visual,Diploma 3,Baik,,,,,0,cross_institution_program,PMKM_Desain Komunikasi Visual,0,Desain Komunikasi Visual_Diploma 3,0,Desain Komunikasi Visual_Baik,1,0.3333333333333333
UHN-0018,UHN,Keperawatan,Diploma Tiga,Baik,3.39285714285714,Sangat Memuaskan,31 Januari 2026,Sekolah Vokasi/D3 Keperawatan,1,none,UHN_Keperawatan,1,Keperawatan_Diploma Tiga,1,Keperawatan_Baik,1,1.0
UHN-0128,UHN,Desain Komunikasi Visual,Diploma Tiga,Baik,3.38938053097345,Sangat Memuaskan,31 Januari 2026,Sekolah Vokasi/D3 Desain Komunikasi Visual,1,none,UHN_Desain Komunikasi Visual,1,Desain Komunikasi Visual_Diploma Tiga,1,Desain Komunikasi Visual_Baik,1,1.0
UHN-INV-0485,UHN,Farmasi,Diploma 3,Baik Sekali,3.36607142857143,Sangat Memuaskan,31 Januari 2026,Sekolah Vokasi/D3 Farmasi,0,education_level_swap,UHN_Farmasi,1,Farmasi_Diploma 3,1,Farmasi_Baik Sekali,1,1.0
UHN-INV-0418,UHN,Farmasi,Diploma Tiga,Terakreditasi,3.34821428571429,Sangat Memuaskan,31 Januari 2026,Sekolah Vokasi/D3 Farmasi,0,accreditation_swap,UHN_Farmasi,1,Farmasi_Diploma Tiga,1,Farmasi_Terakreditasi,0,0.6666666666666666
PMKM-INV-0086,PMKM,Farmasi,Diploma 3,Terakreditasi,,,,,0,accreditation_swap,PMKM_Farmasi,1,Farmasi_Diploma 3,1,Farmasi_Terakreditasi,0,0.6666666666666666
UHN-INV-0066,UHN,Analis Kesehatan,Sarjana,Baik,3.68333333333333,Dengan Pujian,31 Januari 2026,Fakultas Sains dan Teknologi/S1 Teknik Informatika,0,cross_institution_program,UHN_Analis Kesehatan,0,Analis Kesehatan_Sarjana,0,Analis Kesehatan_Baik,1,0.3333333333333333
UHN-INV-0119,UHN,Desain Komunikasi Visual,Sarjana,Baik,3.80530973451327,Dengan Pujian,31 Januari 2026,Sekolah Vokasi/D3 Desain Komunikasi Visual,0,education_level_swap,UHN_Desain Komunikasi Visual,1,Desain Komunikasi Visual_Sarjana,0,Desain Komunikasi Visual_Baik,1,0.6666666666666666
PMKM-INV-0082,PMKM,Desain Komunikasi Visual,Diploma 3,Baik,,,,,0,cross_institution_program,PMKM_Desain Komunikasi Visual,0,Desain Komunikasi Visual_Diploma 3,0,Desain Komunikasi Visual_Baik,1,0.3333333333333333
UHN-0191,UHN,Akuntansi,Diploma Tiga,Baik Sekali,3.4070796460177,Sangat Memuaskan,5 Februari 2026,Sekolah Vokasi/D3 Akuntansi,1,none,UHN_Akuntansi,1,Akuntansi_Diploma Tiga,1,Akuntansi_Baik Sekali,1,1.0
UHN-INV-0278,UHN,Akuntansi,Sarjana Terapan,Baik Sekali,2.76106194690266,Sangat Memuaskan,5 Februari 2026,Sekolah Vokasi/D3 Akuntansi,0,education_level_swap,UHN_Akuntansi,1,Akuntansi_Sarjana Terapan,0,Akuntansi_Baik Sekali,1,0.6666666666666666
UHN-INV-0131,UHN,Desain Komunikasi Visual,Diploma 3,Baik,3.10619469026549,Sangat Memuaskan,31 Januari 2026,Sekolah Vokasi/D3 Desain Komunikasi Visual,0,education_level_swap,UHN_Desain Komunikasi Visual,1,Desain Komunikasi Visual_Diploma 3,0,Desain Komunikasi Visual_Baik,1,0.6666666666666666
PMKM-INV-0074,PMKM,Analis Kesehatan,Diploma 3,Terakreditasi,,,,,0,accreditation_swap,PMKM_Analis Kesehatan,1,Analis Kesehatan_Diploma 3,1,Analis Kesehatan_Terakreditasi,0,0.6666666666666666
UHN-INV-0568,UHN,Teknik Komputer,Diploma Tiga,Terakreditasi,3.67796610169492,Dengan Pujian,31 Januari 2026,Sekolah Vokasi/D3 Teknik Komputer,0,accreditation_swap,UHN_Teknik Komputer,1,Teknik Komputer_Diploma Tiga,1,Teknik Komputer_Terakreditasi,0,0.6666666666666666
UHN-0607,UHN,Teknik Komputer,Diploma Tiga,Baik Sekali,2.88135593220339,Sangat Memuaskan,31 Januari 2026,Sekolah Vokasi/D3 Teknik Komputer,1,none,UHN_Teknik Komputer,1,Teknik Komputer_Diploma Tiga,1,Teknik Komputer_Baik Sekali,1,1.0
UHN-0181,UHN,Akuntansi,Diploma Tiga,Baik Sekali,3.9646017699115,Dengan Pujian,5 Februari 2026,Sekolah Vokasi/D3 Akuntansi,1,none,UHN_Akuntansi,1,Akuntansi_Diploma Tiga,1,Akuntansi_Baik Sekali,1,1.0
UHN-0302,UHN,Teknik Mesin,Diploma Tiga,Baik Sekali,3.49579831932773,Sangat Memuaskan,31 Januari 2026,Sekolah Vokasi/D3 Teknik Mesin,1,none,UHN_Teknik Mesin,1,Teknik Mesin_Diploma Tiga,1,Teknik Mesin_Baik Sekali,1,1.0
UHN-0497,UHN,Akuntansi Sektor Publik,Sarjana Terapan,Baik,3.63013698630137,Dengan Pujian,31 Januari 2026,Sekolah Vokasi/D4 Akuntansi Sektor Publik,1,none,UHN_Akuntansi Sektor Publik,1,Akuntansi Sektor Publik_Sarjana Terapan,1,Akuntansi Sektor Publik_Baik,1,1.0
UHN-INV-0615,UHN,Analis Kesehatan,Diploma Tiga,Baik Sekali,3.93220338983051,Dengan Pujian,31 Januari 2026,Sekolah Vokasi/D3 Teknik Komputer,0,cross_institution_program,UHN_Analis Kesehatan,0,Analis Kesehatan_Diploma Tiga,0,Analis Kesehatan_Baik Sekali,0,0.0
UHN-INV-0656,UHN,Teknik Komputer,Sarjana,Baik Sekali,3.38983050847458,Sangat Memuaskan,31 Januari 2026,Sekolah Vokasi/D3 Teknik Komputer,0,education_level_swap,UHN_Teknik Komputer,1,Teknik Komputer_Sarjana,0,Teknik Komputer_Baik Sekali,1,0.6666666666666666
UHN-INV-0553,UHN,Teknik Komputer,Diploma Tiga,Baik,3.40677966101695,Sangat Memuaskan,31 Januari 2026,Sekolah Vokasi/D3 Teknik Komputer,0,accreditation_swap,UHN_Teknik Komputer,1,Teknik Komputer_Diploma Tiga,1,Teknik Komputer_Baik,0,0.6666666666666666
UHN-0518,UHN,Teknik Komputer,Diploma Tiga,Baik Sekali,3.6271186440678,Dengan Pujian,31 Januari 2026,Sekolah Vokasi/D3 Teknik Komputer,1,none,UHN_Teknik Komputer,1,Teknik Komputer_Diploma Tiga,1,Teknik Komputer_Baik Sekali,1,1.0
UHN-INV-0208,UHN,Akuntansi,Diploma Tiga,Baik,3.66371681415929,Dengan Pujian,5 Februari 2026,Sekolah Vokasi/D3 Akuntansi,0,accreditation_swap,UHN_Akuntansi,1,Akuntansi_Diploma Tiga,1,Akuntansi_Baik,0,0.6666666666666666
UHN-0477,UHN,Farmasi,Diploma Tiga,Baik Sekali,3.08035714285714,Sangat Memuaskan,31 Januari 2026,Sekolah Vokasi/D3 Farmasi,1,none,UHN_Farmasi,1,Farmasi_Diploma Tiga,1,Farmasi_Baik Sekali,1,1.0
UHN-0158,UHN,Akuntansi,Diploma Tiga,Baik Sekali,3.72566371681416,Dengan Pujian,5 Februari 2026,Sekolah Vokasi/D3 Akuntansi,1,none,UHN_Akuntansi,1,Akuntansi_Diploma Tiga,1,Akuntansi_Baik Sekali,1,1.0
UHN-INV-0382,UHN,Farmasi,Diploma Tiga,Terakreditasi,3.69642857142857,Dengan Pujian,31 Januari 2026,Sekolah Vokasi/D3 Farmasi,0,accreditation_swap,UHN_Farmasi,1,Farmasi_Diploma Tiga,1,Farmasi_Terakreditasi,0,0.6666666666666666
UHN-INV-0334,UHN,Teknik Mesin,Diploma Tiga,Terakreditasi,3.46218487394958,Sangat Memuaskan,31 Januari 2026,Sekolah Vokasi/D3 Teknik Mesin,0,accreditation_swap,UHN_Teknik Mesin,1,Teknik Mesin_Diploma Tiga,1,Teknik Mesin_Terakreditasi,0,0.6666666666666666
UHN-0017,UHN,Keperawatan,Diploma Tiga,Baik,3.10714285714286,Sangat Memuaskan,31 Januari 2026,Sekolah Vokasi/D3 Keperawatan,1,none,UHN_Keperawatan,1,Keperawatan_Diploma Tiga,1,Keperawatan_Baik,1,1.0
UHN-INV-0211,UHN,Akuntansi,Diploma Tiga,Terakreditasi,3.82300884955752,Dengan Pujian,5 Februari 2026,Sekolah Vokasi/D3 Akuntansi,0,accreditation_swap,UHN_Akuntansi,1,Akuntansi_Diploma Tiga,1,Akuntansi_Terakreditasi,0,0.6666666666666666
PMKM-INV-0089,PMKM,Farmasi,Diploma 3,Terakreditasi,,,,,0,accreditation_swap,PMKM_Farmasi,1,Farmasi_Diploma 3,1,Farmasi_Terakreditasi,0,0.6666666666666666
UHN-0547,UHN,Teknik Komputer,Diploma Tiga,Baik Sekali,3.61016949152542,Dengan Pujian,31 Januari 2026,Sekolah Vokasi/D3 Teknik Komputer,1,none,UHN_Teknik Komputer,1,Teknik Komputer_Diploma Tiga,1,Teknik Komputer_Baik Sekali,1,1.0
UHN-0659,UHN,Teknik Komputer,Diploma Tiga,Baik Sekali,3.72881355932203,Dengan Pujian,31 Januari 2026,Sekolah Vokasi/D3 Teknik Komputer,1,none,UHN_Teknik Komputer,1,Teknik Komputer_Diploma Tiga,1,Teknik Komputer_Baik Sekali,1,1.0
UHN-INV-0541,UHN,Teknik Komputer,Diploma Tiga,Terakreditasi,3.47457627118644,Sangat Memuaskan,31 Januari 2026,Sekolah Vokasi/D3 Teknik Komputer,0,accreditation_swap,UHN_Teknik Komputer,1,Teknik Komputer_Diploma Tiga,1,Teknik Komputer_Terakreditasi,0,0.6666666666666666
UHN-INV-0158,UHN,Akuntansi,Sarjana Terapan,Baik Sekali,3.72566371681416,Dengan Pujian,5 Februari 2026,Sekolah Vokasi/D3 Akuntansi,0,education_level_swap,UHN_Akuntansi,1,Akuntansi_Sarjana Terapan,0,Akuntansi_Baik Sekali,1,0.6666666666666666
UHN-INV-0574,UHN,Teknik Komputer,Diploma Tiga,Terakreditasi,3.84745762711864,Dengan Pujian,31 Januari 2026,Sekolah Vokasi/D3 Teknik Komputer,0,accreditation_swap,UHN_Teknik Komputer,1,Teknik Komputer_Diploma Tiga,1,Teknik Komputer_Terakreditasi,0,0.6666666666666666
UHN-INV-0098,UHN,Desain Komunikasi Visual,Diploma 3,Baik,3.45132743362832,Sangat Memuaskan,31 Januari 2026,Sekolah Vokasi/D3 Desain Komunikasi Visual,0,education_level_swap,UHN_Desain Komunikasi Visual,1,Desain Komunikasi Visual_Diploma 3,0,Desain Komunikasi Visual_Baik,1,0.6666666666666666
PMKM-INV-0011,PMKM,Farmasi,Diploma 3,Baik Sekali,,,,,0,accreditation_swap,PMKM_Farmasi,1,Farmasi_Diploma 3,1,Farmasi_Baik Sekali,1,1.0
UHN-0284,UHN,Akuntansi,Diploma Tiga,Baik Sekali,3.69026548672566,Dengan Pujian,5 Februari 2026,Sekolah Vokasi/D3 Akuntansi,1,none,UHN_Akuntansi,1,Akuntansi_Diploma Tiga,1,Akuntansi_Baik Sekali,1,1.0
PMKM-0798,PMKM,Analis Kesehatan,Diploma 3,Baik,,,,,1,none,PMKM_Analis Kesehatan,1,Analis Kesehatan_Diploma 3,1,Analis Kesehatan_Baik,1,1.0
UHN-INV-0542,UHN,Teknik Komputer,Diploma 3,Baik Sekali,3.67796610169492,Dengan Pujian,31 Januari 2026,Sekolah Vokasi/D3 Teknik Komputer,0,education_level_swap,UHN_Teknik Komputer,1,Teknik Komputer_Diploma 3,0,Teknik Komputer_Baik Sekali,1,0.6666666666666666
UHN-0226,UHN,Akuntansi,Diploma Tiga,Baik Sekali,3.47787610619469,Sangat Memuaskan,5 Februari 2026,Sekolah Vokasi/D3 Akuntansi,1,none,UHN_Akuntansi,1,Akuntansi_Diploma Tiga,1,Akuntansi_Baik Sekali,1,1.0
UHN-0027,UHN,Keperawatan,Diploma Tiga,Baik,3.57142857142857,Dengan Pujian,31 Januari 2026,Sekolah Vokasi/D3 Keperawatan,1,none,UHN_Keperawatan,1,Keperawatan_Diploma Tiga,1,Keperawatan_Baik,1,1.0
UHN-INV-0664,UHN,Teknik Komputer,Diploma Tiga,Baik,3.52542372881356,Dengan Pujian,31 Januari 2026,Sekolah Vokasi/D3 Teknik Komputer,0,accreditation_swap,UHN_Teknik Komputer,1,Teknik Komputer_Diploma Tiga,1,Teknik Komputer_Baik,0,0.6666666666666666
UHN-0438,UHN,Farmasi,Diploma Tiga,Baik Sekali,3.40178571428571,Sangat Memuaskan,31 Januari 2026,Sekolah Vokasi/D3 Farmasi,1,none,UHN_Farmasi,1,Farmasi_Diploma Tiga,1,Farmasi_Baik Sekali,1,1.0
PMKM-INV-0068,PMKM,Analis Kesehatan,Diploma 3,Baik Sekali,,,,,0,accreditation_swap,PMKM_Analis Kesehatan,1,Analis Kesehatan_Diploma 3,1,Analis Kesehatan_Baik Sekali,0,0.6666666666666666
UHN-INV-0527,UHN,Teknik Komputer,Sarjana Terapan,Baik Sekali,3.69491525423729,Dengan Pujian,31 Januari 2026,Sekolah Vokasi/D3 Teknik Komputer,0,education_level_swap,UHN_Teknik Komputer,1,Teknik Komputer_Sarjana Terapan,0,Teknik Komputer_Baik Sekali,1,0.6666666666666666
UHN-0230,UHN,Akuntansi,Diploma Tiga,Baik Sekali,3.28318584070797,Sangat Memuaskan,5 Februari 2026,Sekolah Vokasi/D3 Akuntansi,1,none,UHN_Akuntansi,1,Akuntansi_Diploma Tiga,1,Akuntansi_Baik Sekali,1,1.0
UHN-0038,UHN,Keperawatan,Diploma Tiga,Baik,3.55357142857143,Dengan Pujian,31 Januari 2026,Sekolah Vokasi/D3 Keperawatan,1,none,UHN_Keperawatan,1,Keperawatan_Diploma Tiga,1,Keperawatan_Baik,1,1.0
PMKM-0750,PMKM,Farmasi,Diploma 3,Baik,,,,,1,none,PMKM_Farmasi,1,Farmasi_Diploma 3,1,Farmasi_Baik,1,1.0
UHN-INV-0184,UHN,Akuntansi,Diploma Tiga,Terakreditasi,3.95575221238938,Dengan Pujian,5 Februari 2026,Sekolah Vokasi/D3 Akuntansi,0,accreditation_swap,UHN_Akuntansi,1,Akuntansi_Diploma Tiga,1,Akuntansi_Terakreditasi,0,0.6666666666666666
UHN-0470,UHN,Farmasi,Diploma Tiga,Baik Sekali,3.05357142857143,Sangat Memuaskan,31 Januari 2026,Sekolah Vokasi/D3 Farmasi,1,none,UHN_Farmasi,1,Farmasi_Diploma Tiga,1,Farmasi_Baik Sekali,1,1.0
UHN-INV-0600,UHN,Manajemen Informatika,Diploma Tiga,Baik Sekali,3.54237288135593,Dengan Pujian,31 Januari 2026,Sekolah Vokasi/D3 Teknik Komputer,0,cross_institution_program,UHN_Manajemen Informatika,0,Manajemen Informatika_Diploma Tiga,0,Manajemen Informatika_Baik Sekali,0,0.0
PMKM-INV-0085,PMKM,Desain Komunikasi Visual,Diploma 3,Baik,,,,,0,cross_institution_program,PMKM_Desain Komunikasi Visual,0,Desain Komunikasi Visual_Diploma 3,0,Desain Komunikasi Visual_Baik,1,0.3333333333333333
UHN-0688,UHN,Teknik Informatika,Sarjana Terapan,Baik Sekali,3.60135135135135,Dengan Pujian,31 Januari 2026,Sekolah Vokasi/D4 Teknik Informatika,1,none,UHN_Teknik Informatika,1,Teknik Informatika_Sarjana Terapan,1,Teknik Informatika_Baik Sekali,1,1.0
PMKM-INV-0079,PMKM,Desain Komunikasi Visual,Diploma 3,Baik,,,,,0,cross_institution_program,PMKM_Desain Komunikasi Visual,0,Desain Komunikasi Visual_Diploma 3,0,Desain Komunikasi Visual_Baik,1,0.3333333333333333
UHN-0640,UHN,Teknik Komputer,Diploma Tiga,Baik Sekali,3.74576271186441,Dengan Pujian,31 Januari 2026,Sekolah Vokasi/D3 Teknik Komputer,1,none,UHN_Teknik Komputer,1,Teknik Komputer_Diploma Tiga,1,Teknik Komputer_Baik Sekali,1,1.0
UHN-INV-0657,UHN,Manajemen Informatika,Diploma Tiga,Baik Sekali,3.61016949152542,Dengan Pujian,31 Januari 2026,Sekolah Vokasi/D3 Teknik Komputer,0,cross_institution_program,UHN_Manajemen Informatika,0,Manajemen Informatika_Diploma Tiga,0,Manajemen Informatika_Baik Sekali,0,0.0
UHN-INV-0357,UHN,Analis Kesehatan,Diploma Tiga,Terakreditasi,3.91525423728814,Dengan Pujian,31 Januari 2026,Sekolah Vokasi/D3 Teknik Elektronika,0,cross_institution_program,UHN_Analis Kesehatan,0,Analis Kesehatan_Diploma Tiga,0,Analis Kesehatan_Terakreditasi,0,0.0
UHN-INV-0297,UHN,Manajemen Informatika,Diploma Tiga,Baik Sekali,3.57142857142857,Dengan Pujian,31 Januari 2026,Sekolah Vokasi/D3 Teknik Mesin,0,cross_institution_program,UHN_Manajemen Informatika,0,Manajemen Informatika_Diploma Tiga,0,Manajemen Informatika_Baik Sekali,0,0.0
UHN-INV-0567,UHN,Manajemen Informatika,Diploma Tiga,Baik Sekali,3.84745762711864,Dengan Pujian,31 Januari 2026,Sekolah Vokasi/D3 Teknik Komputer,0,cross_institution_program,UHN_Manajemen Informatika,0,Manajemen Informatika_Diploma Tiga,0,Manajemen Informatika_Baik Sekali,0,0.0
UHN-INV-0439,UHN,Farmasi,Diploma Tiga,Terakreditasi,3.6875,Dengan Pujian,31 Januari 2026,Sekolah Vokasi/D3 Farmasi,0,accreditation_swap,UHN_Farmasi,1,Farmasi_Diploma Tiga,1,Farmasi_Terakreditasi,0,0.6666666666666666
UHN-INV-0706,UHN,Teknik Informatika,Sarjana Terapan,Terakreditasi,3.85135135135135,Dengan Pujian,31 Januari 2026,Sekolah Vokasi/D4 Teknik Informatika,0,accreditation_swap,UHN_Teknik Informatika,1,Teknik Informatika_Sarjana Terapan,1,Teknik Informatika_Terakreditasi,0,0.6666666666666666
PMKM-0801,PMKM,Analis Kesehatan,Diploma 3,Baik,,,,,1,none,PMKM_Analis Kesehatan,1,Analis Kesehatan_Diploma 3,1,Analis Kesehatan_Baik,1,1.0
UHN-0161,UHN,Akuntansi,Diploma Tiga,Baik Sekali,3.79646017699115,Dengan Pujian,5 Februari 2026,Sekolah Vokasi/D3 Akuntansi,1,none,UHN_Akuntansi,1,Akuntansi_Diploma Tiga,1,Akuntansi_Baik Sekali,1,1.0
UHN-INV-0095,UHN,Desain Komunikasi Visual,Sarjana Terapan,Baik,3.72566371681416,Dengan Pujian,31 Januari 2026,Sekolah Vokasi/D3 Desain Komunikasi Visual,0,education_level_swap,UHN_Desain Komunikasi Visual,1,Desain Komunikasi Visual_Sarjana Terapan,0,Desain Komunikasi Visual_Baik,1,0.6666666666666666
UHN-INV-0325,UHN,Teknik Mesin,Diploma Tiga,Terakreditasi,3.43697478991597,Sangat Memuaskan,31 Januari 2026,Sekolah Vokasi/D3 Teknik Mesin,0,accreditation_swap,UHN_Teknik Mesin,1,Teknik Mesin_Diploma Tiga,1,Teknik Mesin_Terakreditasi,0,0.6666666666666666
PMKM-0822,PMKM,Analis Kesehatan,Diploma 3,Baik,,,,,1,none,PMKM_Analis Kesehatan,1,Analis Kesehatan_Diploma 3,1,Analis Kesehatan_Baik,1,1.0
UHN-INV-0591,UHN,Analis Kesehatan,Diploma Tiga,Baik Sekali,3.32203389830509,Sangat Memuaskan,31 Januari 2026,Sekolah Vokasi/D3 Teknik Komputer,0,cross_institution_program,UHN_Analis Kesehatan,0,Analis Kesehatan_Diploma Tiga,0,Analis Kesehatan_Baik Sekali,0,0.0
UHN-INV-0016,UHN,Keperawatan,Diploma Tiga,Baik Sekali,3.8125,Dengan Pujian,31 Januari 2026,Sekolah Vokasi/D3 Keperawatan,0,accreditation_swap,UHN_Keperawatan,1,Keperawatan_Diploma Tiga,1,Keperawatan_Baik Sekali,0,0.6666666666666666
UHN-INV-0052,UHN,Sistem Informasi,Sarjana,Terakreditasi,3.67666666666667,Dengan Pujian,31 Januari 2026,Fakultas Sains dan Teknologi/S1 Sistem Informasi,0,accreditation_swap,UHN_Sistem Informasi,1,Sistem Informasi_Sarjana,1,Sistem Informasi_Terakreditasi,0,0.6666666666666666
UHN-0153,UHN,Kebidanan,Diploma Tiga,Baik Sekali,3.81512605042017,Dengan Pujian,31 Januari 2026,Sekolah Vokasi/D3 Kebidanan,1,none,UHN_Kebidanan,1,Kebidanan_Diploma Tiga,1,Kebidanan_Baik Sekali,1,1.0
PMKM-INV-0025,PMKM,Teknik Informatika,Diploma 3,Baik,,,,,0,cross_institution_program,PMKM_Teknik Informatika,0,Teknik Informatika_Diploma 3,0,Teknik Informatika_Baik,1,0.3333333333333333
UHN-0510,UHN,Teknik Komputer,Diploma Tiga,Baik Sekali,3.57627118644068,Dengan Pujian,31 Januari 2026,Sekolah Vokasi/D3 Teknik Komputer,1,none,UHN_Teknik Komputer,1,Teknik Komputer_Diploma Tiga,1,Teknik Komputer_Baik Sekali,1,1.0
UHN-INV-0274,UHN,Akuntansi,Diploma Tiga,Terakreditasi,3.55752212389381,Dengan Pujian,5 Februari 2026,Sekolah Vokasi/D3 Akuntansi,0,accreditation_swap,UHN_Akuntansi,1,Akuntansi_Diploma Tiga,1,Akuntansi_Terakreditasi,0,0.6666666666666666
UHN-INV-0389,UHN,Farmasi,Diploma 3,Baik Sekali,3.6875,Dengan Pujian,31 Januari 2026,Sekolah Vokasi/D3 Farmasi,0,education_level_swap,UHN_Farmasi,1,Farmasi_Diploma 3,1,Farmasi_Baik Sekali,1,1.0
UHN-INV-0575,UHN,Teknik Komputer,Sarjana Terapan,Baik Sekali,3.86440677966102,Dengan Pujian,31 Januari 2026,Sekolah Vokasi/D3 Teknik Komputer,0,education_level_swap,UHN_Teknik Komputer,1,Teknik Komputer_Sarjana Terapan,0,Teknik Komputer_Baik Sekali,1,0.6666666666666666
UHN-0104,UHN,Desain Komunikasi Visual,Diploma Tiga,Baik,2.91150442477876,Sangat Memuaskan,31 Januari 2026,Sekolah Vokasi/D3 Desain Komunikasi Visual,1,none,UHN_Desain Komunikasi Visual,1,Desain Komunikasi Visual_Diploma Tiga,1,Desain Komunikasi Visual_Baik,1,1.0
UHN-0587,UHN,Teknik Komputer,Diploma Tiga,Baik Sekali,3.76271186440678,Dengan Pujian,31 Januari 2026,Sekolah Vokasi/D3 Teknik Komputer,1,none,UHN_Teknik Komputer,1,Teknik Komputer_Diploma Tiga,1,Teknik Komputer_Baik Sekali,1,1.0
UHN-INV-0662,UHN,Teknik Komputer,Sarjana Terapan,Baik Sekali,3.59322033898305,Dengan Pujian,31 Januari 2026,Sekolah Vokasi/D3 Teknik Komputer,0,education_level_swap,UHN_Teknik Komputer,1,Teknik Komputer_Sarjana Terapan,0,Teknik Komputer_Baik Sekali,1,0.6666666666666666
UHN-INV-0282,UHN,Manajemen Informatika,Diploma Tiga,Baik Sekali,3.82300884955752,Dengan Pujian,5 Februari 2026,Sekolah Vokasi/D3 Akuntansi,0,cross_institution_program,UHN_Manajemen Informatika,0,Manajemen Informatika_Diploma Tiga,0,Manajemen Informatika_Baik Sekali,0,0.0
UHN-0054,UHN,Teknik Informatika,Sarjana,Baik,3.10333333333333,Sangat Memuaskan,31 Januari 2026,Fakultas Sains dan Teknologi/S1 Teknik Informatika,1,none,UHN_Teknik Informatika,1,Teknik Informatika_Sarjana,1,Teknik Informatika_Baik,1,1.0
UHN-0152,UHN,Kebidanan,Diploma Tiga,Baik Sekali,3.73949579831933,Dengan Pujian,31 Januari 2026,Sekolah Vokasi/D3 Kebidanan,1,none,UHN_Kebidanan,1,Kebidanan_Diploma Tiga,1,Kebidanan_Baik Sekali,1,1.0
UHN-0404,UHN,Farmasi,Diploma Tiga,Baik Sekali,3.40178571428571,Sangat Memuaskan,31 Januari 2026,Sekolah Vokasi/D3 Farmasi,1,none,UHN_Farmasi,1,Farmasi_Diploma Tiga,1,Farmasi_Baik Sekali,1,1.0
PMKM-INV-0063,PMKM,Manajemen Informatika,Sarjana Terapan,Baik,,,,,0,education_level_swap,PMKM_Manajemen Informatika,1,Manajemen Informatika_Sarjana Terapan,0,Manajemen Informatika_Baik,1,0.6666666666666666
UHN-0208,UHN,Akuntansi,Diploma Tiga,Baik Sekali,3.66371681415929,Dengan Pujian,5 Februari 2026,Sekolah Vokasi/D3 Akuntansi,1,none,UHN_Akuntansi,1,Akuntansi_Diploma Tiga,1,Akuntansi_Baik Sekali,1,1.0
PMKM-INV-0020,PMKM,Farmasi,Diploma 3,Terakreditasi,,,,,0,accreditation_swap,PMKM_Farmasi,1,Farmasi_Diploma 3,1,Farmasi_Terakreditasi,0,0.6666666666666666
UHN-INV-0261,UHN,Analis Kesehatan,Diploma Tiga,Baik Sekali,3.86725663716814,Dengan Pujian,5 Februari 2026,Sekolah Vokasi/D3 Akuntansi,0,cross_institution_program,UHN_Analis Kesehatan,0,Analis Kesehatan_Diploma Tiga,0,Analis Kesehatan_Baik Sekali,0,0.0
PMKM-INV-0062,PMKM,Manajemen Informatika,Diploma 3,Baik Sekali,,,,,0,accreditation_swap,PMKM_Manajemen Informatika,1,Manajemen Informatika_Diploma 3,1,Manajemen Informatika_Baik Sekali,0,0.6666666666666666
UHN-0009,UHN,Keperawatan,Diploma Tiga,Baik,3.13392857142857,Sangat Memuaskan,31 Januari 2026,Sekolah Vokasi/D3 Keperawatan,1,none,UHN_Keperawatan,1,Keperawatan_Diploma Tiga,1,Keperawatan_Baik,1,1.0
UHN-INV-0153,UHN,Analis Kesehatan,Diploma Tiga,Baik Sekali,3.81512605042017,Dengan Pujian,31 Januari 2026,Sekolah Vokasi/D3 Kebidanan,0,cross_institution_program,UHN_Analis Kesehatan,0,Analis Kesehatan_Diploma Tiga,0,Analis Kesehatan_Baik Sekali,0,0.0
UHN-INV-0684,UHN,Manajemen Informatika,Sarjana Terapan,Baik Sekali,3.62162162162162,Dengan Pujian,31 Januari 2026,Sekolah Vokasi/D4 Teknik Informatika,0,cross_institution_program,UHN_Manajemen Informatika,0,Manajemen Informatika_Sarjana Terapan,0,Manajemen Informatika_Baik Sekali,0,0.0
UHN-INV-0199,UHN,Akuntansi,Diploma Tiga,Baik,3.66371681415929,Dengan Pujian,5 Februari 2026,Sekolah Vokasi/D3 Akuntansi,0,accreditation_swap,UHN_Akuntansi,1,Akuntansi_Diploma Tiga,1,Akuntansi_Baik,0,0.6666666666666666
UHN-0453,UHN,Farmasi,Diploma Tiga,Baik Sekali,3.6875,Dengan Pujian,31 Januari 2026,Sekolah Vokasi/D3 Farmasi,1,none,UHN_Farmasi,1,Farmasi_Diploma Tiga,1,Farmasi_Baik Sekali,1,1.0
UHN-0254,UHN,Akuntansi,Diploma Tiga,Baik Sekali,3.92035398230089,Dengan Pujian,5 Februari 2026,Sekolah Vokasi/D3 Akuntansi,1,none,UHN_Akuntansi,1,Akuntansi_Diploma Tiga,1,Akuntansi_Baik Sekali,1,1.0
UHN-INV-0466,UHN,Farmasi,Diploma Tiga,Terakreditasi,2.92857142857143,Sangat Memuaskan,31 Januari 2026,Sekolah Vokasi/D3 Farmasi,0,accreditation_swap,UHN_Farmasi,1,Farmasi_Diploma Tiga,1,Farmasi_Terakreditasi,0,0.6666666666666666
UHN-INV-0035,UHN,Keperawatan,Sarjana Terapan,Baik,3.60714285714286,Dengan Pujian,31 Januari 2026,Sekolah Vokasi/D3 Keperawatan,0,education_level_swap,UHN_Keperawatan,1,Keperawatan_Sarjana Terapan,0,Keperawatan_Baik,1,0.6666666666666666
UHN-INV-0670,UHN,Teknik Informatika,Sarjana Terapan,Baik,2.94594594594595,Sangat Memuaskan,31 Januari 2026,Sekolah Vokasi/D4 Teknik Informatika,0,accreditation_swap,UHN_Teknik Informatika,1,Teknik Informatika_Sarjana Terapan,1,Teknik Informatika_Baik,1,1.0
UHN-INV-0019,UHN,Keperawatan,Diploma Tiga,Terakreditasi,3.50892857142857,Dengan Pujian,31 Januari 2026,Sekolah Vokasi/D3 Keperawatan,0,accreditation_swap,UHN_Keperawatan,1,Keperawatan_Diploma Tiga,1,Keperawatan_Terakreditasi,0,0.6666666666666666
PMKM-INV-0015,PMKM,Farmasi,Diploma Tiga,Baik,,,,,0,education_level_swap,PMKM_Farmasi,1,Farmasi_Diploma Tiga,1,Farmasi_Baik,1,1.0
UHN-0624,UHN,Teknik Komputer,Diploma Tiga,Baik Sekali,3.83050847457627,Dengan Pujian,31 Januari 2026,Sekolah Vokasi/D3 Teknik Komputer,1,none,UHN_Teknik Komputer,1,Teknik Komputer_Diploma Tiga,1,Teknik Komputer_Baik Sekali,1,1.0
UHN-0346,UHN,Teknik Elektronika,Diploma Tiga,Terakreditasi,3.70338983050847,Dengan Pujian,31 Januari 2026,Sekolah Vokasi/D3 Teknik Elektronika,1,none,UHN_Teknik Elektronika,1,Teknik Elektronika_Diploma Tiga,1,Teknik Elektronika_Terakreditasi,1,1.0
UHN-INV-0610,UHN,Teknik Komputer,Diploma Tiga,Terakreditasi,3.71186440677966,Dengan Pujian,31 Januari 2026,Sekolah Vokasi/D3 Teknik Komputer,0,accreditation_swap,UHN_Teknik Komputer,1,Teknik Komputer_Diploma Tiga,1,Teknik Komputer_Terakreditasi,0,0.6666666666666666
UHN-0263,UHN,Akuntansi,Diploma Tiga,Baik Sekali,3.66371681415929,Dengan Pujian,5 Februari 2026,Sekolah Vokasi/D3 Akuntansi,1,none,UHN_Akuntansi,1,Akuntansi_Diploma Tiga,1,Akuntansi_Baik Sekali,1,1.0
UHN-INV-0460,UHN,Farmasi,Diploma Tiga,Baik,3.82142857142857,Dengan Pujian,31 Januari 2026,Sekolah Vokasi/D3 Farmasi,0,accreditation_swap,UHN_Farmasi,1,Farmasi_Diploma Tiga,1,Farmasi_Baik,1,1.0
UHN-INV-0577,UHN,Teknik Komputer,Diploma Tiga,Baik,3.76271186440678,Dengan Pujian,31 Januari 2026,Sekolah Vokasi/D3 Teknik Komputer,0,accreditation_swap,UHN_Teknik Komputer,1,Teknik Komputer_Diploma Tiga,1,Teknik Komputer_Baik,0,0.6666666666666666
UHN-0151,UHN,Kebidanan,Diploma Tiga,Baik Sekali,3.52100840336134,Dengan Pujian,31 Januari 2026,Sekolah Vokasi/D3 Kebidanan,1,none,UHN_Kebidanan,1,Kebidanan_Diploma Tiga,1,Kebidanan_Baik Sekali,1,1.0
UHN-0473,UHN,Farmasi,Diploma Tiga,Baik Sekali,3.0625,Sangat Memuaskan,31 Januari 2026,Sekolah Vokasi/D3 Farmasi,1,none,UHN_Farmasi,1,Farmasi_Diploma Tiga,1,Farmasi_Baik Sekali,1,1.0
UHN-0641,UHN,Teknik Komputer,Diploma Tiga,Baik Sekali,3.77966101694915,Dengan Pujian,31 Januari 2026,Sekolah Vokasi/D3 Teknik Komputer,1,none,UHN_Teknik Komputer,1,Teknik Komputer_Diploma Tiga,1,Teknik Komputer_Baik Sekali,1,1.0
PMKM-INV-0100,PMKM,Sistem Informasi,Diploma 3,Baik,,,,,0,cross_institution_program,PMKM_Sistem Informasi,0,Sistem Informasi_Diploma 3,0,Sistem Informasi_Baik,1,0.3333333333333333
PMKM-INV-0012,PMKM,Farmasi,Diploma Tiga,Baik,,,,,0,education_level_swap,PMKM_Farmasi,1,Farmasi_Diploma Tiga,1,Farmasi_Baik,1,1.0
UHN-0551,UHN,Teknik Komputer,Diploma Tiga,Baik Sekali,3.25423728813559,Sangat Memuaskan,31 Januari 2026,Sekolah Vokasi/D3 Teknik Komputer,1,none,UHN_Teknik Komputer,1,Teknik Komputer_Diploma Tiga,1,Teknik Komputer_Baik Sekali,1,1.0
UHN-INV-0067,UHN,Teknik Informatika,Sarjana,Baik Sekali,3.8,Dengan Pujian,31 Januari 2026,Fakultas Sains dan Teknologi/S1 Teknik Informatika,0,accreditation_swap,UHN_Teknik Informatika,1,Teknik Informatika_Sarjana,1,Teknik Informatika_Baik Sekali,1,1.0
UHN-0489,UHN,Farmasi,Diploma Tiga,Baik Sekali,3.71428571428571,Dengan Pujian,31 Januari 2026,Sekolah Vokasi/D3 Farmasi,1,none,UHN_Farmasi,1,Farmasi_Diploma Tiga,1,Farmasi_Baik Sekali,1,1.0
UHN-INV-0698,UHN,Teknik Informatika,Diploma Tiga,Baik Sekali,3.66216216216216,Dengan Pujian,31 Januari 2026,Sekolah Vokasi/D4 Teknik Informatika,0,education_level_swap,UHN_Teknik Informatika,1,Teknik Informatika_Diploma Tiga,0,Teknik Informatika_Baik Sekali,1,0.6666666666666666
UHN-INV-0310,UHN,Teknik Mesin,Diploma Tiga,Baik,3.74789915966387,Dengan Pujian,31 Januari 2026,Sekolah Vokasi/D3 Teknik Mesin,0,accreditation_swap,UHN_Teknik Mesin,1,Teknik Mesin_Diploma Tiga,1,Teknik Mesin_Baik,0,0.6666666666666666
UHN-0147,UHN,Kebidanan,Diploma Tiga,Baik Sekali,3.83193277310924,Dengan Pujian,31 Januari 2026,Sekolah Vokasi/D3 Kebidanan,1,none,UHN_Kebidanan,1,Kebidanan_Diploma Tiga,1,Kebidanan_Baik Sekali,1,1.0
PMKM-INV-0050,PMKM,Analis Kesehatan,Diploma 3,Terakreditasi,,,,,0,accreditation_swap,PMKM_Analis Kesehatan,1,Analis Kesehatan_Diploma 3,1,Analis Kesehatan_Terakreditasi,0,0.6666666666666666
UHN-0403,UHN,Farmasi,Diploma Tiga,Baik Sekali,3.15178571428571,Sangat Memuaskan,31 Januari 2026,Sekolah Vokasi/D3 Farmasi,1,none,UHN_Farmasi,1,Farmasi_Diploma Tiga,1,Farmasi_Baik Sekali,1,1.0
UHN-INV-0093,UHN,Manajemen Informatika,Diploma Tiga,Baik,3.36283185840708,Sangat Memuaskan,31 Januari 2026,Sekolah Vokasi/D3 Desain Komunikasi Visual,0,cross_institution_program,UHN_Manajemen Informatika,0,Manajemen Informatika_Diploma Tiga,0,Manajemen Informatika_Baik,1,0.3333333333333333
PMKM-INV-0007,PMKM,Perhotelan,Diploma 3,Baik,,,,,0,cross_institution_program,PMKM_Perhotelan,0,Perhotelan_Diploma 3,0,Perhotelan_Baik,1,0.3333333333333333
UHN-0660,UHN,Teknik Komputer,Diploma Tiga,Baik Sekali,3.66101694915254,Dengan Pujian,31 Januari 2026,Sekolah Vokasi/D3 Teknik Komputer,1,none,UHN_Teknik Komputer,1,Teknik Komputer_Diploma Tiga,1,Teknik Komputer_Baik Sekali,1,1.0
UHN-INV-0511,UHN,Teknik Komputer,Diploma Tiga,Baik,3.01694915254237,Sangat Memuaskan,31 Januari 2026,Sekolah Vokasi/D3 Teknik Komputer,0,accreditation_swap,UHN_Teknik Komputer,1,Teknik Komputer_Diploma Tiga,1,Teknik Komputer_Baik,0,0.6666666666666666
UHN-0464,UHN,Farmasi,Diploma Tiga,Baik Sekali,3.25892857142857,Sangat Memuaskan,31 Januari 2026,Sekolah Vokasi/D3 Farmasi,1,none,UHN_Farmasi,1,Farmasi_Diploma Tiga,1,Farmasi_Baik Sekali,1,1.0
UHN-INV-0488,UHN,Farmasi,Sarjana Terapan,Baik Sekali,3.66071428571429,Dengan Pujian,31 Januari 2026,Sekolah Vokasi/D3 Farmasi,0,education_level_swap,UHN_Farmasi,1,Farmasi_Sarjana Terapan,0,Farmasi_Baik Sekali,1,0.6666666666666666
UHN-0187,UHN,Akuntansi,Diploma Tiga,Baik Sekali,3.88495575221239,Dengan Pujian,5 Februari 2026,Sekolah Vokasi/D3 Akuntansi,1,none,UHN_Akuntansi,1,Akuntansi_Diploma Tiga,1,Akuntansi_Baik Sekali,1,1.0
UHN-INV-0286,UHN,Akuntansi,Diploma Tiga,Baik,3.82300884955752,Dengan Pujian,5 Februari 2026,Sekolah Vokasi/D3 Akuntansi,0,accreditation_swap,UHN_Akuntansi,1,Akuntansi_Diploma Tiga,1,Akuntansi_Baik,0,0.6666666666666666
UHN-INV-0363,UHN,Manajemen Informatika,Diploma Tiga,Baik,3.575,Dengan Pujian,31 Januari 2026,Sekolah Vokasi/D3 Perhotelan,0,cross_institution_program,UHN_Manajemen Informatika,0,Manajemen Informatika_Diploma Tiga,0,Manajemen Informatika_Baik,1,0.3333333333333333
UHN-0609,UHN,Teknik Komputer,Diploma Tiga,Baik Sekali,3.33898305084746,Sangat Memuaskan,31 Januari 2026,Sekolah Vokasi/D3 Teknik Komputer,1,none,UHN_Teknik Komputer,1,Teknik Komputer_Diploma Tiga,1,Teknik Komputer_Baik Sekali,1,1.0
UHN-0144,UHN,Kebidanan,Diploma Tiga,Baik Sekali,3.76470588235294,Dengan Pujian,31 Januari 2026,Sekolah Vokasi/D3 Kebidanan,1,none,UHN_Kebidanan,1,Kebidanan_Diploma Tiga,1,Kebidanan_Baik Sekali,1,1.0
PMKM-0752,PMKM,Farmasi,Diploma 3,Baik,,,,,1,none,PMKM_Farmasi,1,Farmasi_Diploma 3,1,Farmasi_Baik,1,1.0
UHN-INV-0120,UHN,Manajemen Informatika,Diploma Tiga,Baik,3.69026548672566,Dengan Pujian,31 Januari 2026,Sekolah Vokasi/D3 Desain Komunikasi Visual,0,cross_institution_program,UHN_Manajemen Informatika,0,Manajemen Informatika_Diploma Tiga,0,Manajemen Informatika_Baik,1,0.3333333333333333
UHN-0198,UHN,Akuntansi,Diploma Tiga,Baik Sekali,3.71681415929204,Dengan Pujian,5 Februari 2026,Sekolah Vokasi/D3 Akuntansi,1,none,UHN_Akuntansi,1,Akuntansi_Diploma Tiga,1,Akuntansi_Baik Sekali,1,1.0
UHN-INV-0022,UHN,Keperawatan,Diploma Tiga,Terakreditasi,3.94642857142857,Dengan Pujian,31 Januari 2026,Sekolah Vokasi/D3 Keperawatan,0,accreditation_swap,UHN_Keperawatan,1,Keperawatan_Diploma Tiga,1,Keperawatan_Terakreditasi,0,0.6666666666666666
UHN-0280,UHN,Akuntansi,Diploma Tiga,Baik Sekali,3.75221238938053,Dengan Pujian,5 Februari 2026,Sekolah Vokasi/D3 Akuntansi,1,none,UHN_Akuntansi,1,Akuntansi_Diploma Tiga,1,Akuntansi_Baik Sekali,1,1.0
UHN-0294,UHN,Teknik Mesin,Diploma Tiga,Baik Sekali,3.82352941176471,Dengan Pujian,31 Januari 2026,Sekolah Vokasi/D3 Teknik Mesin,1,none,UHN_Teknik Mesin,1,Teknik Mesin_Diploma Tiga,1,Teknik Mesin_Baik Sekali,1,1.0
UHN-INV-0707,UHN,Teknik Informatika,Diploma Tiga,Baik Sekali,3.32432432432432,Sangat Memuaskan,31 Januari 2026,Sekolah Vokasi/D4 Teknik Informatika,0,education_level_swap,UHN_Teknik Informatika,1,Teknik Informatika_Diploma Tiga,0,Teknik Informatika_Baik Sekali,1,0.6666666666666666
UHN-0401,UHN,Farmasi,Diploma Tiga,Baik Sekali,3.10714285714286,Sangat Memuaskan,31 Januari 2026,Sekolah Vokasi/D3 Farmasi,1,none,UHN_Farmasi,1,Farmasi_Diploma Tiga,1,Farmasi_Baik Sekali,1,1.0
UHN-0123,UHN,Desain Komunikasi Visual,Diploma Tiga,Baik,3.51327433628319,Dengan Pujian,31 Januari 2026,Sekolah Vokasi/D3 Desain Komunikasi Visual,1,none,UHN_Desain Komunikasi Visual,1,Desain Komunikasi Visual_Diploma Tiga,1,Desain Komunikasi Visual_Baik,1,1.0
UHN-INV-0346,UHN,Teknik Elektronika,Diploma Tiga,Baik Sekali,3.70338983050847,Dengan Pujian,31 Januari 2026,Sekolah Vokasi/D3 Teknik Elektronika,0,accreditation_swap,UHN_Teknik Elektronika,1,Teknik Elektronika_Diploma Tiga,1,Teknik Elektronika_Baik Sekali,0,0.6666666666666666
UHN-0203,UHN,Akuntansi,Diploma Tiga,Baik Sekali,3.83185840707965,Dengan Pujian,5 Februari 2026,Sekolah Vokasi/D3 Akuntansi,1,none,UHN_Akuntansi,1,Akuntansi_Diploma Tiga,1,Akuntansi_Baik Sekali,1,1.0
UHN-INV-0601,UHN,Teknik Komputer,Diploma Tiga,Terakreditasi,3.52542372881356,Dengan Pujian,31 Januari 2026,Sekolah Vokasi/D3 Teknik Komputer,0,accreditation_swap,UHN_Teknik Komputer,1,Teknik Komputer_Diploma Tiga,1,Teknik Komputer_Terakreditasi,0,0.6666666666666666
PMKM-0836,PMKM,Farmasi,Diploma 3,Baik,,,,,1,none,PMKM_Farmasi,1,Farmasi_Diploma 3,1,Farmasi_Baik,1,1.0
UHN-0247,UHN,Akuntansi,Diploma Tiga,Baik Sekali,3.98230088495575,Dengan Pujian,5 Februari 2026,Sekolah Vokasi/D3 Akuntansi,1,none,UHN_Akuntansi,1,Akuntansi_Diploma Tiga,1,Akuntansi_Baik Sekali,1,1.0
UHN-INV-0578,UHN,Teknik Komputer,Sarjana Terapan,Baik Sekali,3.66101694915254,Dengan Pujian,31 Januari 2026,Sekolah Vokasi/D3 Teknik Komputer,0,education_level_swap,UHN_Teknik Komputer,1,Teknik Komputer_Sarjana Terapan,0,Teknik Komputer_Baik Sekali,1,0.6666666666666666
PMKM-INV-0026,PMKM,Analis Kesehatan,Diploma 3,Terakreditasi,,,,,0,accreditation_swap,PMKM_Analis Kesehatan,1,Analis Kesehatan_Diploma 3,1,Analis Kesehatan_Terakreditasi,0,0.6666666666666666
PMKM-INV-0010,PMKM,Akuntansi,Diploma 3,Baik,,,,,0,cross_institution_program,PMKM_Akuntansi,0,Akuntansi_Diploma 3,0,Akuntansi_Baik,0,0.0
UHN-INV-0292,UHN,Teknik Mesin,Diploma Tiga,Terakreditasi,3.42016806722689,Sangat Memuaskan,31 Januari 2026,Sekolah Vokasi/D3 Teknik Mesin,0,accreditation_swap,UHN_Teknik Mesin,1,Teknik Mesin_Diploma Tiga,1,Teknik Mesin_Terakreditasi,0,0.6666666666666666
UHN-INV-0565,UHN,Teknik Komputer,Diploma Tiga,Baik,3.76271186440678,Dengan Pujian,31 Januari 2026,Sekolah Vokasi/D3 Teknik Komputer,0,accreditation_swap,UHN_Teknik Komputer,1,Teknik Komputer_Diploma Tiga,1,Teknik Komputer_Baik,0,0.6666666666666666
UHN-0385,UHN,Farmasi,Diploma Tiga,Baik Sekali,3.51785714285714,Dengan Pujian,31 Januari 2026,Sekolah Vokasi/D3 Farmasi,1,none,UHN_Farmasi,1,Farmasi_Diploma Tiga,1,Farmasi_Baik Sekali,1,1.0
UHN-INV-0653,UHN,Teknik Komputer,Sarjana,Baik Sekali,3.55932203389831,Dengan Pujian,31 Januari 2026,Sekolah Vokasi/D3 Teknik Komputer,0,education_level_swap,UHN_Teknik Komputer,1,Teknik Komputer_Sarjana,0,Teknik Komputer_Baik Sekali,1,0.6666666666666666
PMKM-0855,PMKM,Analis Kesehatan,Diploma 3,Baik,,,,,1,none,PMKM_Analis Kesehatan,1,Analis Kesehatan_Diploma 3,1,Analis Kesehatan_Baik,1,1.0
UHN-0220,UHN,Akuntansi,Diploma Tiga,Baik Sekali,3.46017699115044,Sangat Memuaskan,5 Februari 2026,Sekolah Vokasi/D3 Akuntansi,1,none,UHN_Akuntansi,1,Akuntansi_Diploma Tiga,1,Akuntansi_Baik Sekali,1,1.0
UHN-0642,UHN,Teknik Komputer,Diploma Tiga,Baik Sekali,3.38983050847458,Sangat Memuaskan,31 Januari 2026,Sekolah Vokasi/D3 Teknik Komputer,1,none,UHN_Teknik Komputer,1,Teknik Komputer_Diploma Tiga,1,Teknik Komputer_Baik Sekali,1,1.0
UHN-0002,UHN,Keperawatan,Diploma Tiga,Baik,3.29464285714286,Sangat Memuaskan,31 Januari 2026,Sekolah Vokasi/D3 Keperawatan,1,none,UHN_Keperawatan,1,Keperawatan_Diploma Tiga,1,Keperawatan_Baik,1,1.0
UHN-0113,UHN,Desain Komunikasi Visual,Diploma Tiga,Baik,3.07964601769912,Sangat Memuaskan,31 Januari 2026,Sekolah Vokasi/D3 Desain Komunikasi Visual,1,none,UHN_Desain Komunikasi Visual,1,Desain Komunikasi Visual_Diploma Tiga,1,Desain Komunikasi Visual_Baik,1,1.0
UHN-0699,UHN,Teknik Informatika,Sarjana Terapan,Baik Sekali,3.85135135135135,Dengan Pujian,31 Januari 2026,Sekolah Vokasi/D4 Teknik Informatika,1,none,UHN_Teknik Informatika,1,Teknik Informatika_Sarjana Terapan,1,Teknik Informatika_Baik Sekali,1,1.0
PMKM-INV-0037,PMKM,Teknik Elektronika,Diploma 3,Baik,,,,,0,cross_institution_program,PMKM_Teknik Elektronika,0,Teknik Elektronika_Diploma 3,0,Teknik Elektronika_Baik,0,0.0
UHN-INV-0090,UHN,Analis Kesehatan,Diploma Tiga,Baik,3.84070796460177,Dengan Pujian,31 Januari 2026,Sekolah Vokasi/D3 Desain Komunikasi Visual,0,cross_institution_program,UHN_Analis Kesehatan,0,Analis Kesehatan_Diploma Tiga,0,Analis Kesehatan_Baik,1,0.3333333333333333
UHN-INV-0646,UHN,Teknik Komputer,Diploma Tiga,Baik,3.45762711864407,Sangat Memuaskan,31 Januari 2026,Sekolah Vokasi/D3 Teknik Komputer,0,accreditation_swap,UHN_Teknik Komputer,1,Teknik Komputer_Diploma Tiga,1,Teknik Komputer_Baik,0,0.6666666666666666
UHN-INV-0549,UHN,Analis Kesehatan,Diploma Tiga,Baik Sekali,3.59322033898305,Dengan Pujian,31 Januari 2026,Sekolah Vokasi/D3 Teknik Komputer,0,cross_institution_program,UHN_Analis Kesehatan,0,Analis Kesehatan_Diploma Tiga,0,Analis Kesehatan_Baik Sekali,0,0.0
UHN-INV-0548,UHN,Teknik Komputer,Sarjana Terapan,Baik Sekali,3.32203389830509,Sangat Memuaskan,31 Januari 2026,Sekolah Vokasi/D3 Teknik Komputer,0,education_level_swap,UHN_Teknik Komputer,1,Teknik Komputer_Sarjana Terapan,0,Teknik Komputer_Baik Sekali,1,0.6666666666666666
UHN-INV-0430,UHN,Farmasi,Diploma Tiga,Baik,3.50892857142857,Dengan Pujian,31 Januari 2026,Sekolah Vokasi/D3 Farmasi,0,accreditation_swap,UHN_Farmasi,1,Farmasi_Diploma Tiga,1,Farmasi_Baik,1,1.0
UHN-INV-0695,UHN,Teknik Informatika,Diploma Tiga,Baik Sekali,3.54054054054054,Dengan Pujian,31 Januari 2026,Sekolah Vokasi/D4 Teknik Informatika,0,education_level_swap,UHN_Teknik Informatika,1,Teknik Informatika_Diploma Tiga,0,Teknik Informatika_Baik Sekali,1,0.6666666666666666
UHN-0442,UHN,Farmasi,Diploma Tiga,Baik Sekali,3.375,Sangat Memuaskan,31 Januari 2026,Sekolah Vokasi/D3 Farmasi,1,none,UHN_Farmasi,1,Farmasi_Diploma Tiga,1,Farmasi_Baik Sekali,1,1.0
UHN-INV-0275,UHN,Akuntansi,Sarjana,Baik Sekali,3.45132743362832,Sangat Memuaskan,5 Februari 2026,Sekolah Vokasi/D3 Akuntansi,0,education_level_swap,UHN_Akuntansi,1,Akuntansi_Sarjana,0,Akuntansi_Baik Sekali,1,0.6666666666666666
UHN-INV-0395,UHN,Farmasi,Diploma 3,Baik Sekali,3.5,Sangat Memuaskan,31 Januari 2026,Sekolah Vokasi/D3 Farmasi,0,education_level_swap,UHN_Farmasi,1,Farmasi_Diploma 3,1,Farmasi_Baik Sekali,1,1.0
UHN-INV-0741,UHN,Analis Kesehatan,Sarjana Terapan,Baik Sekali,3.22297297297297,Sangat Memuaskan,31 Januari 2026,Sekolah Vokasi/D4 Teknik Informatika,0,cross_institution_program,UHN_Analis Kesehatan,0,Analis Kesehatan_Sarjana Terapan,0,Analis Kesehatan_Baik Sekali,0,0.0
UHN-INV-0536,UHN,Teknik Komputer,Sarjana Terapan,Baik Sekali,3.59322033898305,Dengan Pujian,31 Januari 2026,Sekolah Vokasi/D3 Teknik Komputer,0,education_level_swap,UHN_Teknik Komputer,1,Teknik Komputer_Sarjana Terapan,0,Teknik Komputer_Baik Sekali,1,0.6666666666666666
UHN-0664,UHN,Teknik Komputer,Diploma Tiga,Baik Sekali,3.52542372881356,Dengan Pujian,31 Januari 2026,Sekolah Vokasi/D3 Teknik Komputer,1,none,UHN_Teknik Komputer,1,Teknik Komputer_Diploma Tiga,1,Teknik Komputer_Baik Sekali,1,1.0
UHN-INV-0717,UHN,Analis Kesehatan,Sarjana Terapan,Baik Sekali,3.58783783783784,Dengan Pujian,31 Januari 2026,Sekolah Vokasi/D4 Teknik Informatika,0,cross_institution_program,UHN_Analis Kesehatan,0,Analis Kesehatan_Sarjana Terapan,0,Analis Kesehatan_Baik Sekali,0,0.0
UHN-INV-0396,UHN,Manajemen Informatika,Diploma Tiga,Baik Sekali,3.28571428571429,Sangat Memuaskan,31 Januari 2026,Sekolah Vokasi/D3 Farmasi,0,cross_institution_program,UHN_Manajemen Informatika,0,Manajemen Informatika_Diploma Tiga,0,Manajemen Informatika_Baik Sekali,0,0.0
PMKM-INV-0064,PMKM,Keperawatan,Diploma 3,Baik,,,,,0,cross_institution_program,PMKM_Keperawatan,0,Keperawatan_Diploma 3,0,Keperawatan_Baik,1,0.3333333333333333
UHN-0318,UHN,Teknik Mesin,Diploma Tiga,Baik Sekali,3.08403361344538,Sangat Memuaskan,31 Januari 2026,Sekolah Vokasi/D3 Teknik Mesin,1,none,UHN_Teknik Mesin,1,Teknik Mesin_Diploma Tiga,1,Teknik Mesin_Baik Sekali,1,1.0
UHN-0649,UHN,Teknik Komputer,Diploma Tiga,Baik Sekali,3.47457627118644,Sangat Memuaskan,31 Januari 2026,Sekolah Vokasi/D3 Teknik Komputer,1,none,UHN_Teknik Komputer,1,Teknik Komputer_Diploma Tiga,1,Teknik Komputer_Baik Sekali,1,1.0
UHN-INV-0573,UHN,Manajemen Informatika,Diploma Tiga,Baik Sekali,3.79661016949153,Dengan Pujian,31 Januari 2026,Sekolah Vokasi/D3 Teknik Komputer,0,cross_institution_program,UHN_Manajemen Informatika,0,Manajemen Informatika_Diploma Tiga,0,Manajemen Informatika_Baik Sekali,0,0.0
UHN-INV-0618,UHN,Manajemen Informatika,Diploma Tiga,Baik Sekali,3.71186440677966,Dengan Pujian,31 Januari 2026,Sekolah Vokasi/D3 Teknik Komputer,0,cross_institution_program,UHN_Manajemen Informatika,0,Manajemen Informatika_Diploma Tiga,0,Manajemen Informatika_Baik Sekali,0,0.0
UHN-0710,UHN,Teknik Informatika,Sarjana Terapan,Baik Sekali,2.66891891891892,Memuaskan,31 Januari 2026,Sekolah Vokasi/D4 Teknik Informatika,1,none,UHN_Teknik Informatika,1,Teknik Informatika_Sarjana Terapan,1,Teknik Informatika_Baik Sekali,1,1.0
UHN-INV-0521,UHN,Teknik Komputer,Diploma 3,Baik Sekali,3.35593220338983,Sangat Memuaskan,31 Januari 2026,Sekolah Vokasi/D3 Teknik Komputer,0,education_level_swap,UHN_Teknik Komputer,1,Teknik Komputer_Diploma 3,0,Teknik Komputer_Baik Sekali,1,0.6666666666666666
UHN-INV-0421,UHN,Farmasi,Diploma Tiga,Baik,3.66071428571429,Dengan Pujian,31 Januari 2026,Sekolah Vokasi/D3 Farmasi,0,accreditation_swap,UHN_Farmasi,1,Farmasi_Diploma Tiga,1,Farmasi_Baik,1,1.0
UHN-INV-0111,UHN,Manajemen Informatika,Diploma Tiga,Baik,2.92035398230089,Sangat Memuaskan,31 Januari 2026,Sekolah Vokasi/D3 Desain Komunikasi Visual,0,cross_institution_program,UHN_Manajemen Informatika,0,Manajemen Informatika_Diploma Tiga,0,Manajemen Informatika_Baik,1,0.3333333333333333
UHN-0628,UHN,Teknik Komputer,Diploma Tiga,Baik Sekali,3.64406779661017,Dengan Pujian,31 Januari 2026,Sekolah Vokasi/D3 Teknik Komputer,1,none,UHN_Teknik Komputer,1,Teknik Komputer_Diploma Tiga,1,Teknik Komputer_Baik Sekali,1,1.0
UHN-0633,UHN,Teknik Komputer,Diploma Tiga,Baik Sekali,3.4406779661017,Sangat Memuaskan,31 Januari 2026,Sekolah Vokasi/D3 Teknik Komputer,1,none,UHN_Teknik Komputer,1,Teknik Komputer_Diploma Tiga,1,Teknik Komputer_Baik Sekali,1,1.0
UHN-INV-0445,UHN,Farmasi,Diploma Tiga,Terakreditasi,3.60714285714286,Dengan Pujian,31 Januari 2026,Sekolah Vokasi/D3 Farmasi,0,accreditation_swap,UHN_Farmasi,1,Farmasi_Diploma Tiga,1,Farmasi_Terakreditasi,0,0.6666666666666666
UHN-INV-0539,UHN,Teknik Komputer,Sarjana Terapan,Baik Sekali,3.67796610169492,Dengan Pujian,31 Januari 2026,Sekolah Vokasi/D3 Teknik Komputer,0,education_level_swap,UHN_Teknik Komputer,1,Teknik Komputer_Sarjana Terapan,0,Teknik Komputer_Baik Sekali,1,0.6666666666666666
UHN-INV-0547,UHN,Teknik Komputer,Diploma Tiga,Terakreditasi,3.61016949152542,Dengan Pujian,31 Januari 2026,Sekolah Vokasi/D3 Teknik Komputer,0,accreditation_swap,UHN_Teknik Komputer,1,Teknik Komputer_Diploma Tiga,1,Teknik Komputer_Terakreditasi,0,0.6666666666666666
UHN-INV-0387,UHN,Manajemen Informatika,Diploma Tiga,Baik Sekali,3.82142857142857,Dengan Pujian,31 Januari 2026,Sekolah Vokasi/D3 Farmasi,0,cross_institution_program,UHN_Manajemen Informatika,0,Manajemen Informatika_Diploma Tiga,0,Manajemen Informatika_Baik Sekali,0,0.0
PMKM-INV-0072,PMKM,Analis Kesehatan,Sarjana,Baik,,,,,0,education_level_swap,PMKM_Analis Kesehatan,1,Analis Kesehatan_Sarjana,0,Analis Kesehatan_Baik,1,0.6666666666666666
UHN-INV-0393,UHN,Manajemen Informatika,Diploma Tiga,Baik Sekali,3.00892857142857,Sangat Memuaskan,31 Januari 2026,Sekolah Vokasi/D3 Farmasi,0,cross_institution_program,UHN_Manajemen Informatika,0,Manajemen Informatika_Diploma Tiga,0,Manajemen Informatika_Baik Sekali,0,0.0
UHN-INV-0635,UHN,Teknik Komputer,Diploma 3,Baik Sekali,3.28813559322034,Sangat Memuaskan,31 Januari 2026,Sekolah Vokasi/D3 Teknik Komputer,0,education_level_swap,UHN_Teknik Komputer,1,Teknik Komputer_Diploma 3,0,Teknik Komputer_Baik Sekali,1,0.6666666666666666
UHN-INV-0510,UHN,Manajemen Informatika,Diploma Tiga,Baik Sekali,3.57627118644068,Dengan Pujian,31 Januari 2026,Sekolah Vokasi/D3 Teknik Komputer,0,cross_institution_program,UHN_Manajemen Informatika,0,Manajemen Informatika_Diploma Tiga,0,Manajemen Informatika_Baik Sekali,0,0.0
UHN-INV-0668,UHN,Teknik Informatika,Diploma 3,Baik Sekali,3.5945945945946,Dengan Pujian,31 Januari 2026,Sekolah Vokasi/D4 Teknik Informatika,0,education_level_swap,UHN_Teknik Informatika,1,Teknik Informatika_Diploma 3,0,Teknik Informatika_Baik Sekali,1,0.6666666666666666
UHN-INV-0493,UHN,Farmasi,Diploma Tiga,Terakreditasi,3.14285714285714,Sangat Memuaskan,31 Januari 2026,Sekolah Vokasi/D3 Farmasi,0,accreditation_swap,UHN_Farmasi,1,Farmasi_Diploma Tiga,1,Farmasi_Terakreditasi,0,0.6666666666666666
PMKM-INV-0047,PMKM,Analis Kesehatan,Diploma 3,Terakreditasi,,,,,0,accreditation_swap,PMKM_Analis Kesehatan,1,Analis Kesehatan_Diploma 3,1,Analis Kesehatan_Terakreditasi,0,0.6666666666666666
UHN-INV-0728,UHN,Teknik Informatika,Diploma Tiga,Baik Sekali,3.38513513513514,Sangat Memuaskan,31 Januari 2026,Sekolah Vokasi/D4 Teknik Informatika,0,education_level_swap,UHN_Teknik Informatika,1,Teknik Informatika_Diploma Tiga,0,Teknik Informatika_Baik Sekali,1,0.6666666666666666
PMKM-0796,PMKM,Analis Kesehatan,Diploma 3,Baik,,,,,1,none,PMKM_Analis Kesehatan,1,Analis Kesehatan_Diploma 3,1,Analis Kesehatan_Baik,1,1.0
UHN-0646,UHN,Teknik Komputer,Diploma Tiga,Baik Sekali,3.45762711864407,Sangat Memuaskan,31 Januari 2026,Sekolah Vokasi/D3 Teknik Komputer,1,none,UHN_Teknik Komputer,1,Teknik Komputer_Diploma Tiga,1,Teknik Komputer_Baik Sekali,1,1.0
UHN-INV-0151,UHN,Kebidanan,Diploma Tiga,Baik,3.52100840336134,Dengan Pujian,31 Januari 2026,Sekolah Vokasi/D3 Kebidanan,0,accreditation_swap,UHN_Kebidanan,1,Kebidanan_Diploma Tiga,1,Kebidanan_Baik,0,0.6666666666666666
UHN-0557,UHN,Teknik Komputer,Diploma Tiga,Baik Sekali,3.52542372881356,Dengan Pujian,31 Januari 2026,Sekolah Vokasi/D3 Teknik Komputer,1,none,UHN_Teknik Komputer,1,Teknik Komputer_Diploma Tiga,1,Teknik Komputer_Baik Sekali,1,1.0
UHN-0682,UHN,Teknik Informatika,Sarjana Terapan,Baik Sekali,3.54054054054054,Dengan Pujian,31 Januari 2026,Sekolah Vokasi/D4 Teknik Informatika,1,none,UHN_Teknik Informatika,1,Teknik Informatika_Sarjana Terapan,1,Teknik Informatika_Baik Sekali,1,1.0
UHN-0578,UHN,Teknik Komputer,Diploma Tiga,Baik Sekali,3.66101694915254,Dengan Pujian,31 Januari 2026,Sekolah Vokasi/D3 Teknik Komputer,1,none,UHN_Teknik Komputer,1,Teknik Komputer_Diploma Tiga,1,Teknik Komputer_Baik Sekali,1,1.0
UHN-INV-0248,UHN,Akuntansi,Sarjana,Baik Sekali,3.83185840707965,Dengan Pujian,5 Februari 2026,Sekolah Vokasi/D3 Akuntansi,0,education_level_swap,UHN_Akuntansi,1,Akuntansi_Sarjana,0,Akuntansi_Baik Sekali,1,0.6666666666666666
UHN-INV-0405,UHN,Analis Kesehatan,Diploma Tiga,Baik Sekali,3.5,Sangat Memuaskan,31 Januari 2026,Sekolah Vokasi/D3 Farmasi,0,cross_institution_program,UHN_Analis Kesehatan,0,Analis Kesehatan_Diploma Tiga,0,Analis Kesehatan_Baik Sekali,0,0.0
UHN-INV-0322,UHN,Teknik Mesin,Diploma Tiga,Baik,3.30252100840336,Sangat Memuaskan,31 Januari 2026,Sekolah Vokasi/D3 Teknik Mesin,0,accreditation_swap,UHN_Teknik Mesin,1,Teknik Mesin_Diploma Tiga,1,Teknik Mesin_Baik,0,0.6666666666666666
UHN-0525,UHN,Teknik Komputer,Diploma Tiga,Baik Sekali,3.76271186440678,Dengan Pujian,31 Januari 2026,Sekolah Vokasi/D3 Teknik Komputer,1,none,UHN_Teknik Komputer,1,Teknik Komputer_Diploma Tiga,1,Teknik Komputer_Baik Sekali,1,1.0
UHN-INV-0198,UHN,Analis Kesehatan,Diploma Tiga,Baik Sekali,3.71681415929204,Dengan Pujian,5 Februari 2026,Sekolah Vokasi/D3 Akuntansi,0,cross_institution_program,UHN_Analis Kesehatan,0,Analis Kesehatan_Diploma Tiga,0,Analis Kesehatan_Baik Sekali,0,0.0
UHN-0541,UHN,Teknik Komputer,Diploma Tiga,Baik Sekali,3.47457627118644,Sangat Memuaskan,31 Januari 2026,Sekolah Vokasi/D3 Teknik Komputer,1,none,UHN_Teknik Komputer,1,Teknik Komputer_Diploma Tiga,1,Teknik Komputer_Baik Sekali,1,1.0
UHN-INV-0333,UHN,Manajemen Informatika,Diploma Tiga,Baik Sekali,3.53781512605042,Dengan Pujian,31 Januari 2026,Sekolah Vokasi/D3 Teknik Mesin,0,cross_institution_program,UHN_Manajemen Informatika,0,Manajemen Informatika_Diploma Tiga,0,Manajemen Informatika_Baik Sekali,0,0.0
PMKM-0749,PMKM,Farmasi,Diploma 3,Baik,,,,,1,none,PMKM_Farmasi,1,Farmasi_Diploma 3,1,Farmasi_Baik,1,1.0
UHN-INV-0731,UHN,Teknik Informatika,Diploma 3,Baik Sekali,3.88513513513514,Dengan Pujian,31 Januari 2026,Sekolah Vokasi/D4 Teknik Informatika,0,education_level_swap,UHN_Teknik Informatika,1,Teknik Informatika_Diploma 3,0,Teknik Informatika_Baik Sekali,1,0.6666666666666666
UHN-INV-0569,UHN,Teknik Komputer,Sarjana,Baik Sekali,3.91525423728814,Dengan Pujian,31 Januari 2026,Sekolah Vokasi/D3 Teknik Komputer,0,education_level_swap,UHN_Teknik Komputer,1,Teknik Komputer_Sarjana,0,Teknik Komputer_Baik Sekali,1,0.6666666666666666
UHN-0485,UHN,Farmasi,Diploma Tiga,Baik Sekali,3.36607142857143,Sangat Memuaskan,31 Januari 2026,Sekolah Vokasi/D3 Farmasi,1,none,UHN_Farmasi,1,Farmasi_Diploma Tiga,1,Farmasi_Baik Sekali,1,1.0
UHN-0096,UHN,Desain Komunikasi Visual,Diploma Tiga,Baik,3.05309734513274,Sangat Memuaskan,31 Januari 2026,Sekolah Vokasi/D3 Desain Komunikasi Visual,1,none,UHN_Desain Komunikasi Visual,1,Desain Komunikasi Visual_Diploma Tiga,1,Desain Komunikasi Visual_Baik,1,1.0
UHN-INV-0159,UHN,Manajemen Informatika,Diploma Tiga,Baik Sekali,3.5929203539823,Dengan Pujian,5 Februari 2026,Sekolah Vokasi/D3 Akuntansi,0,cross_institution_program,UHN_Manajemen Informatika,0,Manajemen Informatika_Diploma Tiga,0,Manajemen Informatika_Baik Sekali,0,0.0
UHN-0564,UHN,Teknik Komputer,Diploma Tiga,Baik Sekali,3.52542372881356,Dengan Pujian,31 Januari 2026,Sekolah Vokasi/D3 Teknik Komputer,1,none,UHN_Teknik Komputer,1,Teknik Komputer_Diploma Tiga,1,Teknik Komputer_Baik Sekali,1,1.0
UHN-INV-0403,UHN,Farmasi,Diploma Tiga,Terakreditasi,3.15178571428571,Sangat Memuaskan,31 Januari 2026,Sekolah Vokasi/D3 Farmasi,0,accreditation_swap,UHN_Farmasi,1,Farmasi_Diploma Tiga,1,Farmasi_Terakreditasi,0,0.6666666666666666
UHN-0743,UHN,Teknik Informatika,Sarjana Terapan,Baik Sekali,3.38513513513514,Sangat Memuaskan,31 Januari 2026,Sekolah Vokasi/D4 Teknik Informatika,1,none,UHN_Teknik Informatika,1,Teknik Informatika_Sarjana Terapan,1,Teknik Informatika_Baik Sekali,1,1.0
UHN-INV-0002,UHN,Keperawatan,Sarjana,Baik,3.29464285714286,Sangat Memuaskan,31 Januari 2026,Sekolah Vokasi/D3 Keperawatan,0,education_level_swap,UHN_Keperawatan,1,Keperawatan_Sarjana,0,Keperawatan_Baik,1,0.6666666666666666
UHN-INV-0623,UHN,Teknik Komputer,Diploma 3,Baik Sekali,3.8135593220339,Dengan Pujian,31 Januari 2026,Sekolah Vokasi/D3 Teknik Komputer,0,education_level_swap,UHN_Teknik Komputer,1,Teknik Komputer_Diploma 3,0,Teknik Komputer_Baik Sekali,1,0.6666666666666666
UHN-INV-0030,UHN,Manajemen Informatika,Diploma Tiga,Baik,3.92857142857143,Dengan Pujian,31 Januari 2026,Sekolah Vokasi/D3 Keperawatan,0,cross_institution_program,UHN_Manajemen Informatika,0,Manajemen Informatika_Diploma Tiga,0,Manajemen Informatika_Baik,1,0.3333333333333333
UHN-INV-0177,UHN,Analis Kesehatan,Diploma Tiga,Baik Sekali,3.89380530973451,Dengan Pujian,5 Februari 2026,Sekolah Vokasi/D3 Akuntansi,0,cross_institution_program,UHN_Analis Kesehatan,0,Analis Kesehatan_Diploma Tiga,0,Analis Kesehatan_Baik Sekali,0,0.0
UHN-0207,UHN,Akuntansi,Diploma Tiga,Baik Sekali,3.73451327433628,Dengan Pujian,5 Februari 2026,Sekolah Vokasi/D3 Akuntansi,1,none,UHN_Akuntansi,1,Akuntansi_Diploma Tiga,1,Akuntansi_Baik Sekali,1,1.0
UHN-0393,UHN,Farmasi,Diploma Tiga,Baik Sekali,3.00892857142857,Sangat Memuaskan,31 Januari 2026,Sekolah Vokasi/D3 Farmasi,1,none,UHN_Farmasi,1,Farmasi_Diploma Tiga,1,Farmasi_Baik Sekali,1,1.0
PMKM-0795,PMKM,Analis Kesehatan,Diploma 3,Baik,,,,,1,none,PMKM_Analis Kesehatan,1,Analis Kesehatan_Diploma 3,1,Analis Kesehatan_Baik,1,1.0
UHN-INV-0009,UHN,Analis Kesehatan,Diploma Tiga,Baik,3.13392857142857,Sangat Memuaskan,31 Januari 2026,Sekolah Vokasi/D3 Keperawatan,0,cross_institution_program,UHN_Analis Kesehatan,0,Analis Kesehatan_Diploma Tiga,0,Analis Kesehatan_Baik,1,0.3333333333333333
UHN-0398,UHN,Farmasi,Diploma Tiga,Baik Sekali,3.21428571428571,Sangat Memuaskan,31 Januari 2026,Sekolah Vokasi/D3 Farmasi,1,none,UHN_Farmasi,1,Farmasi_Diploma Tiga,1,Farmasi_Baik Sekali,1,1.0
PMKM-0767,PMKM,Farmasi,Diploma 3,Baik,,,,,1,none,PMKM_Farmasi,1,Farmasi_Diploma 3,1,Farmasi_Baik,1,1.0
UHN-INV-0721,UHN,Teknik Informatika,Sarjana Terapan,Terakreditasi,3.81081081081081,Dengan Pujian,31 Januari 2026,Sekolah Vokasi/D4 Teknik Informatika,0,accreditation_swap,UHN_Teknik Informatika,1,Teknik Informatika_Sarjana Terapan,1,Teknik Informatika_Terakreditasi,0,0.6666666666666666
UHN-INV-0380,UHN,Farmasi,Sarjana,Baik Sekali,3.46428571428571,Sangat Memuaskan,31 Januari 2026,Sekolah Vokasi/D3 Farmasi,0,education_level_swap,UHN_Farmasi,1,Farmasi_Sarjana,0,Farmasi_Baik Sekali,1,0.6666666666666666
UHN-INV-0167,UHN,Akuntansi,Diploma 3,Baik Sekali,3.72566371681416,Dengan Pujian,5 Februari 2026,Sekolah Vokasi/D3 Akuntansi,0,education_level_swap,UHN_Akuntansi,1,Akuntansi_Diploma 3,0,Akuntansi_Baik Sekali,1,0.6666666666666666
UHN-0643,UHN,Teknik Komputer,Diploma Tiga,Baik Sekali,3.06779661016949,Sangat Memuaskan,31 Januari 2026,Sekolah Vokasi/D3 Teknik Komputer,1,none,UHN_Teknik Komputer,1,Teknik Komputer_Diploma Tiga,1,Teknik Komputer_Baik Sekali,1,1.0
PMKM-INV-0017,PMKM,Farmasi,Diploma 3,Terakreditasi,,,,,0,accreditation_swap,PMKM_Farmasi,1,Farmasi_Diploma 3,1,Farmasi_Terakreditasi,0,0.6666666666666666
UHN-0613,UHN,Teknik Komputer,Diploma Tiga,Baik Sekali,3.67796610169492,Dengan Pujian,31 Januari 2026,Sekolah Vokasi/D3 Teknik Komputer,1,none,UHN_Teknik Komputer,1,Teknik Komputer_Diploma Tiga,1,Teknik Komputer_Baik Sekali,1,1.0
UHN-INV-0099,UHN,Manajemen Informatika,Diploma Tiga,Baik,3.09734513274336,Sangat Memuaskan,31 Januari 2026,Sekolah Vokasi/D3 Desain Komunikasi Visual,0,cross_institution_program,UHN_Manajemen Informatika,0,Manajemen Informatika_Diploma Tiga,0,Manajemen Informatika_Baik,1,0.3333333333333333
UHN-INV-0709,UHN,Teknik Informatika,Sarjana Terapan,Baik,3.58783783783784,Dengan Pujian,31 Januari 2026,Sekolah Vokasi/D4 Teknik Informatika,0,accreditation_swap,UHN_Teknik Informatika,1,Teknik Informatika_Sarjana Terapan,1,Teknik Informatika_Baik,1,1.0
UHN-0726,UHN,Teknik Informatika,Sarjana Terapan,Baik Sekali,3.60810810810811,Dengan Pujian,31 Januari 2026,Sekolah Vokasi/D4 Teknik Informatika,1,none,UHN_Teknik Informatika,1,Teknik Informatika_Sarjana Terapan,1,Teknik Informatika_Baik Sekali,1,1.0
UHN-0684,UHN,Teknik Informatika,Sarjana Terapan,Baik Sekali,3.62162162162162,Dengan Pujian,31 Januari 2026,Sekolah Vokasi/D4 Teknik Informatika,1,none,UHN_Teknik Informatika,1,Teknik Informatika_Sarjana Terapan,1,Teknik Informatika_Baik Sekali,1,1.0
UHN-0099,UHN,Desain Komunikasi Visual,Diploma Tiga,Baik,3.09734513274336,Sangat Memuaskan,31 Januari 2026,Sekolah Vokasi/D3 Desain Komunikasi Visual,1,none,UHN_Desain Komunikasi Visual,1,Desain Komunikasi Visual_Diploma Tiga,1,Desain Komunikasi Visual_Baik,1,1.0
PMKM-0805,PMKM,Manajemen Informatika,Diploma 3,Baik,,,,,1,none,PMKM_Manajemen Informatika,1,Manajemen Informatika_Diploma 3,1,Manajemen Informatika_Baik,1,1.0
UHN-0407,UHN,Farmasi,Diploma Tiga,Baik Sekali,3.08928571428571,Sangat Memuaskan,31 Januari 2026,Sekolah Vokasi/D3 Farmasi,1,none,UHN_Farmasi,1,Farmasi_Diploma Tiga,1,Farmasi_Baik Sekali,1,1.0
UHN-0503,UHN,Akuntansi Sektor Publik,Sarjana Terapan,Baik,3.63013698630137,Dengan Pujian,31 Januari 2026,Sekolah Vokasi/D4 Akuntansi Sektor Publik,1,none,UHN_Akuntansi Sektor Publik,1,Akuntansi Sektor Publik_Sarjana Terapan,1,Akuntansi Sektor Publik_Baik,1,1.0
UHN-INV-0210,UHN,Manajemen Informatika,Diploma Tiga,Baik Sekali,3.76991150442478,Dengan Pujian,5 Februari 2026,Sekolah Vokasi/D3 Akuntansi,0,cross_institution_program,UHN_Manajemen Informatika,0,Manajemen Informatika_Diploma Tiga,0,Manajemen Informatika_Baik Sekali,0,0.0
UHN-INV-0195,UHN,Manajemen Informatika,Diploma Tiga,Baik Sekali,3.70796460176991,Dengan Pujian,5 Februari 2026,Sekolah Vokasi/D3 Akuntansi,0,cross_institution_program,UHN_Manajemen Informatika,0,Manajemen Informatika_Diploma Tiga,0,Manajemen Informatika_Baik Sekali,0,0.0
UHN-INV-0068,UHN,Teknik Informatika,Diploma Tiga,Baik,3.57666666666667,Dengan Pujian,31 Januari 2026,Fakultas Sains dan Teknologi/S1 Teknik Informatika,0,education_level_swap,UHN_Teknik Informatika,1,Teknik Informatika_Diploma Tiga,0,Teknik Informatika_Baik,1,0.6666666666666666
PMKM-0780,PMKM,Analis Kesehatan,Diploma 3,Baik,,,,,1,none,PMKM_Analis Kesehatan,1,Analis Kesehatan_Diploma 3,1,Analis Kesehatan_Baik,1,1.0
UHN-0201,UHN,Akuntansi,Diploma Tiga,Baik Sekali,3.7787610619469,Dengan Pujian,5 Februari 2026,Sekolah Vokasi/D3 Akuntansi,1,none,UHN_Akuntansi,1,Akuntansi_Diploma Tiga,1,Akuntansi_Baik Sekali,1,1.0
UHN-0135,UHN,Desain Komunikasi Visual,Diploma Tiga,Baik,3.07964601769912,Sangat Memuaskan,31 Januari 2026,Sekolah Vokasi/D3 Desain Komunikasi Visual,1,none,UHN_Desain Komunikasi Visual,1,Desain Komunikasi Visual_Diploma Tiga,1,Desain Komunikasi Visual_Baik,1,1.0
UHN-INV-0190,UHN,Akuntansi,Diploma Tiga,Baik,3.51327433628319,Dengan Pujian,5 Februari 2026,Sekolah Vokasi/D3 Akuntansi,0,accreditation_swap,UHN_Akuntansi,1,Akuntansi_Diploma Tiga,1,Akuntansi_Baik,0,0.6666666666666666
UHN-0041,UHN,Keperawatan,Diploma Tiga,Baik,3.98214285714286,Dengan Pujian,31 Januari 2026,Sekolah Vokasi/D3 Keperawatan,1,none,UHN_Keperawatan,1,Keperawatan_Diploma Tiga,1,Keperawatan_Baik,1,1.0
UHN-INV-0156,UHN,Manajemen Informatika,Diploma Tiga,Baik Sekali,3.52212389380531,Dengan Pujian,5 Februari 2026,Sekolah Vokasi/D3 Akuntansi,0,cross_institution_program,UHN_Manajemen Informatika,0,Manajemen Informatika_Diploma Tiga,0,Manajemen Informatika_Baik Sekali,0,0.0
UHN-0231,UHN,Akuntansi,Diploma Tiga,Baik Sekali,3.4070796460177,Sangat Memuaskan,5 Februari 2026,Sekolah Vokasi/D3 Akuntansi,1,none,UHN_Akuntansi,1,Akuntansi_Diploma Tiga,1,Akuntansi_Baik Sekali,1,1.0
UHN-INV-0652,UHN,Teknik Komputer,Diploma Tiga,Terakreditasi,3.33898305084746,Sangat Memuaskan,31 Januari 2026,Sekolah Vokasi/D3 Teknik Komputer,0,accreditation_swap,UHN_Teknik Komputer,1,Teknik Komputer_Diploma Tiga,1,Teknik Komputer_Terakreditasi,0,0.6666666666666666
UHN-0379,UHN,Farmasi,Diploma Tiga,Baik Sekali,3.48214285714286,Sangat Memuaskan,31 Januari 2026,Sekolah Vokasi/D3 Farmasi,1,none,UHN_Farmasi,1,Farmasi_Diploma Tiga,1,Farmasi_Baik Sekali,1,1.0
UHN-0289,UHN,Akuntansi,Diploma Tiga,Baik Sekali,3.7787610619469,Dengan Pujian,5 Februari 2026,Sekolah Vokasi/D3 Akuntansi,1,none,UHN_Akuntansi,1,Akuntansi_Diploma Tiga,1,Akuntansi_Baik Sekali,1,1.0
UHN-0419,UHN,Farmasi,Diploma Tiga,Baik Sekali,3.33928571428571,Sangat Memuaskan,31 Januari 2026,Sekolah Vokasi/D3 Farmasi,1,none,UHN_Farmasi,1,Farmasi_Diploma Tiga,1,Farmasi_Baik Sekali,1,1.0
UHN-0392,UHN,Farmasi,Diploma Tiga,Baik Sekali,3.80357142857143,Dengan Pujian,31 Januari 2026,Sekolah Vokasi/D3 Farmasi,1,none,UHN_Farmasi,1,Farmasi_Diploma Tiga,1,Farmasi_Baik Sekali,1,1.0
UHN-0593,UHN,Teknik Komputer,Diploma Tiga,Baik Sekali,3.57627118644068,Dengan Pujian,31 Januari 2026,Sekolah Vokasi/D3 Teknik Komputer,1,none,UHN_Teknik Komputer,1,Teknik Komputer_Diploma Tiga,1,Teknik Komputer_Baik Sekali,1,1.0
UHN-INV-0661,UHN,Teknik Komputer,Diploma Tiga,Terakreditasi,3.45762711864407,Sangat Memuaskan,31 Januari 2026,Sekolah Vokasi/D3 Teknik Komputer,0,accreditation_swap,UHN_Teknik Komputer,1,Teknik Komputer_Diploma Tiga,1,Teknik Komputer_Terakreditasi,0,0.6666666666666666
UHN-INV-0301,UHN,Teknik Mesin,Diploma Tiga,Terakreditasi,3.58823529411765,Dengan Pujian,31 Januari 2026,Sekolah Vokasi/D3 Teknik Mesin,0,accreditation_swap,UHN_Teknik Mesin,1,Teknik Mesin_Diploma Tiga,1,Teknik Mesin_Terakreditasi,0,0.6666666666666666
UHN-INV-0225,UHN,Analis Kesehatan,Diploma Tiga,Baik Sekali,3.74336283185841,Dengan Pujian,5 Februari 2026,Sekolah Vokasi/D3 Akuntansi,0,cross_institution_program,UHN_Analis Kesehatan,0,Analis Kesehatan_Diploma Tiga,0,Analis Kesehatan_Baik Sekali,0,0.0
UHN-INV-0634,UHN,Teknik Komputer,Diploma Tiga,Terakreditasi,3.33898305084746,Sangat Memuaskan,31 Januari 2026,Sekolah Vokasi/D3 Teknik Komputer,0,accreditation_swap,UHN_Teknik Komputer,1,Teknik Komputer_Diploma Tiga,1,Teknik Komputer_Terakreditasi,0,0.6666666666666666
UHN-0648,UHN,Teknik Komputer,Diploma Tiga,Baik Sekali,3.33898305084746,Sangat Memuaskan,31 Januari 2026,Sekolah Vokasi/D3 Teknik Komputer,1,none,UHN_Teknik Komputer,1,Teknik Komputer_Diploma Tiga,1,Teknik Komputer_Baik Sekali,1,1.0
UHN-INV-0291,UHN,Analis Kesehatan,Diploma Tiga,Baik Sekali,3.21008403361345,Sangat Memuaskan,31 Januari 2026,Sekolah Vokasi/D3 Teknik Mesin,0,cross_institution_program,UHN_Analis Kesehatan,0,Analis Kesehatan_Diploma Tiga,0,Analis Kesehatan_Baik Sekali,0,0.0
UHN-INV-0506,UHN,Akuntansi Sektor Publik,Sarjana,Baik,3.55479452054795,Dengan Pujian,31 Januari 2026,Sekolah Vokasi/D4 Akuntansi Sektor Publik,0,education_level_swap,UHN_Akuntansi Sektor Publik,1,Akuntansi Sektor Publik_Sarjana,0,Akuntansi Sektor Publik_Baik,1,0.6666666666666666
UHN-0521,UHN,Teknik Komputer,Diploma Tiga,Baik Sekali,3.35593220338983,Sangat Memuaskan,31 Januari 2026,Sekolah Vokasi/D3 Teknik Komputer,1,none,UHN_Teknik Komputer,1,Teknik Komputer_Diploma Tiga,1,Teknik Komputer_Baik Sekali,1,1.0
UHN-0065,UHN,Teknik Informatika,Sarjana,Baik,3.79,Dengan Pujian,31 Januari 2026,Fakultas Sains dan Teknologi/S1 Teknik Informatika,1,none,UHN_Teknik Informatika,1,Teknik Informatika_Sarjana,1,Teknik Informatika_Baik,1,1.0
UHN-0015,UHN,Keperawatan,Diploma Tiga,Baik,3.29464285714286,Sangat Memuaskan,31 Januari 2026,Sekolah Vokasi/D3 Keperawatan,1,none,UHN_Keperawatan,1,Keperawatan_Diploma Tiga,1,Keperawatan_Baik,1,1.0
UHN-INV-0319,UHN,Teknik Mesin,Diploma Tiga,Terakreditasi,3.6218487394958,Dengan Pujian,31 Januari 2026,Sekolah Vokasi/D3 Teknik Mesin,0,accreditation_swap,UHN_Teknik Mesin,1,Teknik Mesin_Diploma Tiga,1,Teknik Mesin_Terakreditasi,0,0.6666666666666666
UHN-INV-0203,UHN,Akuntansi,Sarjana Terapan,Baik Sekali,3.83185840707965,Dengan Pujian,5 Februari 2026,Sekolah Vokasi/D3 Akuntansi,0,education_level_swap,UHN_Akuntansi,1,Akuntansi_Sarjana Terapan,0,Akuntansi_Baik Sekali,1,0.6666666666666666
UHN-0493,UHN,Farmasi,Diploma Tiga,Baik Sekali,3.14285714285714,Sangat Memuaskan,31 Januari 2026,Sekolah Vokasi/D3 Farmasi,1,none,UHN_Farmasi,1,Farmasi_Diploma Tiga,1,Farmasi_Baik Sekali,1,1.0
UHN-0380,UHN,Farmasi,Diploma Tiga,Baik Sekali,3.46428571428571,Sangat Memuaskan,31 Januari 2026,Sekolah Vokasi/D3 Farmasi,1,none,UHN_Farmasi,1,Farmasi_Diploma Tiga,1,Farmasi_Baik Sekali,1,1.0
UHN-0188,UHN,Akuntansi,Diploma Tiga,Baik Sekali,3.90265486725664,Dengan Pujian,5 Februari 2026,Sekolah Vokasi/D3 Akuntansi,1,none,UHN_Akuntansi,1,Akuntansi_Diploma Tiga,1,Akuntansi_Baik Sekali,1,1.0
PMKM-0764,PMKM,Farmasi,Diploma 3,Baik,,,,,1,none,PMKM_Farmasi,1,Farmasi_Diploma 3,1,Farmasi_Baik,1,1.0
UHN-0217,UHN,Akuntansi,Diploma Tiga,Baik Sekali,3.72566371681416,Dengan Pujian,5 Februari 2026,Sekolah Vokasi/D3 Akuntansi,1,none,UHN_Akuntansi,1,Akuntansi_Diploma Tiga,1,Akuntansi_Baik Sekali,1,1.0
PMKM-0792,PMKM,Analis Kesehatan,Diploma 3,Baik,,,,,1,none,PMKM_Analis Kesehatan,1,Analis Kesehatan_Diploma 3,1,Analis Kesehatan_Baik,1,1.0
UHN-INV-0215,UHN,Akuntansi,Sarjana,Baik Sekali,3.61946902654867,Dengan Pujian,5 Februari 2026,Sekolah Vokasi/D3 Akuntansi,0,education_level_swap,UHN_Akuntansi,1,Akuntansi_Sarjana,0,Akuntansi_Baik Sekali,1,0.6666666666666666
UHN-INV-0017,UHN,Keperawatan,Diploma 3,Baik,3.10714285714286,Sangat Memuaskan,31 Januari 2026,Sekolah Vokasi/D3 Keperawatan,0,education_level_swap,UHN_Keperawatan,1,Keperawatan_Diploma 3,0,Keperawatan_Baik,1,0.6666666666666666
UHN-0338,UHN,Teknik Elektronika,Diploma Tiga,Terakreditasi,2.79661016949153,Sangat Memuaskan,31 Januari 2026,Sekolah Vokasi/D3 Teknik Elektronika,1,none,UHN_Teknik Elektronika,1,Teknik Elektronika_Diploma Tiga,1,Teknik Elektronika_Terakreditasi,1,1.0
UHN-0720,UHN,Teknik Informatika,Sarjana Terapan,Baik Sekali,3.31756756756757,Sangat Memuaskan,31 Januari 2026,Sekolah Vokasi/D4 Teknik Informatika,1,none,UHN_Teknik Informatika,1,Teknik Informatika_Sarjana Terapan,1,Teknik Informatika_Baik Sekali,1,1.0
UHN-0296,UHN,Teknik Mesin,Diploma Tiga,Baik Sekali,3.38655462184874,Sangat Memuaskan,31 Januari 2026,Sekolah Vokasi/D3 Teknik Mesin,1,none,UHN_Teknik Mesin,1,Teknik Mesin_Diploma Tiga,1,Teknik Mesin_Baik Sekali,1,1.0
UHN-INV-0155,UHN,Akuntansi,Diploma 3,Baik Sekali,3.66371681415929,Dengan Pujian,5 Februari 2026,Sekolah Vokasi/D3 Akuntansi,0,education_level_swap,UHN_Akuntansi,1,Akuntansi_Diploma 3,0,Akuntansi_Baik Sekali,1,0.6666666666666666
UHN-INV-0414,UHN,Analis Kesehatan,Diploma Tiga,Baik Sekali,2.98214285714286,Sangat Memuaskan,31 Januari 2026,Sekolah Vokasi/D3 Farmasi,0,cross_institution_program,UHN_Analis Kesehatan,0,Analis Kesehatan_Diploma Tiga,0,Analis Kesehatan_Baik Sekali,0,0.0
UHN-INV-0624,UHN,Manajemen Informatika,Diploma Tiga,Baik Sekali,3.83050847457627,Dengan Pujian,31 Januari 2026,Sekolah Vokasi/D3 Teknik Komputer,0,cross_institution_program,UHN_Manajemen Informatika,0,Manajemen Informatika_Diploma Tiga,0,Manajemen Informatika_Baik Sekali,0,0.0
UHN-0456,UHN,Farmasi,Diploma Tiga,Baik Sekali,3.51785714285714,Dengan Pujian,31 Januari 2026,Sekolah Vokasi/D3 Farmasi,1,none,UHN_Farmasi,1,Farmasi_Diploma Tiga,1,Farmasi_Baik Sekali,1,1.0
PMKM-INV-0113,PMKM,Manajemen Informatika,Diploma 3,Baik Sekali,,,,,0,accreditation_swap,PMKM_Manajemen Informatika,1,Manajemen Informatika_Diploma 3,1,Manajemen Informatika_Baik Sekali,0,0.6666666666666666
PMKM-0816,PMKM,Analis Kesehatan,Diploma 3,Baik,,,,,1,none,PMKM_Analis Kesehatan,1,Analis Kesehatan_Diploma 3,1,Analis Kesehatan_Baik,1,1.0
UHN-0270,UHN,Akuntansi,Diploma Tiga,Baik Sekali,3.95575221238938,Dengan Pujian,5 Februari 2026,Sekolah Vokasi/D3 Akuntansi,1,none,UHN_Akuntansi,1,Akuntansi_Diploma Tiga,1,Akuntansi_Baik Sekali,1,1.0
UHN-INV-0134,UHN,Desain Komunikasi Visual,Sarjana Terapan,Baik,3.38938053097345,Sangat Memuaskan,31 Januari 2026,Sekolah Vokasi/D3 Desain Komunikasi Visual,0,education_level_swap,UHN_Desain Komunikasi Visual,1,Desain Komunikasi Visual_Sarjana Terapan,0,Desain Komunikasi Visual_Baik,1,0.6666666666666666
UHN-0202,UHN,Akuntansi,Diploma Tiga,Baik Sekali,3.41592920353982,Sangat Memuaskan,5 Februari 2026,Sekolah Vokasi/D3 Akuntansi,1,none,UHN_Akuntansi,1,Akuntansi_Diploma Tiga,1,Akuntansi_Baik Sekali,1,1.0
UHN-0162,UHN,Akuntansi,Diploma Tiga,Baik Sekali,3.8141592920354,Dengan Pujian,5 Februari 2026,Sekolah Vokasi/D3 Akuntansi,1,none,UHN_Akuntansi,1,Akuntansi_Diploma Tiga,1,Akuntansi_Baik Sekali,1,1.0
UHN-INV-0718,UHN,Teknik Informatika,Sarjana Terapan,Baik,3.08783783783784,Sangat Memuaskan,31 Januari 2026,Sekolah Vokasi/D4 Teknik Informatika,0,accreditation_swap,UHN_Teknik Informatika,1,Teknik Informatika_Sarjana Terapan,1,Teknik Informatika_Baik,1,1.0
UHN-0730,UHN,Teknik Informatika,Sarjana Terapan,Baik Sekali,3.02027027027027,Sangat Memuaskan,31 Januari 2026,Sekolah Vokasi/D4 Teknik Informatika,1,none,UHN_Teknik Informatika,1,Teknik Informatika_Sarjana Terapan,1,Teknik Informatika_Baik Sekali,1,1.0
UHN-0402,UHN,Farmasi,Diploma Tiga,Baik Sekali,3.14285714285714,Sangat Memuaskan,31 Januari 2026,Sekolah Vokasi/D3 Farmasi,1,none,UHN_Farmasi,1,Farmasi_Diploma Tiga,1,Farmasi_Baik Sekali,1,1.0
UHN-0703,UHN,Teknik Informatika,Sarjana Terapan,Baik Sekali,3.68918918918919,Dengan Pujian,31 Januari 2026,Sekolah Vokasi/D4 Teknik Informatika,1,none,UHN_Teknik Informatika,1,Teknik Informatika_Sarjana Terapan,1,Teknik Informatika_Baik Sekali,1,1.0
UHN-INV-0639,UHN,Manajemen Informatika,Diploma Tiga,Baik Sekali,3.35593220338983,Sangat Memuaskan,31 Januari 2026,Sekolah Vokasi/D3 Teknik Komputer,0,cross_institution_program,UHN_Manajemen Informatika,0,Manajemen Informatika_Diploma Tiga,0,Manajemen Informatika_Baik Sekali,0,0.0
UHN-INV-0268,UHN,Akuntansi,Diploma Tiga,Baik,3.61061946902655,Dengan Pujian,5 Februari 2026,Sekolah Vokasi/D3 Akuntansi,0,accreditation_swap,UHN_Akuntansi,1,Akuntansi_Diploma Tiga,1,Akuntansi_Baik,0,0.6666666666666666
UHN-0566,UHN,Teknik Komputer,Diploma Tiga,Baik Sekali,3.69491525423729,Dengan Pujian,31 Januari 2026,Sekolah Vokasi/D3 Teknik Komputer,1,none,UHN_Teknik Komputer,1,Teknik Komputer_Diploma Tiga,1,Teknik Komputer_Baik Sekali,1,1.0
UHN-INV-0552,UHN,Manajemen Informatika,Diploma Tiga,Baik Sekali,3.66101694915254,Dengan Pujian,31 Januari 2026,Sekolah Vokasi/D3 Teknik Komputer,0,cross_institution_program,UHN_Manajemen Informatika,0,Manajemen Informatika_Diploma Tiga,0,Manajemen Informatika_Baik Sekali,0,0.0
UHN-INV-0160,UHN,Akuntansi,Diploma Tiga,Baik,3.39823008849558,Sangat Memuaskan,5 Februari 2026,Sekolah Vokasi/D3 Akuntansi,0,accreditation_swap,UHN_Akuntansi,1,Akuntansi_Diploma Tiga,1,Akuntansi_Baik,0,0.6666666666666666
UHN-INV-0164,UHN,Akuntansi,Sarjana Terapan,Baik Sekali,3.45132743362832,Sangat Memuaskan,5 Februari 2026,Sekolah Vokasi/D3 Akuntansi,0,education_level_swap,UHN_Akuntansi,1,Akuntansi_Sarjana Terapan,0,Akuntansi_Baik Sekali,1,0.6666666666666666
UHN-INV-0550,UHN,Teknik Komputer,Diploma Tiga,Terakreditasi,3.72881355932203,Dengan Pujian,31 Januari 2026,Sekolah Vokasi/D3 Teknik Komputer,0,accreditation_swap,UHN_Teknik Komputer,1,Teknik Komputer_Diploma Tiga,1,Teknik Komputer_Terakreditasi,0,0.6666666666666666
UHN-INV-0724,UHN,Teknik Informatika,Sarjana Terapan,Baik,3.87837837837838,Dengan Pujian,31 Januari 2026,Sekolah Vokasi/D4 Teknik Informatika,0,accreditation_swap,UHN_Teknik Informatika,1,Teknik Informatika_Sarjana Terapan,1,Teknik Informatika_Baik,1,1.0
UHN-INV-0243,UHN,Manajemen Informatika,Diploma Tiga,Baik Sekali,2.75221238938053,Sangat Memuaskan,5 Februari 2026,Sekolah Vokasi/D3 Akuntansi,0,cross_institution_program,UHN_Manajemen Informatika,0,Manajemen Informatika_Diploma Tiga,0,Manajemen Informatika_Baik Sekali,0,0.0
UHN-0206,UHN,Akuntansi,Diploma Tiga,Baik Sekali,3.61061946902655,Dengan Pujian,5 Februari 2026,Sekolah Vokasi/D3 Akuntansi,1,none,UHN_Akuntansi,1,Akuntansi_Diploma Tiga,1,Akuntansi_Baik Sekali,1,1.0
UHN-0035,UHN,Keperawatan,Diploma Tiga,Baik,3.60714285714286,Dengan Pujian,31 Januari 2026,Sekolah Vokasi/D3 Keperawatan,1,none,UHN_Keperawatan,1,Keperawatan_Diploma Tiga,1,Keperawatan_Baik,1,1.0
PMKM-0776,PMKM,Analis Kesehatan,Diploma 3,Baik,,,,,1,none,PMKM_Analis Kesehatan,1,Analis Kesehatan_Diploma 3,1,Analis Kesehatan_Baik,1,1.0
UHN-0509,UHN,Teknik Komputer,Diploma Tiga,Baik Sekali,3.77966101694915,Dengan Pujian,31 Januari 2026,Sekolah Vokasi/D3 Teknik Komputer,1,none,UHN_Teknik Komputer,1,Teknik Komputer_Diploma Tiga,1,Teknik Komputer_Baik Sekali,1,1.0
UHN-INV-0590,UHN,Teknik Komputer,Diploma 3,Baik Sekali,3.67796610169492,Dengan Pujian,31 Januari 2026,Sekolah Vokasi/D3 Teknik Komputer,0,education_level_swap,UHN_Teknik Komputer,1,Teknik Komputer_Diploma 3,0,Teknik Komputer_Baik Sekali,1,0.6666666666666666
UHN-INV-0617,UHN,Teknik Komputer,Diploma 3,Baik Sekali,3.57627118644068,Dengan Pujian,31 Januari 2026,Sekolah Vokasi/D3 Teknik Komputer,0,education_level_swap,UHN_Teknik Komputer,1,Teknik Komputer_Diploma 3,0,Teknik Komputer_Baik Sekali,1,0.6666666666666666
PMKM-INV-0088,PMKM,Teknik Komputer,Diploma 3,Baik,,,,,0,cross_institution_program,PMKM_Teknik Komputer,0,Teknik Komputer_Diploma 3,0,Teknik Komputer_Baik,0,0.0
UHN-INV-0529,UHN,Teknik Komputer,Diploma Tiga,Terakreditasi,3.32203389830509,Sangat Memuaskan,31 Januari 2026,Sekolah Vokasi/D3 Teknik Komputer,0,accreditation_swap,UHN_Teknik Komputer,1,Teknik Komputer_Diploma Tiga,1,Teknik Komputer_Terakreditasi,0,0.6666666666666666
UHN-0092,UHN,Desain Komunikasi Visual,Diploma Tiga,Baik,3.35398230088496,Sangat Memuaskan,31 Januari 2026,Sekolah Vokasi/D3 Desain Komunikasi Visual,1,none,UHN_Desain Komunikasi Visual,1,Desain Komunikasi Visual_Diploma Tiga,1,Desain Komunikasi Visual_Baik,1,1.0
UHN-INV-0502,UHN,Akuntansi Sektor Publik,Sarjana Terapan,Terakreditasi,3.62328767123288,Dengan Pujian,31 Januari 2026,Sekolah Vokasi/D4 Akuntansi Sektor Publik,0,accreditation_swap,UHN_Akuntansi Sektor Publik,1,Akuntansi Sektor Publik_Sarjana Terapan,1,Akuntansi Sektor Publik_Terakreditasi,0,0.6666666666666666
UHN-INV-0036,UHN,Manajemen Informatika,Diploma Tiga,Baik,3.60714285714286,Dengan Pujian,31 Januari 2026,Sekolah Vokasi/D3 Keperawatan,0,cross_institution_program,UHN_Manajemen Informatika,0,Manajemen Informatika_Diploma Tiga,0,Manajemen Informatika_Baik,1,0.3333333333333333
UHN-0565,UHN,Teknik Komputer,Diploma Tiga,Baik Sekali,3.76271186440678,Dengan Pujian,31 Januari 2026,Sekolah Vokasi/D3 Teknik Komputer,1,none,UHN_Teknik Komputer,1,Teknik Komputer_Diploma Tiga,1,Teknik Komputer_Baik Sekali,1,1.0
UHN-INV-0508,UHN,Akuntansi Sektor Publik,Sarjana Terapan,Baik Sekali,3.6027397260274,Dengan Pujian,31 Januari 2026,Sekolah Vokasi/D4 Akuntansi Sektor Publik,0,accreditation_swap,UHN_Akuntansi Sektor Publik,1,Akuntansi Sektor Publik_Sarjana Terapan,1,Akuntansi Sektor Publik_Baik Sekali,0,0.6666666666666666
PMKM-0777,PMKM,Analis Kesehatan,Diploma 3,Baik,,,,,1,none,PMKM_Analis Kesehatan,1,Analis Kesehatan_Diploma 3,1,Analis Kesehatan_Baik,1,1.0
UHN-0242,UHN,Akuntansi,Diploma Tiga,Baik Sekali,3.72566371681416,Dengan Pujian,5 Februari 2026,Sekolah Vokasi/D3 Akuntansi,1,none,UHN_Akuntansi,1,Akuntansi_Diploma Tiga,1,Akuntansi_Baik Sekali,1,1.0
UHN-0014,UHN,Keperawatan,Diploma Tiga,Baik,3.625,Dengan Pujian,31 Januari 2026,Sekolah Vokasi/D3 Keperawatan,1,none,UHN_Keperawatan,1,Keperawatan_Diploma Tiga,1,Keperawatan_Baik,1,1.0
UHN-0316,UHN,Teknik Mesin,Diploma Tiga,Baik Sekali,3.54621848739496,Dengan Pujian,31 Januari 2026,Sekolah Vokasi/D3 Teknik Mesin,1,none,UHN_Teknik Mesin,1,Teknik Mesin_Diploma Tiga,1,Teknik Mesin_Baik Sekali,1,1.0
UHN-0601,UHN,Teknik Komputer,Diploma Tiga,Baik Sekali,3.52542372881356,Dengan Pujian,31 Januari 2026,Sekolah Vokasi/D3 Teknik Komputer,1,none,UHN_Teknik Komputer,1,Teknik Komputer_Diploma Tiga,1,Teknik Komputer_Baik Sekali,1,1.0
UHN-0388,UHN,Farmasi,Diploma Tiga,Baik Sekali,3.3125,Sangat Memuaskan,31 Januari 2026,Sekolah Vokasi/D3 Farmasi,1,none,UHN_Farmasi,1,Farmasi_Diploma Tiga,1,Farmasi_Baik Sekali,1,1.0
UHN-INV-0436,UHN,Farmasi,Diploma Tiga,Terakreditasi,3.54464285714286,Dengan Pujian,31 Januari 2026,Sekolah Vokasi/D3 Farmasi,0,accreditation_swap,UHN_Farmasi,1,Farmasi_Diploma Tiga,1,Farmasi_Terakreditasi,0,0.6666666666666666
UHN-0167,UHN,Akuntansi,Diploma Tiga,Baik Sekali,3.72566371681416,Dengan Pujian,5 Februari 2026,Sekolah Vokasi/D3 Akuntansi,1,none,UHN_Akuntansi,1,Akuntansi_Diploma Tiga,1,Akuntansi_Baik Sekali,1,1.0
PMKM-0841,PMKM,Farmasi,Diploma 3,Baik,,,,,1,none,PMKM_Farmasi,1,Farmasi_Diploma 3,1,Farmasi_Baik,1,1.0
UHN-0021,UHN,Keperawatan,Diploma Tiga,Baik,3.48214285714286,Sangat Memuaskan,31 Januari 2026,Sekolah Vokasi/D3 Keperawatan,1,none,UHN_Keperawatan,1,Keperawatan_Diploma Tiga,1,Keperawatan_Baik,1,1.0
UHN-0647,UHN,Teknik Komputer,Diploma Tiga,Baik Sekali,3.8135593220339,Dengan Pujian,31 Januari 2026,Sekolah Vokasi/D3 Teknik Komputer,1,none,UHN_Teknik Komputer,1,Teknik Komputer_Diploma Tiga,1,Teknik Komputer_Baik Sekali,1,1.0
UHN-INV-0647,UHN,Teknik Komputer,Sarjana Terapan,Baik Sekali,3.8135593220339,Dengan Pujian,31 Januari 2026,Sekolah Vokasi/D3 Teknik Komputer,0,education_level_swap,UHN_Teknik Komputer,1,Teknik Komputer_Sarjana Terapan,0,Teknik Komputer_Baik Sekali,1,0.6666666666666666
UHN-INV-0293,UHN,Teknik Mesin,Sarjana,Baik Sekali,3.29411764705882,Sangat Memuaskan,31 Januari 2026,Sekolah Vokasi/D3 Teknik Mesin,0,education_level_swap,UHN_Teknik Mesin,1,Teknik Mesin_Sarjana,0,Teknik Mesin_Baik Sekali,1,0.6666666666666666
UHN-INV-0667,UHN,Teknik Informatika,Sarjana Terapan,Baik,3.33108108108108,Sangat Memuaskan,31 Januari 2026,Sekolah Vokasi/D4 Teknik Informatika,0,accreditation_swap,UHN_Teknik Informatika,1,Teknik Informatika_Sarjana Terapan,1,Teknik Informatika_Baik,1,1.0
PMKM-0832,PMKM,Farmasi,Diploma 3,Baik,,,,,1,none,PMKM_Farmasi,1,Farmasi_Diploma 3,1,Farmasi_Baik,1,1.0
UHN-INV-0406,UHN,Farmasi,Diploma Tiga,Terakreditasi,3.20535714285714,Sangat Memuaskan,31 Januari 2026,Sekolah Vokasi/D3 Farmasi,0,accreditation_swap,UHN_Farmasi,1,Farmasi_Diploma Tiga,1,Farmasi_Terakreditasi,0,0.6666666666666666
UHN-INV-0729,UHN,Analis Kesehatan,Sarjana Terapan,Baik Sekali,3.68918918918919,Dengan Pujian,31 Januari 2026,Sekolah Vokasi/D4 Teknik Informatika,0,cross_institution_program,UHN_Analis Kesehatan,0,Analis Kesehatan_Sarjana Terapan,0,Analis Kesehatan_Baik Sekali,0,0.0
UHN-0563,UHN,Teknik Komputer,Diploma Tiga,Baik Sekali,3.6271186440678,Dengan Pujian,31 Januari 2026,Sekolah Vokasi/D3 Teknik Komputer,1,none,UHN_Teknik Komputer,1,Teknik Komputer_Diploma Tiga,1,Teknik Komputer_Baik Sekali,1,1.0
PMKM-INV-0071,PMKM,Analis Kesehatan,Diploma 3,Terakreditasi,,,,,0,accreditation_swap,PMKM_Analis Kesehatan,1,Analis Kesehatan_Diploma 3,1,Analis Kesehatan_Terakreditasi,0,0.6666666666666666
UHN-0687,UHN,Teknik Informatika,Sarjana Terapan,Baik Sekali,3.57432432432432,Dengan Pujian,31 Januari 2026,Sekolah Vokasi/D4 Teknik Informatika,1,none,UHN_Teknik Informatika,1,Teknik Informatika_Sarjana Terapan,1,Teknik Informatika_Baik Sekali,1,1.0
UHN-INV-0096,UHN,Analis Kesehatan,Diploma Tiga,Baik,3.05309734513274,Sangat Memuaskan,31 Januari 2026,Sekolah Vokasi/D3 Desain Komunikasi Visual,0,cross_institution_program,UHN_Analis Kesehatan,0,Analis Kesehatan_Diploma Tiga,0,Analis Kesehatan_Baik,1,0.3333333333333333
UHN-0190,UHN,Akuntansi,Diploma Tiga,Baik Sekali,3.51327433628319,Dengan Pujian,5 Februari 2026,Sekolah Vokasi/D3 Akuntansi,1,none,UHN_Akuntansi,1,Akuntansi_Diploma Tiga,1,Akuntansi_Baik Sekali,1,1.0
UHN-INV-0114,UHN,Analis Kesehatan,Diploma Tiga,Baik,3.01769911504425,Sangat Memuaskan,31 Januari 2026,Sekolah Vokasi/D3 Desain Komunikasi Visual,0,cross_institution_program,UHN_Analis Kesehatan,0,Analis Kesehatan_Diploma Tiga,0,Analis Kesehatan_Baik,1,0.3333333333333333
UHN-0700,UHN,Teknik Informatika,Sarjana Terapan,Baik Sekali,3.41891891891892,Sangat Memuaskan,31 Januari 2026,Sekolah Vokasi/D4 Teknik Informatika,1,none,UHN_Teknik Informatika,1,Teknik Informatika_Sarjana Terapan,1,Teknik Informatika_Baik Sekali,1,1.0
UHN-INV-0638,UHN,Teknik Komputer,Sarjana,Baik Sekali,3.84745762711864,Dengan Pujian,31 Januari 2026,Sekolah Vokasi/D3 Teknik Komputer,0,education_level_swap,UHN_Teknik Komputer,1,Teknik Komputer_Sarjana,0,Teknik Komputer_Baik Sekali,1,0.6666666666666666
UHN-0511,UHN,Teknik Komputer,Diploma Tiga,Baik Sekali,3.01694915254237,Sangat Memuaskan,31 Januari 2026,Sekolah Vokasi/D3 Teknik Komputer,1,none,UHN_Teknik Komputer,1,Teknik Komputer_Diploma Tiga,1,Teknik Komputer_Baik Sekali,1,1.0
UHN-INV-0221,UHN,Akuntansi,Sarjana Terapan,Baik Sekali,3.54867256637168,Dengan Pujian,5 Februari 2026,Sekolah Vokasi/D3 Akuntansi,0,education_level_swap,UHN_Akuntansi,1,Akuntansi_Sarjana Terapan,0,Akuntansi_Baik Sekali,1,0.6666666666666666
UHN-0475,UHN,Farmasi,Diploma Tiga,Baik Sekali,3.33035714285714,Sangat Memuaskan,31 Januari 2026,Sekolah Vokasi/D3 Farmasi,1,none,UHN_Farmasi,1,Farmasi_Diploma Tiga,1,Farmasi_Baik Sekali,1,1.0
UHN-INV-0723,UHN,Manajemen Informatika,Sarjana Terapan,Baik Sekali,3.62162162162162,Dengan Pujian,31 Januari 2026,Sekolah Vokasi/D4 Teknik Informatika,0,cross_institution_program,UHN_Manajemen Informatika,0,Manajemen Informatika_Sarjana Terapan,0,Manajemen Informatika_Baik Sekali,0,0.0
PMKM-0857,PMKM,Manajemen Informatika,Diploma 3,Baik,,,,,1,none,PMKM_Manajemen Informatika,1,Manajemen Informatika_Diploma 3,1,Manajemen Informatika_Baik,1,1.0
PMKM-0748,PMKM,Farmasi,Diploma 3,Baik,,,,,1,none,PMKM_Farmasi,1,Farmasi_Diploma 3,1,Farmasi_Baik,1,1.0
UHN-0253,UHN,Akuntansi,Diploma Tiga,Baik Sekali,3.48672566371681,Sangat Memuaskan,5 Februari 2026,Sekolah Vokasi/D3 Akuntansi,1,none,UHN_Akuntansi,1,Akuntansi_Diploma Tiga,1,Akuntansi_Baik Sekali,1,1.0
UHN-0022,UHN,Keperawatan,Diploma Tiga,Baik,3.94642857142857,Dengan Pujian,31 Januari 2026,Sekolah Vokasi/D3 Keperawatan,1,none,UHN_Keperawatan,1,Keperawatan_Diploma Tiga,1,Keperawatan_Baik,1,1.0
UHN-INV-0476,UHN,Farmasi,Sarjana,Baik Sekali,3.72321428571429,Dengan Pujian,31 Januari 2026,Sekolah Vokasi/D3 Farmasi,0,education_level_swap,UHN_Farmasi,1,Farmasi_Sarjana,0,Farmasi_Baik Sekali,1,0.6666666666666666
UHN-0460,UHN,Farmasi,Diploma Tiga,Baik Sekali,3.82142857142857,Dengan Pujian,31 Januari 2026,Sekolah Vokasi/D3 Farmasi,1,none,UHN_Farmasi,1,Farmasi_Diploma Tiga,1,Farmasi_Baik Sekali,1,1.0
UHN-INV-0323,UHN,Teknik Mesin,Diploma 3,Baik Sekali,3.46218487394958,Sangat Memuaskan,31 Januari 2026,Sekolah Vokasi/D3 Teknik Mesin,0,education_level_swap,UHN_Teknik Mesin,1,Teknik Mesin_Diploma 3,0,Teknik Mesin_Baik Sekali,1,0.6666666666666666
UHN-0277,UHN,Akuntansi,Diploma Tiga,Baik Sekali,3.45132743362832,Sangat Memuaskan,5 Februari 2026,Sekolah Vokasi/D3 Akuntansi,1,none,UHN_Akuntansi,1,Akuntansi_Diploma Tiga,1,Akuntansi_Baik Sekali,1,1.0
UHN-INV-0094,UHN,Desain Komunikasi Visual,Diploma Tiga,Terakreditasi,3.63716814159292,Dengan Pujian,31 Januari 2026,Sekolah Vokasi/D3 Desain Komunikasi Visual,0,accreditation_swap,UHN_Desain Komunikasi Visual,1,Desain Komunikasi Visual_Diploma Tiga,1,Desain Komunikasi Visual_Terakreditasi,0,0.6666666666666666
UHN-INV-0354,UHN,Manajemen Informatika,Diploma Tiga,Terakreditasi,3.77118644067797,Dengan Pujian,31 Januari 2026,Sekolah Vokasi/D3 Teknik Elektronika,0,cross_institution_program,UHN_Manajemen Informatika,0,Manajemen Informatika_Diploma Tiga,0,Manajemen Informatika_Terakreditasi,0,0.0
UHN-0386,UHN,Farmasi,Diploma Tiga,Baik Sekali,3.49107142857143,Sangat Memuaskan,31 Januari 2026,Sekolah Vokasi/D3 Farmasi,1,none,UHN_Farmasi,1,Farmasi_Diploma Tiga,1,Farmasi_Baik Sekali,1,1.0
PMKM-0806,PMKM,Manajemen Informatika,Diploma 3,Baik,,,,,1,none,PMKM_Manajemen Informatika,1,Manajemen Informatika_Diploma 3,1,Manajemen Informatika_Baik,1,1.0
UHN-INV-0576,UHN,Manajemen Informatika,Diploma Tiga,Baik Sekali,3.93220338983051,Dengan Pujian,31 Januari 2026,Sekolah Vokasi/D3 Teknik Komputer,0,cross_institution_program,UHN_Manajemen Informatika,0,Manajemen Informatika_Diploma Tiga,0,Manajemen Informatika_Baik Sekali,0,0.0
UHN-INV-0654,UHN,Manajemen Informatika,Diploma Tiga,Baik Sekali,3.38983050847458,Sangat Memuaskan,31 Januari 2026,Sekolah Vokasi/D3 Teknik Komputer,0,cross_institution_program,UHN_Manajemen Informatika,0,Manajemen Informatika_Diploma Tiga,0,Manajemen Informatika_Baik Sekali,0,0.0
UHN-0344,UHN,Teknik Elektronika,Diploma Tiga,Terakreditasi,3.8135593220339,Dengan Pujian,31 Januari 2026,Sekolah Vokasi/D3 Teknik Elektronika,1,none,UHN_Teknik Elektronika,1,Teknik Elektronika_Diploma Tiga,1,Teknik Elektronika_Terakreditasi,1,1.0
PMKM-0770,PMKM,Analis Kesehatan,Diploma 3,Baik,,,,,1,none,PMKM_Analis Kesehatan,1,Analis Kesehatan_Diploma 3,1,Analis Kesehatan_Baik,1,1.0
UHN-INV-0471,UHN,Analis Kesehatan,Diploma Tiga,Baik Sekali,3.65178571428571,Dengan Pujian,31 Januari 2026,Sekolah Vokasi/D3 Farmasi,0,cross_institution_program,UHN_Analis Kesehatan,0,Analis Kesehatan_Diploma Tiga,0,Analis Kesehatan_Baik Sekali,0,0.0
PMKM-INV-0078,PMKM,Analis Kesehatan,Sarjana,Baik,,,,,0,education_level_swap,PMKM_Analis Kesehatan,1,Analis Kesehatan_Sarjana,0,Analis Kesehatan_Baik,1,0.6666666666666666
UHN-0131,UHN,Desain Komunikasi Visual,Diploma Tiga,Baik,3.10619469026549,Sangat Memuaskan,31 Januari 2026,Sekolah Vokasi/D3 Desain Komunikasi Visual,1,none,UHN_Desain Komunikasi Visual,1,Desain Komunikasi Visual_Diploma Tiga,1,Desain Komunikasi Visual_Baik,1,1.0
PMKM-INV-0080,PMKM,Farmasi,Diploma 3,Terakreditasi,,,,,0,accreditation_swap,PMKM_Farmasi,1,Farmasi_Diploma 3,1,Farmasi_Terakreditasi,0,0.6666666666666666
UHN-INV-0010,UHN,Keperawatan,Diploma Tiga,Terakreditasi,3.54464285714286,Dengan Pujian,31 Januari 2026,Sekolah Vokasi/D3 Keperawatan,0,accreditation_swap,UHN_Keperawatan,1,Keperawatan_Diploma Tiga,1,Keperawatan_Terakreditasi,0,0.6666666666666666
UHN-INV-0262,UHN,Akuntansi,Diploma Tiga,Baik,3.68141592920354,Dengan Pujian,5 Februari 2026,Sekolah Vokasi/D3 Akuntansi,0,accreditation_swap,UHN_Akuntansi,1,Akuntansi_Diploma Tiga,1,Akuntansi_Baik,0,0.6666666666666666
UHN-INV-0535,UHN,Teknik Komputer,Diploma Tiga,Terakreditasi,3.38983050847458,Sangat Memuaskan,31 Januari 2026,Sekolah Vokasi/D3 Teknik Komputer,0,accreditation_swap,UHN_Teknik Komputer,1,Teknik Komputer_Diploma Tiga,1,Teknik Komputer_Terakreditasi,0,0.6666666666666666
UHN-0088,UHN,Teknik Informatika,Sarjana,Baik,3.20666666666667,Sangat Memuaskan,31 Januari 2026,Fakultas Sains dan Teknologi/S1 Teknik Informatika,1,none,UHN_Teknik Informatika,1,Teknik Informatika_Sarjana,1,Teknik Informatika_Baik,1,1.0
UHN-INV-0621,UHN,Analis Kesehatan,Diploma Tiga,Baik Sekali,3.59322033898305,Dengan Pujian,31 Januari 2026,Sekolah Vokasi/D3 Teknik Komputer,0,cross_institution_program,UHN_Analis Kesehatan,0,Analis Kesehatan_Diploma Tiga,0,Analis Kesehatan_Baik Sekali,0,0.0
UHN-0331,UHN,Teknik Mesin,Diploma Tiga,Baik Sekali,3.56302521008403,Dengan Pujian,31 Januari 2026,Sekolah Vokasi/D3 Teknik Mesin,1,none,UHN_Teknik Mesin,1,Teknik Mesin_Diploma Tiga,1,Teknik Mesin_Baik Sekali,1,1.0
UHN-INV-0377,UHN,Farmasi,Sarjana Terapan,Baik Sekali,3.67857142857143,Dengan Pujian,31 Januari 2026,Sekolah Vokasi/D3 Farmasi,0,education_level_swap,UHN_Farmasi,1,Farmasi_Sarjana Terapan,0,Farmasi_Baik Sekali,1,0.6666666666666666
UHN-0467,UHN,Farmasi,Diploma Tiga,Baik Sekali,3.67857142857143,Dengan Pujian,31 Januari 2026,Sekolah Vokasi/D3 Farmasi,1,none,UHN_Farmasi,1,Farmasi_Diploma Tiga,1,Farmasi_Baik Sekali,1,1.0
UHN-0122,UHN,Desain Komunikasi Visual,Diploma Tiga,Baik,3.47787610619469,Sangat Memuaskan,31 Januari 2026,Sekolah Vokasi/D3 Desain Komunikasi Visual,1,none,UHN_Desain Komunikasi Visual,1,Desain Komunikasi Visual_Diploma Tiga,1,Desain Komunikasi Visual_Baik,1,1.0
PMKM-INV-0031,PMKM,Teknik Mesin,Diploma 3,Baik,,,,,0,cross_institution_program,PMKM_Teknik Mesin,0,Teknik Mesin_Diploma 3,0,Teknik Mesin_Baik,0,0.0
UHN-INV-0183,UHN,Analis Kesehatan,Diploma Tiga,Baik Sekali,3.83185840707965,Dengan Pujian,5 Februari 2026,Sekolah Vokasi/D3 Akuntansi,0,cross_institution_program,UHN_Analis Kesehatan,0,Analis Kesehatan_Diploma Tiga,0,Analis Kesehatan_Baik Sekali,0,0.0
UHN-INV-0234,UHN,Manajemen Informatika,Diploma Tiga,Baik Sekali,3.87610619469027,Dengan Pujian,5 Februari 2026,Sekolah Vokasi/D3 Akuntansi,0,cross_institution_program,UHN_Manajemen Informatika,0,Manajemen Informatika_Diploma Tiga,0,Manajemen Informatika_Baik Sekali,0,0.0
UHN-INV-0269,UHN,Akuntansi,Diploma 3,Baik Sekali,3.7787610619469,Dengan Pujian,5 Februari 2026,Sekolah Vokasi/D3 Akuntansi,0,education_level_swap,UHN_Akuntansi,1,Akuntansi_Diploma 3,0,Akuntansi_Baik Sekali,1,0.6666666666666666
UHN-INV-0433,UHN,Farmasi,Diploma Tiga,Terakreditasi,3.5625,Dengan Pujian,31 Januari 2026,Sekolah Vokasi/D3 Farmasi,0,accreditation_swap,UHN_Farmasi,1,Farmasi_Diploma Tiga,1,Farmasi_Terakreditasi,0,0.6666666666666666
PMKM-0861,PMKM,Manajemen Informatika,Diploma 3,Baik,,,,,1,none,PMKM_Manajemen Informatika,1,Manajemen Informatika_Diploma 3,1,Manajemen Informatika_Baik,1,1.0
UHN-INV-0598,UHN,Teknik Komputer,Diploma Tiga,Terakreditasi,3.47457627118644,Sangat Memuaskan,31 Januari 2026,Sekolah Vokasi/D3 Teknik Komputer,0,accreditation_swap,UHN_Teknik Komputer,1,Teknik Komputer_Diploma Tiga,1,Teknik Komputer_Terakreditasi,0,0.6666666666666666
UHN-INV-0265,UHN,Akuntansi,Diploma Tiga,Baik,3.91150442477876,Dengan Pujian,5 Februari 2026,Sekolah Vokasi/D3 Akuntansi,0,accreditation_swap,UHN_Akuntansi,1,Akuntansi_Diploma Tiga,1,Akuntansi_Baik,0,0.6666666666666666
